response_time_ms,response_size_kb
241.25904199900106,3.833984375
229.0190389903728,3.833984375
228.31718300585635,3.833984375
222.1682280069217,3.833984375
238.26958300196566,3.833984375
226.4147639798466,3.833984375
228.8609330134932,3.833984375
229.9447059922386,3.833984375
237.27456701453775,3.833984375
276.92230700631626,3.833984375
240.18077898654155,3.833984375
235.77219899743795,3.833984375
235.9984130016528,3.833984375
232.18467802507803,3.833984375
232.7919070085045,3.833984375
230.88533102418296,3.833984375
229.30253099184483,3.833984375
227.63351100729778,3.833984375
241.8229100003373,3.833984375
224.3026010110043,3.833984375
228.16685098223388,3.833984375
232.15666599571705,3.833984375
232.11346499738283,3.833984375
230.06217597867362,3.833984375
235.35272100707516,3.833984375
232.05702798441052,3.833984375
229.87449399079196,3.833984375
226.93616201286204,3.833984375
225.88541099685244,3.833984375
224.27725401939824,3.833984375
234.92992800311185,3.833984375
227.3062759777531,3.833984375
224.21776299597695,3.833984375
224.07455398933962,3.833984375
224.93173202383332,3.833984375
227.4784499895759,3.833984375
229.8011270177085,3.833984375
229.51104200910777,3.833984375
230.2932600141503,3.833984375
228.02116701495834,3.833984375
225.8663959801197,3.833984375
230.49317501136102,3.833984375
228.97108001052402,3.833984375
222.02481800923124,3.833984375
223.2240779849235,3.833984375
219.7166580008343,3.833984375
217.37200001371093,3.833984375
216.6502159961965,3.833984375
226.2362490000669,3.833984375
228.06975900311954,3.833984375
227.183667011559,3.833984375
223.89857299276628,3.833984375
222.7090020023752,3.833984375
225.93217898975126,3.833984375
222.69939401303418,3.833984375
221.0924300015904,3.833984375
221.37518000090495,3.833984375
220.91184102464467,3.833984375
221.61536998464726,3.833984375
221.50683699874207,3.833984375
218.64417599863373,3.833984375
217.99699202529155,3.833984375
222.41572200437076,3.833984375
221.78076099953614,3.833984375
221.8701580131892,3.833984375
221.61083202809095,3.833984375
222.90192398941144,3.833984375
221.68656400754116,3.833984375
220.57916698395275,3.833984375
222.94186902581714,3.833984375
221.09831002308056,3.833984375
220.43954499531537,3.833984375
219.94073898531497,3.833984375
218.49930498865433,3.833984375
219.38794199377298,3.833984375
218.67965298588388,3.833984375
219.65832900605164,3.833984375
219.85142101766542,3.833984375
219.27889698417857,3.833984375
217.05438397475518,3.833984375
220.79135497915559,3.833984375
221.57923300983384,3.833984375
222.09690400632098,3.833984375
220.0905799982138,3.833984375
219.97172699775547,3.833984375
221.74964201985858,3.833984375
217.15110598597676,3.833984375
216.67411099770106,3.833984375
221.65821999078616,3.833984375
233.8088560209144,3.833984375
222.79040500870906,3.833984375
219.09372898517177,3.833984375
218.9790440024808,3.833984375
224.903850001283,3.833984375
219.9660869955551,3.833984375
216.98082599323243,3.833984375
218.9634759852197,3.833984375
219.25639500841498,3.833984375
221.8273380130995,3.833984375
220.96056200098246,3.833984375
216.96738101309165,3.833984375
217.83020999282598,3.833984375
215.43583797756582,3.833984375
215.22494198870845,3.833984375
215.76116801588796,3.833984375
215.86955201928504,3.833984375
216.57961400342174,3.833984375
219.47630800423212,3.833984375
219.4829999934882,3.833984375
221.9128279830329,3.833984375
218.92107601161115,3.833984375
216.5369630092755,3.833984375
215.81436801352538,3.833984375
214.53954599564895,3.833984375
216.17395200883038,3.833984375
216.90905099967495,3.833984375
214.40031501697376,3.833984375
215.4536810121499,3.833984375
214.98214700841345,3.833984375
217.61922299629077,3.833984375
220.7042410154827,3.833984375
216.76763601135463,3.833984375
220.90583899989724,3.833984375
218.2288769981824,3.833984375
216.6597739851568,3.833984375
221.48922298219986,3.833984375
220.0582490186207,3.833984375
219.57838902017102,3.833984375
219.74179599783383,3.833984375
218.05389897781424,3.833984375
215.66045901272446,3.833984375
215.31874799984507,3.833984375
218.18217998952605,3.833984375
220.6100249895826,3.833984375
215.08497899048962,3.833984375
216.48918400751427,3.833984375
218.2520300266333,3.833984375
218.01926399348304,3.833984375
214.05761200003326,3.833984375
215.87268699659035,3.833984375
218.3123639842961,3.833984375
213.68523401906714,3.833984375
213.22597097605467,3.833984375
212.01514001586474,3.833984375
215.77402201364748,3.833984375
212.28932499070652,3.833984375
214.68424799968489,3.833984375
217.1010909951292,3.833984375
214.14028698927723,3.833984375
214.25204700790346,3.833984375
214.64617698802613,3.833984375
215.28684798977338,3.833984375
218.44654600135982,3.833984375
217.63166700839065,3.833984375
222.27370497421362,3.833984375
214.41982200485654,3.833984375
215.81757298554294,3.833984375
214.20745400246233,3.833984375
214.24606602522545,3.833984375
213.71959798852913,3.833984375
213.51341099943966,3.833984375
214.7766210255213,3.833984375
214.6588489995338,3.833984375
214.3338200112339,3.833984375
216.10561400302686,3.833984375
214.91095301462337,3.833984375
214.76406799047254,3.833984375
216.25878199120052,3.833984375
214.9499059887603,3.833984375
214.293684985023,3.833984375
214.39258998725563,3.833984375
214.99579199007712,3.833984375
213.31238400307484,3.833984375
214.65338999405503,3.833984375
213.25853298185393,3.833984375
212.97192602651194,3.833984375
215.70942999096587,3.833984375
216.08147901133634,3.833984375
219.20556999975815,3.833984375
215.53080598823726,3.833984375
214.8484350182116,3.833984375
213.90164000331424,3.833984375
215.2144919964485,3.833984375
215.4954689904116,3.833984375
216.17723800591193,3.833984375
214.04180300305597,3.833984375
212.86181901814416,3.833984375
213.22495001368225,3.833984375
220.30943000572734,3.833984375
213.3390649978537,3.833984375
215.6819399970118,3.833984375
215.3950909851119,3.833984375
216.60313798929565,3.833984375
217.47651501209475,3.833984375
220.35531597794034,3.833984375
218.07545897900127,3.833984375
216.07329399557784,3.833984375
212.95338100753725,3.833984375
212.67127100145444,3.833984375
213.60444198944606,3.833984375
214.58633401198313,3.833984375
216.80305298650637,3.833984375
213.2821780105587,3.833984375
215.24010100984015,3.833984375
215.10782302357256,3.833984375
214.81177699752152,3.833984375
216.54347598087043,3.833984375
212.78493400313891,3.833984375
221.64282097946852,3.833984375
213.11739800148644,3.833984375
216.7404850188177,3.833984375
213.49829298560508,3.833984375
215.21244899486192,3.833984375
213.71683300822042,3.833984375
214.0281070023775,3.833984375
218.10696899774484,3.833984375
216.43805800704286,3.833984375
214.76564000477083,3.833984375
213.7031169841066,3.833984375
212.84714099601842,3.833984375
214.91104300366715,3.833984375
215.03999500419013,3.833984375
217.94930199394003,3.833984375
217.4455779895652,3.833984375
213.21112400619313,3.833984375
212.41008100332692,3.833984375
213.77166599268094,3.833984375
214.6016629994847,3.833984375
216.73102700151503,3.833984375
218.8528069818858,3.833984375
216.2184249900747,3.833984375
217.1653020195663,3.833984375
214.49057399877347,3.833984375
216.68083299300633,3.833984375
216.44048200687394,3.833984375
214.16963200317696,3.833984375
214.70313300960697,3.833984375
212.8736909944564,3.833984375
213.6294289957732,3.833984375
213.35538499988616,3.833984375
213.58325201435946,3.833984375
213.21574301691726,3.833984375
215.61340999323875,3.833984375
215.17207298893481,3.833984375
216.47799198399298,3.833984375
212.47747802408412,3.833984375
214.41818799939938,3.833984375
224.51895699487068,3.833984375
217.45334297884256,3.833984375
215.21230798680335,3.833984375
214.83572199940681,3.833984375
213.97271199384704,3.833984375
214.86885400372557,3.833984375
214.68082099454477,3.833984375
218.92593501252122,3.833984375
217.85003601689823,3.833984375
216.88966499641538,3.833984375
214.38980498351157,3.833984375
217.28626900585368,3.833984375
218.69030300877057,3.833984375
216.7362770123873,3.833984375
219.84461799729615,3.833984375
217.38854100112803,3.833984375
215.98179198917933,3.833984375
215.96213500015438,3.833984375
214.48710799450055,3.833984375
217.2638770134654,3.833984375
219.58361798897386,3.833984375
218.04397998494096,3.833984375
223.43824998824857,3.833984375
215.42618901003152,3.833984375
215.47515099518932,3.833984375
212.73752598790452,3.833984375
214.01334900292568,3.833984375
213.01111800130457,3.833984375
213.04192699608393,3.833984375
211.66036499198526,3.833984375
210.36569599527866,3.833984375
213.7150299968198,3.833984375
215.38420001161285,3.833984375
216.05965800699778,3.833984375
215.8258089912124,3.833984375
214.5739709958434,3.833984375
217.92404499137774,3.833984375
214.51557098771445,3.833984375
215.2985299762804,3.833984375
214.111162989866,3.833984375
214.80472400435247,3.833984375
211.86453799600713,3.833984375
210.672612010967,3.833984375
211.81394302402623,3.833984375
210.22414098843,3.833984375
211.3736369938124,3.833984375
212.13578700553626,3.833984375
214.43066198844463,3.833984375
213.29994100960903,3.833984375
219.20839499216527,3.833984375
221.24171000905335,3.833984375
222.332044999348,3.833984375
214.8191610176582,3.833984375
212.67094102222472,3.833984375
210.29543402255513,3.833984375
209.52761400258169,3.833984375
209.12363601382822,3.833984375
208.67827101028524,3.833984375
209.05999699607491,3.833984375
213.13648400246166,3.833984375
210.90293399174698,3.833984375
212.76652000960894,3.833984375
215.12055600760505,3.833984375
213.1378769990988,3.833984375
212.85515601630323,3.833984375
212.85826197708957,3.833984375
212.21532599884085,3.833984375
214.54256199649535,3.833984375
213.19121698616073,3.833984375
213.83021501242183,3.833984375
211.30144101334736,3.833984375
210.5811900109984,3.833984375
209.39705899218097,3.833984375
209.40776899806224,3.833984375
210.4309380229097,3.833984375
210.15286701731384,3.833984375
212.62125798966736,3.833984375
213.59185801702552,3.833984375
213.08980701724067,3.833984375
212.60581898968667,3.833984375
213.12929000123404,3.833984375
213.28019301290624,3.833984375
213.37797699379735,3.833984375
212.57687400793657,3.833984375
213.19296999718063,3.833984375
212.5261490000412,3.833984375
209.19225399848074,3.833984375
209.12947700708173,3.833984375
209.3744759913534,3.833984375
211.73488500062376,3.833984375
210.36453399574384,3.833984375
211.8614419887308,3.833984375
212.8438250219915,3.833984375
213.5254240129143,3.833984375
211.38583999709226,3.833984375
213.24680099496618,3.833984375
212.60310398065485,3.833984375
214.7738549974747,3.833984375
214.81892999145202,3.833984375
216.3312170014251,3.833984375
211.23519699904136,3.833984375
212.33084198320284,3.833984375
208.3141969924327,3.833984375
210.91975600575097,3.833984375
208.50132798659615,3.833984375
216.3166599930264,3.833984375
211.4032119861804,3.833984375
211.91513299709186,3.833984375
215.3818260121625,3.833984375
219.08289002021775,3.833984375
216.30265400744975,3.833984375
214.65250899200328,3.833984375
212.52331402502023,3.833984375
214.0684530022554,3.833984375
212.88774799904786,3.833984375
212.17691397760063,3.833984375
210.43564699357376,3.833984375
210.35743999527767,3.833984375
210.10584899340756,3.833984375
209.80035501997918,3.833984375
211.21877600671723,3.833984375
210.94943099888042,3.833984375
214.17218699934892,3.833984375
215.5695889960043,3.833984375
215.80565100884996,3.833984375
218.8161889789626,3.833984375
214.2100780038163,3.833984375
213.106017006794,3.833984375
212.61605800827965,3.833984375
214.8984789964743,3.833984375
210.57874598773196,3.833984375
209.71877200645395,3.833984375
209.80834000511095,3.833984375
210.816111008171,3.833984375
211.58966200891882,3.833984375
212.4426520022098,3.833984375
213.2757760118693,3.833984375
213.92326999921352,3.833984375
214.63371298159473,3.833984375
214.1655049927067,3.833984375
214.0399790077936,3.833984375
213.32842399715446,3.833984375
212.66730400384404,3.833984375
210.52548600709997,3.833984375
210.54753701901063,3.833984375
210.98920601070859,3.833984375
209.7230999788735,3.833984375
209.49965101317503,3.833984375
209.68904701294377,3.833984375
210.41653101565316,3.833984375
210.16748499823734,3.833984375
211.52907799114473,3.833984375
211.45798498764634,3.833984375
213.68399099446833,3.833984375
213.26692900038324,3.833984375
213.47450799657963,3.833984375
215.0958999991417,3.833984375
212.7920780039858,3.833984375
213.02495498093776,3.833984375
211.20354800950736,3.833984375
211.7492519901134,3.833984375
215.91070797876455,3.833984375
211.61481898161583,3.833984375
210.35102900350466,3.833984375
208.25116900959983,3.833984375
210.26544802589342,3.833984375
209.47454401175492,3.833984375
211.18824899895117,3.833984375
211.73943299800158,3.833984375
210.6216459942516,3.833984375
210.07362799718976,3.833984375
210.44074700330384,3.833984375
210.30375000555068,3.833984375
210.15121397795156,3.833984375
209.98852798948064,3.833984375
211.52605197858065,3.833984375
213.27460298198275,3.833984375
212.25570200476795,3.833984375
210.84419399267063,3.833984375
209.55501499702223,3.833984375
208.73810301418416,3.833984375
210.40233498206362,3.833984375
209.05243197921664,3.833984375
214.56562500679865,3.833984375
210.14826800092123,3.833984375
212.28424497530796,3.833984375
210.55994101334363,3.833984375
210.92742998735048,3.833984375
211.43218700308353,3.833984375
211.0064679873176,3.833984375
211.95864499895833,3.833984375
211.96579802199267,3.833984375
211.62135098711587,3.833984375
213.00511702429503,3.833984375
211.52814599918202,3.833984375
209.97518399963155,3.833984375
210.63361898995936,3.833984375
210.16373700695112,3.833984375
208.4436310105957,3.833984375
209.15643800981343,3.833984375
209.3812090170104,3.833984375
209.72159699886106,3.833984375
211.49107700330205,3.833984375
211.47931599989533,3.833984375
212.19665100215934,3.833984375
212.6179419865366,3.833984375
213.51604600204155,3.833984375
221.98213898809627,3.833984375
212.82245498150587,3.833984375
220.9020520094782,3.833984375
214.66243598842993,3.833984375
211.84102300321683,3.833984375
208.98907299852,3.833984375
209.91601201239973,3.833984375
208.49087901297025,3.833984375
207.48088401160203,3.833984375
208.57099897693843,3.833984375
211.77354801329784,3.833984375
210.8997979958076,3.833984375
213.33726099692285,3.833984375
211.17629698710516,3.833984375
213.4784760128241,3.833984375
209.92481900611892,3.833984375
210.70178598165512,3.833984375
210.087413986912,3.833984375
210.53959298296832,3.833984375
209.95989500079304,3.833984375
209.8107849888038,3.833984375
209.69169100862928,3.833984375
208.5603900195565,3.833984375
207.50092100934125,3.833984375
209.12940698326565,3.833984375
208.74581701355055,3.833984375
209.970254014479,3.833984375
209.8263640073128,3.833984375
211.29337599268183,3.833984375
209.8204829962924,3.833984375
210.3337259904947,3.833984375
212.62439401471056,3.833984375
210.73036998859607,3.833984375
210.96541100996546,3.833984375
208.87154299998656,3.833984375
209.32497299509123,3.833984375
207.618371990975,3.833984375
208.12642501550727,3.833984375
207.71192701067775,3.833984375
208.54973900713958,3.833984375
208.6915349937044,3.833984375
209.6215600031428,3.833984375
211.64060800219886,3.833984375
211.0313449811656,3.833984375
212.38218899816275,3.833984375
211.06043900363147,3.833984375
210.81892598886043,3.833984375
211.9314440060407,3.833984375
210.74009899166413,3.833984375
211.80223100236617,3.833984375
209.39189899945632,3.833984375
208.53701600572094,3.833984375
207.85410498501733,3.833984375
206.33728901157156,3.833984375
206.24364298419096,3.833984375
207.3463420092594,3.833984375
214.35778500745073,3.833984375
209.57865999662317,3.833984375
213.01676001166925,3.833984375
209.47930301190354,3.833984375
211.8858969770372,3.833984375
210.37953099585138,3.833984375
211.90914101316594,3.833984375
210.92734902049415,3.833984375
215.6164959887974,3.833984375
211.22376498533413,3.833984375
214.010744006373,3.833984375
210.1128819922451,3.833984375
209.28507801727392,3.833984375
206.97100699180737,3.833984375
207.26444802130572,3.833984375
207.78219899511896,3.833984375
208.5760489862878,3.833984375
209.40044499002397,3.833984375
209.6585800172761,3.833984375
210.64622199628502,3.833984375
211.41971301403828,3.833984375
213.31142200506292,3.833984375
211.1270239984151,3.833984375
211.50967199355364,3.833984375
210.8365090098232,3.833984375
210.93019499676302,3.833984375
209.7465650003869,3.833984375
209.74967000074685,3.833984375
208.17001699469984,3.833984375
208.07114100898616,3.833984375
208.8006500271149,3.833984375
211.7211889999453,3.833984375
208.87155301170424,3.833984375
209.93796398397535,3.833984375
210.40782498312183,3.833984375
210.9683569869958,3.833984375
210.03072801977396,3.833984375
208.6725500121247,3.833984375
209.4417529879138,3.833984375
212.72623501135968,3.833984375
211.6742499929387,3.833984375
208.4283619769849,3.833984375
208.8795079907868,3.833984375
208.77895900048316,3.833984375
210.1914290105924,3.833984375
209.205640014261,3.833984375
209.13291300530545,3.833984375
210.9039259958081,3.833984375
215.14289799961261,3.833984375
211.45921701099724,3.833984375
214.29857399198227,3.833984375
210.87636399897747,3.833984375
211.42269900883548,3.833984375
213.09838301385753,3.833984375
210.2323860162869,3.833984375
209.0724800073076,3.833984375
208.31860598991625,3.833984375
207.3037720110733,3.833984375
208.5000959923491,3.833984375
207.1079040179029,3.833984375
207.99402598640881,3.833984375
208.3064629987348,3.833984375
208.51061600842513,3.833984375
210.76521501527168,3.833984375
209.23916198080406,3.833984375
209.85544900759123,3.833984375
209.8073989909608,3.833984375
210.1693680160679,3.833984375
211.18114597629756,3.833984375
209.9050919932779,3.833984375
208.96959700621665,3.833984375
207.71882100962102,3.833984375
210.07166401250288,3.833984375
209.97550399624743,3.833984375
210.04709901171736,3.833984375
207.88263800204732,3.833984375
209.23111698357388,3.833984375
209.56917098374106,3.833984375
210.806663002586,3.833984375
210.60567599488422,3.833984375
210.26892398367636,3.833984375
209.7124400024768,3.833984375
209.01341899298131,3.833984375
208.41844199458137,3.833984375
207.47564500197768,3.833984375
208.7083570077084,3.833984375
211.573071021121,3.833984375
208.39563000481576,3.833984375
209.8316640185658,3.833984375
208.5063279955648,3.833984375
209.52616099384613,3.833984375
210.12031598365866,3.833984375
210.6597480014898,3.833984375
209.65102600166574,3.833984375
210.70228700409643,3.833984375
210.81728301942348,3.833984375
210.8618869970087,3.833984375
207.96736699412577,3.833984375
207.2568340227008,3.833984375
207.475544011686,3.833984375
208.65658001275733,3.833984375
208.66438501980156,3.833984375
209.80693798628636,3.833984375
207.9725860094186,3.833984375
209.41107501857914,3.833984375
212.72677602246404,3.833984375
212.83474800293334,3.833984375
213.18148900172673,3.833984375
221.72481601592153,3.833984375
209.93699101381935,3.833984375
210.1709709968418,3.833984375
207.67567897564732,3.833984375
207.68365397816524,3.833984375
207.951766991755,3.833984375
210.04051598720253,3.833984375
208.43834002153017,3.833984375
209.16831900831312,3.833984375
207.94851100072265,3.833984375
208.82014601374976,3.833984375
208.5162060102448,3.833984375
209.27768500405364,3.833984375
208.77368899527937,3.833984375
208.62735499395058,3.833984375
208.15500899334438,3.833984375
208.56555897626095,3.833984375
208.8961990084499,3.833984375
209.46923398878425,3.833984375
210.08798500406556,3.833984375
210.57128100073896,3.833984375
210.2710690232925,3.833984375
209.30885299458168,3.833984375
209.9198790092487,3.833984375
210.16885701101273,3.833984375
209.9423120089341,3.833984375
210.42805298930034,3.833984375
209.83982901088893,3.833984375
210.25240398012102,3.833984375
209.97549401363358,3.833984375
208.79327598959208,3.833984375
210.33821400487795,3.833984375
211.62330501829274,3.833984375
210.46798801398836,3.833984375
209.4830000132788,3.833984375
208.96374600124545,3.833984375
209.34688500710763,3.833984375
208.69503199355677,3.833984375
209.75863697822206,3.833984375
208.8254069967661,3.833984375
210.24599100928754,3.833984375
210.7892599888146,3.833984375
210.02800200949423,3.833984375
208.8618050038349,3.833984375
209.27808599662967,3.833984375
209.30973498616368,3.833984375
210.22953098872676,3.833984375
210.87894900119863,3.833984375
217.4129569903016,3.833984375
216.4021210046485,3.833984375
226.63412601104937,3.833984375
207.88041400373913,3.833984375
208.03034500568174,3.833984375
208.88566900976002,3.833984375
208.81315402220935,3.833984375
208.08757198392414,3.833984375
208.84189798380248,3.833984375
207.90263498201966,3.833984375
209.60628197644837,3.833984375
209.54952499596402,3.833984375
209.1213210078422,3.833984375
209.32091600843705,3.833984375
209.30635900003836,3.833984375
209.21420599916019,3.833984375
209.86660997732542,3.833984375
207.39691698690876,3.833984375
208.66957399994135,3.833984375
210.30949999112636,3.833984375
210.2445790078491,3.833984375
208.91114699770696,3.833984375
208.74700899003074,3.833984375
213.1718099990394,3.833984375
210.3463299863506,3.833984375
208.92094599548727,3.833984375
211.71138097997755,3.833984375
210.40785498917103,3.833984375
209.43300597718917,3.833984375
208.1408220110461,3.833984375
206.9090119912289,3.833984375
212.376519019017,3.833984375
209.47903298656456,3.833984375
211.32631902582943,3.833984375
212.36102900002152,3.833984375
211.64307300932705,3.833984375
210.9374489809852,3.833984375
211.25691800261848,3.833984375
210.5000379960984,3.833984375
210.582441999577,3.833984375
211.1402390000876,3.833984375
210.9412060235627,3.833984375
211.42628500820138,3.833984375
209.06435497454368,3.833984375
208.70755601208657,3.833984375
208.80853399285115,3.833984375
210.3938990039751,3.833984375
211.50657601538114,3.833984375
211.8509220017586,3.833984375
211.93272600066848,3.833984375
211.55334400827996,3.833984375
210.24613198824227,3.833984375
220.51605800515972,3.833984375
212.57601198158227,3.833984375
209.75497100153007,3.833984375
209.8004549916368,3.833984375
207.54599600331858,3.833984375
207.1291340107564,3.833984375
208.23303499491885,3.833984375
208.3795400103554,3.833984375
209.94604798033834,3.833984375
210.28423300595023,3.833984375
210.0319100136403,3.833984375
209.919868997531,3.833984375
209.0107339899987,3.833984375
209.0246799925808,3.833984375
208.67432301747613,3.833984375
208.26327201211825,3.833984375
248.22060199221596,3.833984375
207.77828199788928,3.833984375
207.16990099754184,3.833984375
206.94949699100107,3.833984375
206.72654898953624,3.833984375
207.59443700080737,3.833984375
210.1714010059368,3.833984375
208.80187299917452,3.833984375
209.36384701053612,3.833984375
209.14603798883036,3.833984375
209.45055899210274,3.833984375
209.42984099383466,3.833984375
210.33906601951458,3.833984375
208.10684902244247,3.833984375
207.78342100675218,3.833984375
207.28629900258966,3.833984375
207.17634301399812,3.833984375
207.52338398597203,3.833984375
208.36389099713415,3.833984375
208.480479021091,3.833984375
208.8530779874418,3.833984375
209.58411000901833,3.833984375
210.16407798742875,3.833984375
210.42212197789922,3.833984375
209.42760599427857,3.833984375
209.16790899354964,3.833984375
208.83904199581593,3.833984375
207.96135600539856,3.833984375
206.83025399921462,3.833984375
207.79849000973627,3.833984375
207.55183798610233,3.833984375
208.4235819929745,3.833984375
209.04122199863195,3.833984375
208.0132830014918,3.833984375
211.94544999161735,3.833984375
209.5025460002944,3.833984375
208.58364200103097,3.833984375
208.30250598373823,3.833984375
208.78843698301353,3.833984375
208.46732499194331,3.833984375
209.2487699992489,3.833984375
209.69296401017345,3.833984375
207.34122200519778,3.833984375
205.98992699524388,3.833984375
206.9316940032877,3.833984375
206.8375870003365,3.833984375
208.8842770026531,3.833984375
208.81047900184058,3.833984375
210.08269500453025,3.833984375
209.70408502034843,3.833984375
209.98370900633745,3.833984375
209.906724980101,3.833984375
210.35570799722336,3.833984375
208.74382302281447,3.833984375
208.33898399723694,3.833984375
208.21683399844915,3.833984375
208.36583399795927,3.833984375
209.25053401151672,3.833984375
207.92064900160767,3.833984375
207.90062201558612,3.833984375
207.9025149869267,3.833984375
208.63715300220065,3.833984375
210.02479700837284,3.833984375
209.3329879862722,3.833984375
209.97331000398844,3.833984375
209.89013399230316,3.833984375
210.10524799930863,3.833984375
209.87875299761072,3.833984375
209.04147200053558,3.833984375
208.3294960029889,3.833984375
209.58669399260543,3.833984375
209.57143598934636,3.833984375
208.7912519928068,3.833984375
208.44424099777825,3.833984375
208.34670797921717,3.833984375
209.21994600212201,3.833984375
209.79136897949502,3.833984375
209.011514991289,3.833984375
209.91550100734457,3.833984375
208.42785100103356,3.833984375
210.54848897620104,3.833984375
207.63524301582947,3.833984375
208.25756099657156,3.833984375
207.89226598571986,3.833984375
208.72836498892866,3.833984375
208.85578298475593,3.833984375
208.73956501600333,3.833984375
207.020850997651,3.833984375
212.28641900233924,3.833984375
209.16959198075347,3.833984375
211.2320720043499,3.833984375
209.97316998546012,3.833984375
210.5758399993647,3.833984375
218.9497299841605,3.833984375
223.2899520022329,3.833984375
216.69013099744916,3.833984375
213.31896699848585,3.833984375
218.15483801765367,3.833984375
208.31867601373233,3.833984375
207.70771999377757,3.833984375
207.4258409847971,3.833984375
206.7099580017384,3.833984375
207.04872297937982,3.833984375
208.2604659954086,3.833984375
208.55840601143427,3.833984375
208.60220800386742,3.833984375
208.23457901133224,3.833984375
209.25892898230813,3.833984375
208.77341899904422,3.833984375
208.81714101415128,3.833984375
207.2076709882822,3.833984375
207.85395399434492,3.833984375
209.29996599443257,3.833984375
208.21839800919406,3.833984375
207.89344800869003,3.833984375
208.09263200499117,3.833984375
208.78815700416453,3.833984375
210.01906599849463,3.833984375
209.79908300796524,3.833984375
210.76088800327852,3.833984375
211.58735800418071,3.833984375
212.81871799146757,3.833984375
213.06228399043903,3.833984375
209.37180100008845,3.833984375
208.67225900292397,3.833984375
208.02879199618474,3.833984375
210.09000900085084,3.833984375
210.70557300117798,3.833984375
209.83839701511897,3.833984375
209.29992699529976,3.833984375
209.23604699783027,3.833984375
211.0469040053431,3.833984375
213.61015300499275,3.833984375
213.28016300685704,3.833984375
212.39974201307632,3.833984375
211.01898199412972,3.833984375
211.58794898656197,3.833984375
209.85011899028905,3.833984375
210.35754997865297,3.833984375
210.95400000922382,3.833984375
212.81474002171308,3.833984375
210.79175599152222,3.833984375
210.2260940009728,3.833984375
208.62113300245255,3.833984375
208.90463501564227,3.833984375
210.39965900126845,3.833984375
208.59260999714024,3.833984375
224.14059797301888,3.833984375
207.89497101213783,3.833984375
206.4325069950428,3.833984375
208.05992998066358,3.833984375
207.76324401958846,3.833984375
208.5690060048364,3.833984375
209.63315200060606,3.833984375
209.17425100924447,3.833984375
208.39383598649874,3.833984375
208.32359499763697,3.833984375
208.77361999009736,3.833984375
207.70558598451316,3.833984375
207.50488902558573,3.833984375
205.9577770123724,3.833984375
207.99347502179444,3.833984375
208.95008998923004,3.833984375
207.71480299299583,3.833984375
208.1850149843376,3.833984375
207.74271499249153,3.833984375
208.90918298391625,3.833984375
209.85940599348396,3.833984375
214.81396100716665,3.833984375
211.8974789918866,3.833984375
208.60424201237038,3.833984375
208.49156100302935,3.833984375
216.0435869882349,3.833984375
210.33683200948872,3.833984375
211.43939101602882,3.833984375
210.22392000304535,3.833984375
211.19881901540793,3.833984375
209.55656800651923,3.833984375
209.0246399748139,3.833984375
207.71864999551326,3.833984375
208.95124299568124,3.833984375
208.2186079933308,3.833984375
206.85344698722474,3.833984375
206.09070599311963,3.833984375
207.75984699139372,3.833984375
207.33829599339515,3.833984375
207.69218099303544,3.833984375
207.02371699735522,3.833984375
208.4170500165783,3.833984375
206.83137502055615,3.833984375
208.55772399227135,3.833984375
207.94250001199543,3.833984375
208.30925801419653,3.833984375
207.21723898896016,3.833984375
210.40075199562125,3.833984375
209.3822309980169,3.833984375
209.26710500498302,3.833984375
208.39970698580146,3.833984375
211.39656999730505,3.833984375
208.25940498616546,3.833984375
209.92091202060692,3.833984375
206.79156098049134,3.833984375
207.85336298285984,3.833984375
208.81983599974774,3.833984375
206.48037700448185,3.833984375
206.99677601805888,3.833984375
207.8529019781854,3.833984375
207.80332901631482,3.833984375
211.14269399549812,3.833984375
208.66771100554615,3.833984375
208.9818600215949,3.833984375
207.4934870179277,3.833984375
208.98133900482208,3.833984375
207.70348201040179,3.833984375
208.35142800933681,3.833984375
206.27820800291374,3.833984375
206.69096198980696,3.833984375
205.54374999483116,3.833984375
205.69812000030652,3.833984375
206.32108801510185,3.833984375
207.11709099123254,3.833984375
210.7318030030001,3.833984375
213.03499399800785,3.833984375
210.76289101620205,3.833984375
209.2284620157443,3.833984375
209.0449380048085,3.833984375
208.65886399406008,3.833984375
207.90825597941875,3.833984375
208.36110500385985,3.833984375
208.01431400468573,3.833984375
207.42211400647648,3.833984375
206.87652999185957,3.833984375
206.7667949886527,3.833984375
206.35638499516062,3.833984375
207.0280250045471,3.833984375
208.5132509819232,3.833984375
208.16492702579126,3.833984375
209.0165549889207,3.833984375
208.37784698233008,3.833984375
208.5908860026393,3.833984375
208.99698801804334,3.833984375
207.65494101215154,3.833984375
208.63135199761018,3.833984375
210.12432299903594,3.833984375
209.2005200101994,3.833984375
207.8874759899918,3.833984375
210.4457069945056,3.833984375
209.3109679990448,3.833984375
210.9343420015648,3.833984375
210.0883750244975,3.833984375
210.62045398866758,3.833984375
209.86223098589107,3.833984375
209.3756590038538,3.833984375
212.92491699568927,3.833984375
211.7895070114173,3.833984375
210.40782501222566,3.833984375
208.65152002079412,3.833984375
208.36200698977336,3.833984375
206.3488310086541,3.833984375
209.25634499872103,3.833984375
207.9279330209829,3.833984375
208.26829099678434,3.833984375
208.2837400084827,3.833984375
207.5317100097891,3.833984375
209.0846129867714,3.833984375
208.75370199792087,3.833984375
208.09238101355731,3.833984375
208.95970897981897,3.833984375
209.41992200096138,3.833984375
208.98604800458997,3.833984375
208.18413398228586,3.833984375
206.6624480066821,3.833984375
209.2429400072433,3.833984375
208.4548409911804,3.833984375
209.16435201070271,3.833984375
208.60861000255682,3.833984375
209.2064210155513,3.833984375
209.74990099784918,3.833984375
208.28244800213724,3.833984375
208.13774698763154,3.833984375
207.72783699794672,3.833984375
208.34031599224545,3.833984375
207.84494699910283,3.833984375
209.11797499866225,3.833984375
207.85579801304266,3.833984375
208.4119610080961,3.833984375
208.11641600448638,3.833984375
208.24862399604172,3.833984375
208.99913299945183,3.833984375
208.7064530060161,3.833984375
208.63029998145066,3.833984375
210.19368301494978,3.833984375
208.27184699010104,3.833984375
208.60239799367264,3.833984375
207.9194969846867,3.833984375
207.81645399983972,3.833984375
208.790851989761,3.833984375
208.13743601320311,3.833984375
210.85745899472386,3.833984375
208.75160800642334,3.833984375
208.10804000939243,3.833984375
208.61056400462985,3.833984375
208.82025701575913,3.833984375
207.19371500308625,3.833984375
207.79551498708315,3.833984375
207.7617610048037,3.833984375
206.96307200705633,3.833984375
207.35080001759343,3.833984375
208.2919749955181,3.833984375
207.80987199395895,3.833984375
207.80283800559118,3.833984375
209.8319639917463,3.833984375
209.7093939955812,3.833984375
209.25557301961817,3.833984375
209.81789799407125,3.833984375
207.20228101708926,3.833984375
207.5662849820219,3.833984375
207.0848710136488,3.833984375
207.29621799546294,3.833984375
207.36421598121524,3.833984375
207.55859999917448,3.833984375
207.89695499115624,3.833984375
207.77558701229282,3.833984375
207.44506700430065,3.833984375
209.44523898651823,3.833984375
207.98095199279487,3.833984375
208.29141500871629,3.833984375
207.3256130097434,3.833984375
207.17693399637938,3.833984375
206.86151200789027,3.833984375
207.06145698204637,3.833984375
207.97978999326006,3.833984375
207.64050399884582,3.833984375
206.2227639835328,3.833984375
207.51614999608137,3.833984375
207.31090600020252,3.833984375
207.57367901387624,3.833984375
208.11691699782386,3.833984375
208.24934501433745,3.833984375
207.95686700148508,3.833984375
208.8187639892567,3.833984375
206.33034597267397,3.833984375
207.35414698719978,3.833984375
206.22033899417147,3.833984375
206.965517019853,3.833984375
206.5534550056327,3.833984375
206.7231920082122,3.833984375
206.3437610049732,3.833984375
207.22755798487924,3.833984375
207.20404500025325,3.833984375
207.49756501754746,3.833984375
207.12582801934332,3.833984375
207.05147899570875,3.833984375
205.738074000692,3.833984375
207.58412798750214,3.833984375
206.9122770044487,3.833984375
207.0788999844808,3.833984375
206.16392398369499,3.833984375
207.0608760113828,3.833984375
208.37600299273618,3.833984375
210.17488799407147,3.833984375
214.53505801036954,3.833984375
225.1553809910547,3.833984375
209.2260379868094,3.833984375
209.53848399221897,3.833984375
207.53852199413814,3.833984375
208.81302398629487,3.833984375
207.9054900095798,3.833984375
207.49198499834165,3.833984375
206.9268150080461,3.833984375
207.3863769765012,3.833984375
207.83476799260825,3.833984375
208.01315299468115,3.833984375
207.14835001854226,3.833984375
207.26571101113223,3.833984375
207.18885600217618,3.833984375
206.27100398996845,3.833984375
206.93259598920122,3.833984375
208.311161986785,3.833984375
208.1215060024988,3.833984375
207.93739100918174,3.833984375
208.13327800715342,3.833984375
208.58146899263375,3.833984375
207.63411198277026,3.833984375
208.59990300959907,3.833984375
207.91378599824384,3.833984375
208.67471399833448,3.833984375
207.5827049848158,3.833984375
208.99224901222624,3.833984375
206.26331999665126,3.833984375
207.62884098803625,3.833984375
211.63104998413473,3.833984375
210.7494060182944,3.833984375
207.4936380086001,3.833984375
208.73748199664988,3.833984375
207.99102101591416,3.833984375
208.5799060005229,3.833984375
207.78577699093148,3.833984375
207.77319199987687,3.833984375
206.7478989774827,3.833984375
207.8518299967982,3.833984375
207.29921298334375,3.833984375
206.5771289926488,3.833984375
208.00259298994206,3.833984375
208.1899839977268,3.833984375
208.22826598305255,3.833984375
207.73371899849735,3.833984375
208.59161799307913,3.833984375
209.05015798052773,3.833984375
209.39175901003182,3.833984375
208.366404986009,3.833984375
207.3663189949002,3.833984375
206.5736520162318,3.833984375
206.98128701769747,3.833984375
206.97207900229841,3.833984375
211.69039100641385,3.833984375
209.00064500165172,3.833984375
208.68983201216906,3.833984375
209.07046599313617,3.833984375
209.8984290205408,3.833984375
208.58169900020584,3.833984375
207.41782599361613,3.833984375
208.8826030085329,3.833984375
208.1204739806708,3.833984375
206.9397589948494,3.833984375
205.99034801125526,3.833984375
208.02240999182686,3.833984375
207.95444201212376,3.833984375
208.15939697786234,3.833984375
207.0180760056246,3.833984375
208.21643399540335,3.833984375
207.6048470044043,3.833984375
208.65185000002384,3.833984375
207.63526399969123,3.833984375
208.683149976423,3.833984375
208.29072300693952,3.833984375
206.93022100022063,3.833984375
208.83711898932233,3.833984375
208.5329169931356,3.833984375
208.84908101288602,3.833984375
208.62625300651416,3.833984375
208.2570799975656,3.833984375
208.3343749982305,3.833984375
207.74078200338408,3.833984375
207.10945699829608,3.833984375
207.55208798800595,3.833984375
208.2313020073343,3.833984375
207.66291502513923,3.833984375
206.69032097794116,3.833984375
207.7781319967471,3.833984375
208.20061501581222,3.833984375
208.25513699674048,3.833984375
208.37238698732108,3.833984375
207.42024001083337,3.833984375
208.44695600681007,3.833984375
208.39893599622883,3.833984375
208.20309899863787,3.833984375
207.13575699483044,3.833984375
206.57233998645097,3.833984375
206.93372798268683,3.833984375
206.17550497991033,3.833984375
206.40380299300887,3.833984375
206.04959898628294,3.833984375
206.53547998517752,3.833984375
208.14809598959982,3.833984375
207.48289799666964,3.833984375
208.81228198413737,3.833984375
209.47969402186573,3.833984375
213.60282899695449,3.833984375
211.73903299495578,3.833984375
208.10950399027206,3.833984375
213.8340630044695,3.833984375
209.63236098759808,3.833984375
210.89923699037172,3.833984375
209.74060299340636,3.833984375
209.94789199903607,3.833984375
207.2998140065465,3.833984375
206.4289510017261,3.833984375
207.23539401660673,3.833984375
209.33440199587494,3.833984375
210.0077049981337,3.833984375
208.25268200132996,3.833984375
210.13305897940882,3.833984375
209.5549649966415,3.833984375
210.29817897942849,3.833984375
210.43338300660253,3.833984375
210.95495100598782,3.833984375
209.4319439784158,3.833984375
210.3607660101261,3.833984375
207.5721859873738,3.833984375
207.1958690066822,3.833984375
205.5194339773152,3.833984375
205.6107459939085,3.833984375
205.10116900550202,3.833984375
206.79783300147392,3.833984375
207.2804579802323,3.833984375
209.73346001119353,3.833984375
209.95697999023832,3.833984375
209.66071300790645,3.833984375
210.01053001964465,3.833984375
211.36307701817714,3.833984375
210.53990299697034,3.833984375
211.3822529790923,3.833984375
210.21755802212283,3.833984375
210.25206299964339,3.833984375
207.91442698100582,3.833984375
205.66713198786601,3.833984375
205.6761080166325,3.833984375
205.24759401450865,3.833984375
207.6953659998253,3.833984375
206.78399701137096,3.833984375
207.45138899656013,3.833984375
208.78372801234946,3.833984375
207.7138210006524,3.833984375
208.70234598987736,3.833984375
207.8488039842341,3.833984375
208.58260098611936,3.833984375
207.3278570023831,3.833984375
209.4102639821358,3.833984375
208.79522000905126,3.833984375
207.39997198688798,3.833984375
208.44203702290542,3.833984375
205.86984200053848,3.833984375
208.8400139764417,3.833984375
207.1334430074785,3.833984375
208.96468800492585,3.833984375
211.19604300474748,3.833984375
210.55499199428596,3.833984375
210.84105799673125,3.833984375
210.54168700356968,3.833984375
211.03851799853146,3.833984375
208.11253902502358,3.833984375
207.57838699501008,3.833984375
207.07882000715472,3.833984375
206.91186698968522,3.833984375
205.80247600446455,3.833984375
206.35500201024115,3.833984375
206.85464001144283,3.833984375
207.92397498735227,3.833984375
208.26938399113715,3.833984375
209.14910399005748,3.833984375
210.55802699993365,3.833984375
208.71553098550066,3.833984375
209.1938969970215,3.833984375
210.2158950001467,3.833984375
209.03068099869415,3.833984375
210.30558401253074,3.833984375
207.04883299185894,3.833984375
205.9230419981759,3.833984375
205.7393669965677,3.833984375
205.98355500260368,3.833984375
206.4266060187947,3.833984375
206.17772999685258,3.833984375
205.76885199989192,3.833984375
206.87743200687692,3.833984375
206.613226007903,3.833984375
208.2346880051773,3.833984375
208.51471400237642,3.833984375
207.9001810052432,3.833984375
207.49672400415875,3.833984375
208.7100800126791,3.833984375
207.48116497998126,3.833984375
209.72851000260562,3.833984375
209.63966398267075,3.833984375
210.36334199015982,3.833984375
207.19743298832327,3.833984375
206.72314200783148,3.833984375
206.9120469968766,3.833984375
208.22188397869468,3.833984375
208.48160100285895,3.833984375
208.11132600647397,3.833984375
207.99835500656627,3.833984375
206.96611900348216,3.833984375
208.52452199324034,3.833984375
209.78273201035336,3.833984375
209.8041630233638,3.833984375
214.739171002293,3.833984375
209.17916999314912,3.833984375
208.6868660117034,3.833984375
207.49355800217018,3.833984375
207.5939470087178,3.833984375
208.40925601078197,3.833984375
209.42422898951918,3.833984375
207.09997898666188,3.833984375
207.41889800410718,3.833984375
206.28796599339694,3.833984375
207.51614999608137,3.833984375
207.682943000691,3.833984375
209.1985669976566,3.833984375
210.27623800910078,3.833984375
207.9987559991423,3.833984375
209.30331302224658,3.833984375
208.0369469767902,3.833984375
207.2236410167534,3.833984375
207.62072698562406,3.833984375
208.00326400785707,3.833984375
208.90568700269796,3.833984375
207.29021698934957,3.833984375
207.65061301062815,3.833984375
209.91208500345238,3.833984375
208.74057698529214,3.833984375
208.6289580038283,3.833984375
209.14999497472309,3.833984375
208.8119919935707,3.833984375
208.39431800413877,3.833984375
206.51682498282753,3.833984375
207.00327900703996,3.833984375
208.13285699114203,3.833984375
209.8069380153902,3.833984375
208.97406499716453,3.833984375
208.6837709939573,3.833984375
207.589386991458,3.833984375
207.098105980549,3.833984375
207.48598402133211,3.833984375
206.34784901631065,3.833984375
207.38522498868406,3.833984375
206.72610797919333,3.833984375
206.95396600058302,3.833984375
206.96296301321127,3.833984375
206.33891198667698,3.833984375
209.30532598868012,3.833984375
208.5227890056558,3.833984375
208.02597698639147,3.833984375
208.23209299123846,3.833984375
208.7683090067003,3.833984375
208.1208050076384,3.833984375
207.20605901442468,3.833984375
206.9484649982769,3.833984375
208.02408299641684,3.833984375
205.8986859919969,3.833984375
206.15013799397275,3.833984375
206.22830398497172,3.833984375
205.73780400445685,3.833984375
205.941927008098,3.833984375
204.74533198284917,3.833984375
205.45906201004982,3.833984375
206.42392200534232,3.833984375
205.47441000235267,3.833984375
207.0408980071079,3.833984375
208.0304650007747,3.833984375
207.77060702675954,3.833984375
207.24529199651442,3.833984375
207.66355699743144,3.833984375
207.0824769907631,3.833984375
207.90526998462155,3.833984375
206.28466000198387,3.833984375
206.21069098706357,3.833984375
204.5457579952199,3.833984375
206.37015101965517,3.833984375
207.21482500084676,3.833984375
207.64937999774702,3.833984375
206.73767998232506,3.833984375
208.43091598362662,3.833984375
206.78610997856595,3.833984375
206.16524599608965,3.833984375
206.27628499642015,3.833984375
207.10062101716176,3.833984375
209.06407400616445,3.833984375
206.21016999939457,3.833984375
205.1797780150082,3.833984375
207.16052301577292,3.833984375
206.707221979741,3.833984375
207.75043001049198,3.833984375
207.23038399592042,3.833984375
208.28900998458266,3.833984375
207.7151039848104,3.833984375
208.27943200129084,3.833984375
208.38688398362137,3.833984375
207.27552901371382,3.833984375
207.53665899974294,3.833984375
205.706425011158,3.833984375
205.3992690052837,3.833984375
206.63549899472855,3.833984375
206.12334800534882,3.833984375
206.29818498855457,3.833984375
207.39146700361744,3.833984375
208.2807349797804,3.833984375
207.36585900885984,3.833984375
207.71487298770808,3.833984375
208.21944897761568,3.833984375
209.05316298012622,3.833984375
206.77890701335855,3.833984375
206.7189439840149,3.833984375
206.70045001315884,3.833984375
207.7848949993495,3.833984375
206.4514119992964,3.833984375
210.24508998380043,3.833984375
206.38148198486306,3.833984375
207.66699299565516,3.833984375
207.41148298839107,3.833984375
207.90863598813303,3.833984375
206.6903710074257,3.833984375
207.41249597631395,3.833984375
206.21107198530808,3.833984375
206.19787700707093,3.833984375
206.83901000302285,3.833984375
207.04240098712035,3.833984375
205.88983900961466,3.833984375
206.89423399744555,3.833984375
208.28822898329236,3.833984375
208.51114700781181,3.833984375
207.72110499092378,3.833984375
207.48126500984654,3.833984375
209.58429999882355,3.833984375
207.6435900235083,3.833984375
206.87487800023519,3.833984375
208.13978998921812,3.833984375
207.13813201291487,3.833984375
208.14726399839856,3.833984375
206.67153599788435,3.833984375
207.62836100766435,3.833984375
207.25615200353786,3.833984375
208.27256998745725,3.833984375
207.35626001260243,3.833984375
207.37643801840022,3.833984375
209.6312989888247,3.833984375
210.52796000731178,3.833984375
207.67927600536495,3.833984375
206.13581099314615,3.833984375
206.1486950260587,3.833984375
206.67853899067268,3.833984375
205.37246801541187,3.833984375
205.9973510040436,3.833984375
205.1064090046566,3.833984375
204.43400801741518,3.833984375
205.01927597797476,3.833984375
205.92591699096374,3.833984375
205.4848200059496,3.833984375
204.77556900004856,3.833984375
204.6503739838954,3.833984375
206.4548089983873,3.833984375
205.624321999494,3.833984375
205.29654700658284,3.833984375
204.8307330114767,3.833984375
205.05342000979,3.833984375
209.33626501937397,3.833984375
206.77230501314625,3.833984375
205.4036979970988,3.833984375
204.94294297532178,3.833984375
204.12863499950618,3.833984375
205.3781699796673,3.833984375
206.5200810029637,3.833984375
207.19690201804042,3.833984375
207.98944900161587,3.833984375
208.1305329920724,3.833984375
207.6107370085083,3.833984375
208.10901300865225,3.833984375
208.50272101233713,3.833984375
208.73312299954705,3.833984375
209.3158960051369,3.833984375
208.2934890058823,3.833984375
207.18560999375768,3.833984375
206.3748289947398,3.833984375
205.5523660092149,3.833984375
206.18521299911663,3.833984375
206.10506299999543,3.833984375
206.69964898843318,3.833984375
206.30947599420324,3.833984375
205.60221900814213,3.833984375
206.18586399359629,3.833984375
207.49124401481822,3.833984375
207.1530089888256,3.833984375
209.51491000596434,3.833984375
208.93235699622892,3.833984375
208.90081801917404,3.833984375
208.54297597543336,3.833984375
209.57800900214352,3.833984375
212.73940900573507,3.833984375
209.29846400395036,3.833984375
206.77172401337884,3.833984375
205.942086991854,3.833984375
206.15768199786544,3.833984375
205.54749699658714,3.833984375
205.47180500579998,3.833984375
206.39599897549488,3.833984375
207.29404399753548,3.833984375
208.30995999858715,3.833984375
208.73029800713994,3.833984375
219.1354479873553,3.833984375
209.19362700078636,3.833984375
208.6969749943819,3.833984375
207.7392489882186,3.833984375
207.39748800406232,3.833984375
206.5877389977686,3.833984375
205.81415799097158,3.833984375
205.76966399676166,3.833984375
205.19106899155304,3.833984375
204.59228500840254,3.833984375
205.3301999985706,3.833984375
206.37835600064136,3.833984375
206.5830189967528,3.833984375
206.93897700402886,3.833984375
210.75925399782136,3.833984375
207.48871797695756,3.833984375
208.45998098957352,3.833984375
209.01811798103154,3.833984375
210.40288600488566,3.833984375
207.85669900942594,3.833984375
207.61828200193122,3.833984375
206.86163200298324,3.833984375
207.0653940027114,3.833984375
206.84778701979667,3.833984375
206.9017169997096,3.833984375
206.12641298794188,3.833984375
206.7064709844999,3.833984375
208.22172399493866,3.833984375
208.57205099309795,3.833984375
208.56782401097007,3.833984375
208.02068698685616,3.833984375
207.38377200905234,3.833984375
208.29030199092813,3.833984375
207.72960101021454,3.833984375
206.4130510261748,3.833984375
205.70017298450693,3.833984375
206.49080598377623,3.833984375
204.64049599831924,3.833984375
204.71072700456716,3.833984375
204.64850100688636,3.833984375
206.1782400123775,3.833984375
208.00522802164778,3.833984375
208.08591900276951,3.833984375
208.41302297776565,3.833984375
207.97318700351752,3.833984375
211.34947199607268,3.833984375
212.7712589863222,3.833984375
210.70459199836478,3.833984375
209.69557898934,3.833984375
207.00002199737355,3.833984375
207.10204300121404,3.833984375
206.6705239994917,3.833984375
205.78458200907335,3.833984375
205.98430698737502,3.833984375
206.27720601623878,3.833984375
206.21721399948,3.833984375
207.62217900482938,3.833984375
207.27021800121292,3.833984375
208.54577200952917,3.833984375
207.6140439894516,3.833984375
209.38463500351645,3.833984375
208.3348160085734,3.833984375
208.62625300651416,3.833984375
209.66199599206448,3.833984375
208.63299499615096,3.833984375
210.27701001730748,3.833984375
207.99405701109208,3.833984375
207.06079600495286,3.833984375
207.59812399046496,3.833984375
205.37551399320364,3.833984375
205.69591599632986,3.833984375
206.90109601127915,3.833984375
206.55833301134408,3.833984375
207.4726680002641,3.833984375
207.41453900700435,3.833984375
208.0415459931828,3.833984375
207.78721899841912,3.833984375
210.99529700586572,3.833984375
209.2237040051259,3.833984375
208.6297790228855,3.833984375
207.7822689898312,3.833984375
207.70580699900165,3.833984375
207.04146000207402,3.833984375
205.38011300959624,3.833984375
207.16634401469491,3.833984375
206.10544399823993,3.833984375
207.13237999007106,3.833984375
208.31237398670055,3.833984375
208.2887500000652,3.833984375
208.1837820005603,3.833984375
209.03791498858482,3.833984375
209.13085000938736,3.833984375
209.638051019283,3.833984375
208.03557499311864,3.833984375
208.14185397466645,3.833984375
206.00432399078272,3.833984375
206.86575100990012,3.833984375
206.58080498105846,3.833984375
206.81880199117586,3.833984375
206.29165298305452,3.833984375
208.74713000375777,3.833984375
207.78855102253146,3.833984375
208.47083098487929,3.833984375
210.16043098643422,3.833984375
208.90127899474464,3.833984375
208.68021401111037,3.833984375
209.22187098767608,3.833984375
207.9117629909888,3.833984375
207.14114702423103,3.833984375
206.6886179964058,3.833984375
207.601028989302,3.833984375
207.05245100543834,3.833984375
207.8726390027441,3.833984375
208.30096199642867,3.833984375
209.65150598203763,3.833984375
209.6606739796698,3.833984375
209.23718897392973,3.833984375
208.1654579960741,3.833984375
209.59466000203975,3.833984375
212.54852099809796,3.833984375
212.92918498511426,3.833984375
207.80439101508819,3.833984375
209.80568500817753,3.833984375
206.77238499047235,3.833984375
207.1307779988274,3.833984375
210.14120400650427,3.833984375
207.65541199943982,3.833984375
207.96122497995384,3.833984375
208.91061599832028,3.833984375
209.36351601267233,3.833984375
210.22385999094695,3.833984375
209.22926400089636,3.833984375
209.49002300039865,3.833984375
209.35838599689305,3.833984375
208.0175709852483,3.833984375
208.03810900542885,3.833984375
208.13047300907783,3.833984375
207.78640700154938,3.833984375
206.783155008452,3.833984375
208.1217060040217,3.833984375
208.84886098792776,3.833984375
209.3478959868662,3.833984375
210.34359498298727,3.833984375
208.16533800098114,3.833984375
209.00619600433856,3.833984375
208.29084399156272,3.833984375
208.4012609848287,3.833984375
207.84988699597307,3.833984375
208.56163097778335,3.833984375
207.4670080037322,3.833984375
207.63941199402325,3.833984375
208.1915969902184,3.833984375
208.13536099740304,3.833984375
208.68646499002352,3.833984375
209.7000770154409,3.833984375
207.63634599279612,3.833984375
210.7605969940778,3.833984375
206.96877301088534,3.833984375
209.46171000832692,3.833984375
207.52457599155605,3.833984375
208.92940100748092,3.833984375
206.71117000165395,3.833984375
208.57625899952836,3.833984375
206.39672997640446,3.833984375
208.75522500136867,3.833984375
208.3259599748999,3.833984375
208.6029690108262,3.833984375
210.21938099875115,3.833984375
208.6827190069016,3.833984375
208.99504399858415,3.833984375
207.5900190102402,3.833984375
207.94302099966444,3.833984375
209.3005579954479,3.833984375
211.63505699951202,3.833984375
207.83861499512568,3.833984375
205.80790500389412,3.833984375
209.20185197610408,3.833984375
207.26396699319594,3.833984375
208.57468599569984,3.833984375
208.13480101060122,3.833984375
207.7598570031114,3.833984375
208.33677900373004,3.833984375
208.7119540083222,3.833984375
206.83330899919383,3.833984375
207.636665989412,3.833984375
206.4992529922165,3.833984375
206.72480601933785,3.833984375
205.9015409904532,3.833984375
206.3974619959481,3.833984375
206.51094400091097,3.833984375
208.04930001031607,3.833984375
208.79781400435604,3.833984375
208.98647801368497,3.833984375
208.07598100509495,3.833984375
208.07560000685044,3.833984375
207.98371799173765,3.833984375
207.69189999555238,3.833984375
206.82405200204812,3.833984375
206.89210001728497,3.833984375
206.98028500191867,3.833984375
207.8218140231911,3.833984375
207.7070490049664,3.833984375
207.42727399920113,3.833984375
207.55240798462182,3.833984375
207.45370298391208,3.833984375
209.71389301121235,3.833984375
208.52335999370553,3.833984375
207.82865601358935,3.833984375
207.72909998777322,3.833984375
207.25559099810198,3.833984375
206.59744599834085,3.833984375
206.3708619971294,3.833984375
206.9844630022999,3.833984375
206.3821029732935,3.833984375
206.8763499846682,3.833984375
208.3257490012329,3.833984375
208.55452900286764,3.833984375
208.96037900820374,3.833984375
208.40181200765073,3.833984375
208.71961797820404,3.833984375
207.9114619991742,3.833984375
207.26766498410143,3.833984375
207.10908601176925,3.833984375
207.22678798483685,3.833984375
206.1192000110168,3.833984375
209.60160199319944,3.833984375
214.07020499464124,3.833984375
212.02474800520577,3.833984375
214.49613399454392,3.833984375
208.2464400155004,3.833984375
209.58927998435684,3.833984375
208.9627140085213,3.833984375
208.69710599072278,3.833984375
207.14977299212478,3.833984375
207.8091500152368,3.833984375
206.4249430259224,3.833984375
207.11765199666843,3.833984375
207.48341898433864,3.833984375
206.81254999362864,3.833984375
207.25611201487482,3.833984375
207.43640000000596,3.833984375
209.8845130240079,3.833984375
207.0397560019046,3.833984375
207.229040999664,3.833984375
206.88434501062147,3.833984375
206.2131659768056,3.833984375
206.8079309829045,3.833984375
206.22393599478528,3.833984375
206.24577699345537,3.833984375
205.56982900598086,3.833984375
206.06235301238485,3.833984375
206.2324319849722,3.833984375
205.66648000385612,3.833984375
206.1793220054824,3.833984375
206.20172400958836,3.833984375
204.42707499023527,3.833984375
203.7574390124064,3.833984375
205.47810700372793,3.833984375
205.3815660183318,3.833984375
206.92655400489457,3.833984375
205.47513201017864,3.833984375
205.918694002321,3.833984375
205.3247700096108,3.833984375
204.45235300576314,3.833984375
205.68936300696805,3.833984375
205.5977609998081,3.833984375
207.65002100961283,3.833984375
208.2440759986639,3.833984375
209.10618401831016,3.833984375
208.36996199795976,3.833984375
207.78654800960794,3.833984375
208.29107399913482,3.833984375
208.90610801870935,3.833984375
208.34701901185326,3.833984375
206.58464299049228,3.833984375
206.08880301006138,3.833984375
205.45987199875526,3.833984375
204.7832430107519,3.833984375
205.1177009998355,3.833984375
205.16571099869907,3.833984375
205.94124600756913,3.833984375
207.5109510042239,3.833984375
207.57253601914272,3.833984375
209.14401399204507,3.833984375
206.56232099281624,3.833984375
205.82839401322417,3.833984375
205.38824802497402,3.833984375
204.01800799299963,3.833984375
205.67570798448287,3.833984375
206.8172990111634,3.833984375
207.06138701643795,3.833984375
208.092761982698,3.833984375
208.30840698909014,3.833984375
207.71302899811417,3.833984375
207.75800399133004,3.833984375
207.91780401486903,3.833984375
207.75635101017542,3.833984375
208.3422100113239,3.833984375
207.940576976398,3.833984375
206.9587949954439,3.833984375
207.1397849940695,3.833984375
207.68188100191765,3.833984375
208.70917799766175,3.833984375
207.79014399158768,3.833984375
207.699373975629,3.833984375
208.37424998171628,3.833984375
207.12105999700725,3.833984375
205.9423080063425,3.833984375
207.75703198160045,3.833984375
207.75879500433803,3.833984375
206.97875201585703,3.833984375
206.48442499805242,3.833984375
206.97832200676203,3.833984375
207.1425799804274,3.833984375
210.85829997900873,3.833984375
207.76819298043847,3.833984375
208.21835799142718,3.833984375
207.70515498588793,3.833984375
207.24021299974993,3.833984375
210.2803559973836,3.833984375
210.22896899376065,3.833984375
213.4026330022607,3.833984375
206.63925501867197,3.833984375
206.5934999845922,3.833984375
208.04951098398305,3.833984375
208.53775698924437,3.833984375
209.93358601117507,3.833984375
208.0876919790171,3.833984375
207.20278299995698,3.833984375
207.87575500435196,3.833984375
207.43365501402877,3.833984375
207.08083399222232,3.833984375
208.76163701177575,3.833984375
205.98783300374635,3.833984375
210.54486301727593,3.833984375
208.731099992292,3.833984375
216.54034999664873,3.833984375
210.76633699703962,3.833984375
207.6899170060642,3.833984375
206.01461399928667,3.833984375
206.5277159854304,3.833984375
207.0925360021647,3.833984375
206.90499400370754,3.833984375
206.11886901315302,3.833984375
205.90364499366842,3.833984375
204.67666399781592,3.833984375
207.41548101068474,3.833984375
207.7121280017309,3.833984375
208.09960502083413,3.833984375
206.87847398221493,3.833984375
207.79533399036154,3.833984375
207.33538101194426,3.833984375
206.76617298158817,3.833984375
206.58104598987848,3.833984375
208.28552299644798,3.833984375
208.14827698632143,3.833984375
205.86018299218267,3.833984375
207.4985580111388,3.833984375
206.04473000275902,3.833984375
206.60010201390833,3.833984375
206.55165100470185,3.833984375
206.36716499575414,3.833984375
206.74270897870883,3.833984375
207.46402299846523,3.833984375
208.35608599008992,3.833984375
207.800093019614,3.833984375
206.3546009885613,3.833984375
205.821231007576,3.833984375
206.19866900960915,3.833984375
205.3003430191893,3.833984375
207.0978450065013,3.833984375
206.2380520219449,3.833984375
206.53250499162823,3.833984375
207.34250399982557,3.833984375
208.6608670069836,3.833984375
207.65249599935487,3.833984375
207.60158999473788,3.833984375
206.65914201526903,3.833984375
205.93725799699314,3.833984375
206.48381300270557,3.833984375
206.33665801142342,3.833984375
206.77215399337,3.833984375
206.63686099578626,3.833984375
206.01844100747257,3.833984375
206.98980300221592,3.833984375
207.08160501089878,3.833984375
209.3266869778745,3.833984375
209.9774180096574,3.833984375
207.78050599619746,3.833984375
207.88984099635854,3.833984375
215.21767901140265,3.833984375
206.99214699561708,3.833984375
206.57719898736104,3.833984375
207.45737000834197,3.833984375
206.91299901227467,3.833984375
206.57066701096483,3.833984375
207.4783190037124,3.833984375
207.28309301193804,3.833984375
206.50455201393925,3.833984375
205.46359999570996,3.833984375
206.80364398867823,3.833984375
206.88498599338345,3.833984375
207.3515010124538,3.833984375
207.4751330073923,3.833984375
207.5985849951394,3.833984375
207.23794799414463,3.833984375
208.2141800201498,3.833984375
206.4380079973489,3.833984375
207.51606998965144,3.833984375
206.33257000008598,3.833984375
207.32339899404906,3.833984375
206.3796280126553,3.833984375
207.23034397815354,3.833984375
206.8417049886193,3.833984375
207.41847701719962,3.833984375
206.91180697758682,3.833984375
206.54413700685836,3.833984375
206.42111598863266,3.833984375
205.55774599779397,3.833984375
205.08125200285576,3.833984375
206.3130829774309,3.833984375
207.52945501590148,3.833984375
209.0354599931743,3.833984375
206.8730239989236,3.833984375
207.32948000659235,3.833984375
206.80872298544273,3.833984375
206.42405201215297,3.833984375
205.85581500199623,3.833984375
206.1550070066005,3.833984375
206.24989498173818,3.833984375
206.2252180185169,3.833984375
206.90096597536467,3.833984375
207.8564190014731,3.833984375
205.98672100459225,3.833984375
207.70364202326164,3.833984375
205.88691299781203,3.833984375
207.45880299364217,3.833984375
206.14480797667056,3.833984375
205.98671099287458,3.833984375
206.80501600145362,3.833984375
210.1705000095535,3.833984375
209.26758600398898,3.833984375
210.81275399774313,3.833984375
207.005151984049,3.833984375
206.66492299642414,3.833984375
206.7924419825431,3.833984375
208.3110219973605,3.833984375
207.774704991607,3.833984375
205.84145799512044,3.833984375
205.72862701374106,3.833984375
208.00283399876207,3.833984375
205.87179501308128,3.833984375
207.6525459997356,3.833984375
207.3623409960419,3.833984375
207.84258202183992,3.833984375
207.20094899297692,3.833984375
207.6482179982122,3.833984375
207.24024300579913,3.833984375
207.33800600282848,3.833984375
206.5969459945336,3.833984375
208.25096798944287,3.833984375
207.33909800765105,3.833984375
207.07555298577063,3.833984375
206.5936800208874,3.833984375
207.31467299629003,3.833984375
207.6893360062968,3.833984375
207.75773297646083,3.833984375
207.04910397762433,3.833984375
207.44527800707147,3.833984375
206.64856198709458,3.833984375
208.0053690006025,3.833984375
206.16327301831916,3.833984375
207.99773398903199,3.833984375
206.86254400061443,3.833984375
207.91649099555798,3.833984375
206.49000600678846,3.833984375
206.87348398496397,3.833984375
207.47316899360158,3.833984375
207.5618359958753,3.833984375
207.8801640018355,3.833984375
207.90217400644906,3.833984375
206.81322200107388,3.833984375
206.2446050113067,3.833984375
207.67078100470826,3.833984375
206.60249597858638,3.833984375
207.3209239752032,3.833984375
208.11690701521002,3.833984375
206.53945801313967,3.833984375
207.07959099672735,3.833984375
207.7729519805871,3.833984375
207.58082199608907,3.833984375
207.1977129962761,3.833984375
206.9867370009888,3.833984375
205.8617970033083,3.833984375
206.64890299667604,3.833984375
210.16469900496304,3.833984375
206.89117701840587,3.833984375
206.20091300224885,3.833984375
206.72526699490845,3.833984375
206.53143301024102,3.833984375
207.7311940083746,3.833984375
206.84807701036334,3.833984375
209.1051919851452,3.833984375
207.73777601425536,3.833984375
207.60821297881193,3.833984375
205.68486498086713,3.833984375
205.28495399048552,3.833984375
204.9777990032453,3.833984375
204.99132300028577,3.833984375
203.20541399996728,3.833984375
205.1929220033344,3.833984375
205.0875640125014,3.833984375
206.5196809999179,3.833984375
205.72238499880768,3.833984375
206.32261197897606,3.833984375
204.9894800002221,3.833984375
206.04020199971274,3.833984375
205.99168000626378,3.833984375
205.42070001829416,3.833984375
204.00434199837036,3.833984375
204.39513499150053,3.833984375
204.48583498364314,3.833984375
205.14263800578192,3.833984375
203.97016798960976,3.833984375
204.73819901235402,3.833984375
204.70369400572963,3.833984375
205.29931201599538,3.833984375
203.86137400055304,3.833984375
205.881934001809,3.833984375
205.56664300966077,3.833984375
207.3309420084115,3.833984375
207.5023140059784,3.833984375
207.00219602440484,3.833984375
207.91281398851424,3.833984375
208.30753500922583,3.833984375
209.15066701127216,3.833984375
207.37749998806976,3.833984375
206.2907720101066,3.833984375
206.73422300023958,3.833984375
205.9779340052046,3.833984375
205.85372200002894,3.833984375
204.67041098163463,3.833984375
207.36651998595335,3.833984375
205.53728702361695,3.833984375
206.76183499745093,3.833984375
208.43523400253616,3.833984375
209.17214700602926,3.833984375
211.21470900834538,3.833984375
211.4056469872594,3.833984375
208.44650600338355,3.833984375
206.97356201708317,3.833984375
206.9378549931571,3.833984375
208.03175700712018,3.833984375
206.5650560252834,3.833984375
206.08850198914297,3.833984375
205.22526200511493,3.833984375
205.71431997814216,3.833984375
207.16863800771534,3.833984375
206.95298397913575,3.833984375
207.7996720036026,3.833984375
208.23766398825683,3.833984375
208.44567500171252,3.833984375
208.9081809972413,3.833984375
208.260095998412,3.833984375
209.98757699271664,3.833984375
209.65932999388315,3.833984375
209.3033030105289,3.833984375
208.28359000734054,3.833984375
207.76108899735846,3.833984375
207.1598710026592,3.833984375
207.74312599678524,3.833984375
208.42420400003903,3.833984375
210.63536198926158,3.833984375
211.59441099734977,3.833984375
213.47907598828897,3.833984375
211.36526099871844,3.833984375
214.2930330010131,3.833984375
211.6964719898533,3.833984375
212.16980001190677,3.833984375
206.27927998430096,3.833984375
207.51075001317076,3.833984375
205.9477680013515,3.833984375
207.29728898731992,3.833984375
205.04608599003404,3.833984375
206.3300660229288,3.833984375
208.2749439869076,3.833984375
207.98041101079434,3.833984375
208.85598298627883,3.833984375
208.57824297854677,3.833984375
207.6486290025059,3.833984375
208.70427001500502,3.833984375
209.6134049934335,3.833984375
210.19746098318137,3.833984375
208.46502998028882,3.833984375
209.9377539998386,3.833984375
209.28350600297563,3.833984375
208.41440500225872,3.833984375
206.87146100681275,3.833984375
209.00967199122533,3.833984375
207.76490701246075,3.833984375
210.57689198642038,3.833984375
212.332836992573,3.833984375
208.63172301324084,3.833984375
214.93349500815384,3.833984375
209.82841899967752,3.833984375
215.78051400138065,3.833984375
211.01984297274612,3.833984375
210.50456701777875,3.833984375
209.45275298436172,3.833984375
208.2954120123759,3.833984375
208.17762101069093,3.833984375
207.2016499878373,3.833984375
208.6442270083353,3.833984375
207.20088799134828,3.833984375
210.7230969995726,3.833984375
207.69057699362747,3.833984375
208.29437000793405,3.833984375
207.06030502333306,3.833984375
207.94660798856057,3.833984375
207.80256699072197,3.833984375
207.77943401481025,3.833984375
209.10213500610553,3.833984375
207.96738701756112,3.833984375
207.6559730048757,3.833984375
211.05300498311408,3.833984375
206.60854698508047,3.833984375
207.2884830122348,3.833984375
208.4061699861195,3.833984375
210.52254998357967,3.833984375
208.76082498580217,3.833984375
210.3480930090882,3.833984375
211.7389019986149,3.833984375
211.15015799296089,3.833984375
210.51838199491613,3.833984375
211.26706700306386,3.833984375
209.35995900072157,3.833984375
208.67329099564813,3.833984375
207.51590002328157,3.833984375
209.5632810087409,3.833984375
207.67280398285948,3.833984375
260.87128499057144,3.833984375
211.11823699902743,3.833984375
211.7301250109449,3.833984375
210.14626399846748,3.833984375
211.12067298963666,3.833984375
210.18609899329022,3.833984375
210.447669000132,3.833984375
207.52073798212223,3.833984375
208.91080700675957,3.833984375
209.39516500220634,3.833984375
208.4026139928028,3.833984375
208.1054559967015,3.833984375
208.93662501475774,3.833984375
208.5769610130228,3.833984375
210.43447498232126,3.833984375
213.40986699215136,3.833984375
208.62406902597286,3.833984375
215.90751301846467,3.833984375
207.57585199316964,3.833984375
207.9765940143261,3.833984375
207.42045101360418,3.833984375
205.85497401771136,3.833984375
206.95127101498656,3.833984375
207.28593799867667,3.833984375
207.66536000883207,3.833984375
207.9432119789999,3.833984375
208.59608601313084,3.833984375
207.74277500458993,3.833984375
209.16879098513164,3.833984375
208.15567998215556,3.833984375
208.60111599904485,3.833984375
208.3327319996897,3.833984375
208.8220099976752,3.833984375
210.41473798686638,3.833984375
208.39473899104632,3.833984375
207.7158949978184,3.833984375
207.40261799073778,3.833984375
207.74996900581755,3.833984375
206.92536199931055,3.833984375
207.19275300507434,3.833984375
208.90529599273577,3.833984375
206.46335498895496,3.833984375
206.9269850035198,3.833984375
206.23004698427394,3.833984375
206.2696620123461,3.833984375
206.0222279978916,3.833984375
205.93233898398466,3.833984375
204.40268001402728,3.833984375
205.00387699576095,3.833984375
205.94206702662632,3.833984375
206.23805199284106,3.833984375
206.8831819924526,3.833984375
207.73283700691536,3.833984375
206.71969599789008,3.833984375
207.63569499831647,3.833984375
206.81653800420463,3.833984375
206.71508699888363,3.833984375
206.04386797640473,3.833984375
206.60730500821956,3.833984375
204.83085300656967,3.833984375
204.85060001374222,3.833984375
206.24444499844685,3.833984375
206.3159390236251,3.833984375
206.58214800641872,3.833984375
207.92833401355892,3.833984375
206.87652099877596,3.833984375
207.1635989996139,3.833984375
205.88271599262953,3.833984375
204.95523599674925,3.833984375
209.51303601032123,3.833984375
217.67757297493517,3.833984375
208.87514000060037,3.833984375
210.86914098123088,3.833984375
206.5525429788977,3.833984375
208.4865609940607,3.833984375
208.2607370102778,3.833984375
208.80579002550803,3.833984375
208.71024098596536,3.833984375
206.78041002247483,3.833984375
205.9827639895957,3.833984375
206.2695310160052,3.833984375
206.50443198974244,3.833984375
206.652490014676,3.833984375
206.93029099493288,3.833984375
207.36714999657124,3.833984375
206.13968800171278,3.833984375
205.18332399660721,3.833984375
204.98636399861425,3.833984375
205.95444101491012,3.833984375
206.39843301614746,3.833984375
207.69669901346788,3.833984375
206.38171199243516,3.833984375
206.72333298716694,3.833984375
206.59347900073044,3.833984375
206.7764629900921,3.833984375
207.69161899806932,3.833984375
208.90899302321486,3.833984375
206.11791699775495,3.833984375
206.17864100495353,3.833984375
205.66624001367018,3.833984375
207.2504320240114,3.833984375
206.96209100424312,3.833984375
207.10887599852867,3.833984375
207.5322309974581,3.833984375
207.97383898752742,3.833984375
206.3172709895298,3.833984375
207.36017698072828,3.833984375
207.04747099080123,3.833984375
205.63373900949955,3.833984375
205.82244300749153,3.833984375
206.14847398246638,3.833984375
206.55991599778645,3.833984375
206.93447900703177,3.833984375
206.2163819791749,3.833984375
206.2353870132938,3.833984375
205.4637600085698,3.833984375
206.0915070178453,3.833984375
204.86240097670816,3.833984375
207.86274000420235,3.833984375
206.12409900058992,3.833984375
206.77892700769007,3.833984375
206.7706219968386,3.833984375
211.4353530050721,3.833984375
211.36752498568967,3.833984375
206.78092099842615,3.833984375
209.17921999352984,3.833984375
205.66140100709163,3.833984375
206.0101550014224,3.833984375
206.20352801051922,3.833984375
206.40234102029353,3.833984375
206.75900898640975,3.833984375
205.9171309811063,3.833984375
205.09800399304368,3.833984375
205.59054799377918,3.833984375
206.9961939996574,3.833984375
206.80562700727023,3.833984375
208.07063998654485,3.833984375
208.00770301138982,3.833984375
209.5958919962868,3.833984375
208.80400598980486,3.833984375
209.75234601064585,3.833984375
209.42767601809464,3.833984375
209.45924500119872,3.833984375
209.15021598921157,3.833984375
209.8825300054159,3.833984375
207.10036999662407,3.833984375
208.69468100136146,3.833984375
207.4766370060388,3.833984375
207.58405802189372,3.833984375
207.47652600402944,3.833984375
207.60141100618057,3.833984375
207.4268620053772,3.833984375
208.02448398899287,3.833984375
207.22044599824585,3.833984375
208.43757898546755,3.833984375
207.32341898838058,3.833984375
208.80586002022028,3.833984375
207.40281799226068,3.833984375
208.13971999450587,3.833984375
207.36277199466713,3.833984375
209.21121002174914,3.833984375
207.6527760073077,3.833984375
207.53982401220128,3.833984375
207.90040100109763,3.833984375
207.2579660161864,3.833984375
206.58840000396594,3.833984375
206.57931300229393,3.833984375
209.8189299867954,3.833984375
211.67575402068906,3.833984375
210.56124300230294,3.833984375
210.90507801272906,3.833984375
209.87426498322748,3.833984375
208.83935198071413,3.833984375
206.81540598161519,3.833984375
207.08371899672784,3.833984375
207.79709701309912,3.833984375
208.40816301642917,3.833984375
210.12319100555032,3.833984375
207.04767099232413,3.833984375
211.95948601234704,3.833984375
209.06993499374948,3.833984375
208.87259498704225,3.833984375
209.30355301243253,3.833984375
207.7444480091799,3.833984375
211.68123401002958,3.833984375
209.74909898359329,3.833984375
208.58792099170387,3.833984375
207.45796099072322,3.833984375
207.09892798913643,3.833984375
207.64794701244682,3.833984375
206.8788539909292,3.833984375
208.72119098203257,3.833984375
209.14002700010315,3.833984375
208.08678100001998,3.833984375
209.1742109914776,3.833984375
207.75146200321615,3.833984375
207.88630499737337,3.833984375
208.32572900690138,3.833984375
207.0486530137714,3.833984375
205.81495799706317,3.833984375
208.69669399689883,3.833984375
206.44016200094484,3.833984375
208.68079501087777,3.833984375
208.0584280192852,3.833984375
208.13695498509333,3.833984375
206.89295101328753,3.833984375
207.76704099262133,3.833984375
206.35053401929326,3.833984375
206.43022301374003,3.833984375
205.52911298000254,3.833984375
205.75422499678098,3.833984375
205.69703800720163,3.833984375
207.1486609929707,3.833984375
206.84992999304086,3.833984375
208.65302300080657,3.833984375
208.63316601025872,3.833984375
210.25921698310412,3.833984375
208.19521398516372,3.833984375
209.6498830069322,3.833984375
208.80363500327803,3.833984375
206.99128598789684,3.833984375
206.54492898029275,3.833984375
206.3516449998133,3.833984375
206.8204550014343,3.833984375
207.67189201433212,3.833984375
207.66930698300712,3.833984375
210.24441899498925,3.833984375
207.99800398526713,3.833984375
209.4559299875982,3.833984375
211.38554002391174,3.833984375
212.028285022825,3.833984375
207.5538509816397,3.833984375
208.21717599756084,3.833984375
206.5236280031968,3.833984375
205.96789597766474,3.833984375
206.67120500002056,3.833984375
208.1221770204138,3.833984375
207.71794900065288,3.833984375
208.9378270029556,3.833984375
207.88285799790174,3.833984375
209.13473700056784,3.833984375
209.36088101007044,3.833984375
207.19819399528205,3.833984375
207.59215301950462,3.833984375
209.25238702329807,3.833984375
207.15807800297625,3.833984375
206.75664499867707,3.833984375
207.9304379876703,3.833984375
208.0475179827772,3.833984375
208.08141099405475,3.833984375
208.10594700742513,3.833984375
208.3568169909995,3.833984375
209.16962198680267,3.833984375
207.65119401039556,3.833984375
209.34313800535165,3.833984375
207.87650599959306,3.833984375
207.53222997882403,3.833984375
206.02099600364454,3.833984375
207.16060299309902,3.833984375
207.58155299699865,3.833984375
208.42485499451868,3.833984375
211.7146170057822,3.833984375
209.09267800743692,3.833984375
207.43354599107988,3.833984375
208.44703700277023,3.833984375
207.02808498754166,3.833984375
207.11230297456495,3.833984375
207.0624599873554,3.833984375
206.9661690038629,3.833984375
207.74485901347362,3.833984375
208.92139698844403,3.833984375
206.8757889792323,3.833984375
207.78965300996788,3.833984375
207.54134800517932,3.833984375
208.09538700268604,3.833984375
207.9040180251468,3.833984375
208.08184199267998,3.833984375
207.9302269848995,3.833984375
207.1664539980702,3.833984375
207.5046379759442,3.833984375
208.0204059893731,3.833984375
207.1481900056824,3.833984375
207.80310899135657,3.833984375
207.04428499448113,3.833984375
207.39448198582977,3.833984375
207.3077690147329,3.833984375
208.85508198989555,3.833984375
210.3794819850009,3.833984375
210.12047602562234,3.833984375
206.492169003468,3.833984375
205.60431299963966,3.833984375
206.73766999971122,3.833984375
206.7664829955902,3.833984375
207.7605689992197,3.833984375
206.7751800059341,3.833984375
207.10502899601124,3.833984375
207.0469909813255,3.833984375
207.64776799478568,3.833984375
207.37803101656027,3.833984375
206.9741540180985,3.833984375
206.3457639887929,3.833984375
205.7365920045413,3.833984375
206.90389099763706,3.833984375
206.2632300076075,3.833984375
207.50996898277663,3.833984375
207.47981299064122,3.833984375
207.74507999885827,3.833984375
206.48890300071798,3.833984375
207.788731000619,3.833984375
206.89459500135854,3.833984375
206.31464701727964,3.833984375
206.26776898279786,3.833984375
206.656117021339,3.833984375
207.71938198595308,3.833984375
207.3750050039962,3.833984375
207.11035901331343,3.833984375
207.62333198217675,3.833984375
207.4373320210725,3.833984375
207.11912601836957,3.833984375
207.4150110129267,3.833984375
207.08062400808558,3.833984375
207.0241380133666,3.833984375
206.17461402434856,3.833984375
205.44879202498123,3.833984375
206.60420900094323,3.833984375
206.1071170028299,3.833984375
207.1743890119251,3.833984375
206.8856580008287,3.833984375
207.45848200749606,3.833984375
205.86832900880836,3.833984375
208.05998099967837,3.833984375
205.948699003784,3.833984375
206.2978349858895,3.833984375
206.06989701627754,3.833984375
205.6910469837021,3.833984375
207.33469998231158,3.833984375
207.67556899227202,3.833984375
216.6319609968923,3.833984375
209.81008297530934,3.833984375
208.37811700766906,3.833984375
213.20128600928,3.833984375
207.9250270035118,3.833984375
207.28493700153194,3.833984375
206.74767898162827,3.833984375
206.47849299712107,3.833984375
207.97320798737928,3.833984375
206.7453539930284,3.833984375
209.0770080103539,3.833984375
207.11354500963353,3.833984375
207.16309698764235,3.833984375
207.62925202143379,3.833984375
208.51716899778694,3.833984375
208.21944999624975,3.833984375
208.55761397979222,3.833984375
206.15242200437933,3.833984375
207.7303619880695,3.833984375
206.7365080001764,3.833984375
207.48543299851008,3.833984375
207.58751398534514,3.833984375
205.8121640002355,3.833984375
207.55907098646276,3.833984375
208.66311198915355,3.833984375
207.46407299884595,3.833984375
207.72902001044713,3.833984375
207.2346920031123,3.833984375
206.50254900101572,3.833984375
206.40536700375378,3.833984375
206.78872597636655,3.833984375
207.88095498573966,3.833984375
206.31644898094237,3.833984375
208.6545250203926,3.833984375
207.1164509980008,3.833984375
207.38906200858764,3.833984375
207.50919700367376,3.833984375
210.69504399201833,3.833984375
207.70338200964034,3.833984375
207.9397650086321,3.833984375
208.92362101585604,3.833984375
209.66106400010176,3.833984375
209.4651369843632,3.833984375
208.5929510067217,3.833984375
207.7456399856601,3.833984375
208.61907899961807,3.833984375
207.6825319963973,3.833984375
209.3647180008702,3.833984375
207.77350300340913,3.833984375
208.3812430209946,3.833984375
207.11694200872444,3.833984375
206.82583501911722,3.833984375
207.5786670029629,3.833984375
210.88875699206255,3.833984375
207.7246220142115,3.833984375
210.79339800053276,3.833984375
207.4713559995871,3.833984375
210.94422100577503,3.833984375
209.01971100829542,3.833984375
209.4858050113544,3.833984375
208.6519199947361,3.833984375
207.32313802000135,3.833984375
206.24047698220238,3.833984375
207.01715399627574,3.833984375
208.2713469862938,3.833984375
207.01575200655498,3.833984375
207.2429679974448,3.833984375
207.95072600594722,3.833984375
208.69989099446684,3.833984375
210.31999099068344,3.833984375
208.24911500676535,3.833984375
208.07618100661784,3.833984375
207.0975549868308,3.833984375
207.9561360005755,3.833984375
208.5537170059979,3.833984375
207.04033697256818,3.833984375
206.99248800519854,3.833984375
212.2124310117215,3.833984375
207.25281699560583,3.833984375
207.8569589939434,3.833984375
206.3697389967274,3.833984375
204.8857960035093,3.833984375
204.09898000070825,3.833984375
205.20065701566637,3.833984375
206.08322200132534,3.833984375
206.7210690001957,3.833984375
206.4627340005245,3.833984375
206.1490549822338,3.833984375
205.94519298174419,3.833984375
206.04155299952254,3.833984375
205.94087499193847,3.833984375
205.30757700907998,3.833984375
205.22579399403185,3.833984375
206.28942898474634,3.833984375
205.65328499651514,3.833984375
206.78298501297832,3.833984375
206.21029002359137,3.833984375
206.56251098262146,3.833984375
206.2480409804266,3.833984375
205.00538000487722,3.833984375
205.0124330271501,3.833984375
205.97651199204847,3.833984375
205.1013300078921,3.833984375
205.62804897781461,3.833984375
204.97836999129504,3.833984375
205.6656790082343,3.833984375
204.9072560039349,3.833984375
204.92117200046778,3.833984375
205.3535429877229,3.833984375
206.06941601727158,3.833984375
206.12591202370822,3.833984375
206.1205019999761,3.833984375
205.76431398512796,3.833984375
205.41041900287382,3.833984375
205.79297799849883,3.833984375
204.5873759780079,3.833984375
205.18843398895115,3.833984375
205.51539602456614,3.833984375
212.632909999229,3.833984375
206.62358598201536,3.833984375
205.07601200370118,3.833984375
204.90178500767797,3.833984375
204.6458150143735,3.833984375
205.3938090102747,3.833984375
203.9530060137622,3.833984375
205.06684499559924,3.833984375
208.01817200845107,3.833984375
207.4357490055263,3.833984375
208.00976600730792,3.833984375
206.3646299939137,3.833984375
206.6522900131531,3.833984375
206.77120200707577,3.833984375
206.12660399638116,3.833984375
205.01970700570382,3.833984375
204.98832801240496,3.833984375
206.86835501692258,3.833984375
207.07869000034407,3.833984375
207.76029900298454,3.833984375
207.57822602172382,3.833984375
207.69323201966472,3.833984375
207.29170899721794,3.833984375
207.2922200022731,3.833984375
205.33374600927345,3.833984375
207.0186370110605,3.833984375
205.19201998831704,3.833984375
207.1346050070133,3.833984375
207.11013898835517,3.833984375
207.3574830137659,3.833984375
207.17399899149314,3.833984375
207.14904100168496,3.833984375
207.42430799873546,3.833984375
207.11496801231988,3.833984375
206.52264700038359,3.833984375
205.58324400917627,3.833984375
206.6744909971021,3.833984375
207.10689297993667,3.833984375
206.05700300075114,3.833984375
206.28714500344358,3.833984375
207.59398600785062,3.833984375
206.7950570199173,3.833984375
207.73181499680504,3.833984375
207.43591999053024,3.833984375
205.53694700356573,3.833984375
204.7554109885823,3.833984375
206.54484801343642,3.833984375
207.20139000331983,3.833984375
207.30152699979953,3.833984375
206.21993800159544,3.833984375
206.72217098763213,3.833984375
206.60486101405695,3.833984375
205.76140799676068,3.833984375
207.2935730102472,3.833984375
210.3850429994054,3.833984375
206.85851702000946,3.833984375
205.70119499461725,3.833984375
207.78578601311892,3.833984375
207.77896299841814,3.833984375
207.03904601396061,3.833984375
207.02192300814204,3.833984375
210.74505799333565,3.833984375
208.2482429977972,3.833984375
205.82481799647212,3.833984375
206.11625397577882,3.833984375
205.67759100231342,3.833984375
205.59254198451526,3.833984375
205.69567501661368,3.833984375
204.90027300547808,3.833984375
204.85885499510914,3.833984375
204.50645399978384,3.833984375
204.64519399683923,3.833984375
204.2950470058713,3.833984375
205.27909399243072,3.833984375
205.1235309918411,3.833984375
204.7309149929788,3.833984375
204.54956497997046,3.833984375
204.7569639980793,3.833984375
204.70149998436682,3.833984375
205.1820310007315,3.833984375
204.22853200579993,3.833984375
205.2119779982604,3.833984375
204.05200199456885,3.833984375
204.95666799251921,3.833984375
205.06425100029446,3.833984375
204.7607910062652,3.833984375
204.45593900512904,3.833984375
204.40391197917052,3.833984375
203.43837098334916,3.833984375
203.06658299523406,3.833984375
203.6076079821214,3.833984375
203.02989397896454,3.833984375
203.53784700273536,3.833984375
203.64636098383926,3.833984375
202.8902120073326,3.833984375
203.7087770004291,3.833984375
202.6804990018718,3.833984375
205.11607799562626,3.833984375
204.226619011024,3.833984375
205.03865301725455,3.833984375
204.22804201371036,3.833984375
205.26416497887112,3.833984375
205.07481100503355,3.833984375
204.8186690080911,3.833984375
204.87470499938354,3.833984375
203.9670819940511,3.833984375
204.9837100203149,3.833984375
205.57174299028702,3.833984375
204.8756570147816,3.833984375
204.4124669919256,3.833984375
205.35673899576068,3.833984375
205.93682801700197,3.833984375
205.63970998045988,3.833984375
207.12928497232497,3.833984375
205.81030001631007,3.833984375
206.54550901963376,3.833984375
206.25714800553396,3.833984375
206.0632839857135,3.833984375
204.4888109958265,3.833984375
205.5368369910866,3.833984375
206.38166199205443,3.833984375
207.36250199843198,3.833984375
206.87938501941971,3.833984375
206.3170409819577,3.833984375
206.3805100042373,3.833984375
208.18284098641016,3.833984375
205.9453240071889,3.833984375
206.64374402258545,3.833984375
205.9693189803511,3.833984375
206.5480639867019,3.833984375
206.76132399239577,3.833984375
206.29335602279752,3.833984375
206.86719301738776,3.833984375
206.9944409886375,3.833984375
205.6221170059871,3.833984375
205.3282350243535,3.833984375
205.35809200373478,3.833984375
205.08333601173945,3.833984375
206.01138702477328,3.833984375
206.5222859964706,3.833984375
205.9188339917455,3.833984375
205.53717800066806,3.833984375
205.32871602335945,3.833984375
206.23439599876292,3.833984375
205.83486600662582,3.833984375
205.97761400858872,3.833984375
206.03945999755524,3.833984375
206.51723598712124,3.833984375
206.55856298981234,3.833984375
207.23300898680463,3.833984375
211.25065599335358,3.833984375
209.4414929742925,3.833984375
208.16944597754627,3.833984375
212.26339600980282,3.833984375
208.1637950032018,3.833984375
208.80732298246585,3.833984375
210.61643699067645,3.833984375
207.4108230008278,3.833984375
205.93697798904032,3.833984375
206.73185898340307,3.833984375
205.41790401330218,3.833984375
206.0273580136709,3.833984375
205.05249898997135,3.833984375
207.79466201202013,3.833984375
206.23342401813716,3.833984375
206.7421079846099,3.833984375
205.65279500442557,3.833984375
206.65563599322923,3.833984375
207.47476202086546,3.833984375
206.67536300607026,3.833984375
206.5421330044046,3.833984375
205.60439399559982,3.833984375
206.14534898777492,3.833984375
207.00491100433283,3.833984375
205.87053301278502,3.833984375
206.76455000648275,3.833984375
206.8030730006285,3.833984375
207.84801300032996,3.833984375
206.6569279995747,3.833984375
205.6882110191509,3.833984375
206.0619929980021,3.833984375
205.6375760002993,3.833984375
205.78233699779958,3.833984375
206.547063018661,3.833984375
206.1728499829769,3.833984375
206.38973702443764,3.833984375
207.25923898862675,3.833984375
206.98604598874226,3.833984375
206.1623810150195,3.833984375
207.37027600989677,3.833984375
205.9173710003961,3.833984375
207.51181201194413,3.833984375
207.6119999983348,3.833984375
207.97561298240907,3.833984375
206.00224999361672,3.833984375
208.29295698786154,3.833984375
206.72171001206152,3.833984375
207.7003460144624,3.833984375
206.837967998581,3.833984375
207.72428100463003,3.833984375
207.86836100160144,3.833984375
208.35378099582158,3.833984375
207.08677501534112,3.833984375
207.44935498805717,3.833984375
208.16534801269881,3.833984375
213.58476500608958,3.833984375
211.09638700727373,3.833984375
206.50050500989892,3.833984375
209.92690199636854,3.833984375
207.72874899557792,3.833984375
208.04586401209235,3.833984375
207.6108279870823,3.833984375
207.09406799869612,3.833984375
207.26175300660543,3.833984375
207.04767099232413,3.833984375
205.9724339924287,3.833984375
204.747767013032,3.833984375
206.31455598049797,3.833984375
206.59069399698637,3.833984375
208.10687798075378,3.833984375
206.84030198026448,3.833984375
208.1132199964486,3.833984375
208.53064398397692,3.833984375
207.5674359803088,3.833984375
206.907688989304,3.833984375
205.84244999918155,3.833984375
206.917136994889,3.833984375
208.7267909955699,3.833984375
206.4159060246311,3.833984375
208.05259700864553,3.833984375
207.0546250033658,3.833984375
208.2208819920197,3.833984375
206.76291798008606,3.833984375
208.15781399141997,3.833984375
206.11607399769127,3.833984375
207.39016399602406,3.833984375
208.0573549901601,3.833984375
207.66026998171583,3.833984375
206.00549699156545,3.833984375
208.86815700214356,3.833984375
207.89036201313138,3.833984375
208.58618800411932,3.833984375
207.19891600310802,3.833984375
207.1771750051994,3.833984375
205.75156999984756,3.833984375
207.03304398921318,3.833984375
207.8948009875603,3.833984375
209.06086801551282,3.833984375
207.21038701594807,3.833984375
209.40557500580326,3.833984375
208.08699101326056,3.833984375
208.77022299100645,3.833984375
209.71202000509948,3.833984375
207.6943440188188,3.833984375
206.10867999494076,3.833984375
206.0268859786447,3.833984375
206.54487801948562,3.833984375
208.26340198982507,3.833984375
208.52194700273685,3.833984375
210.15080300276168,3.833984375
216.49027601233684,3.833984375
209.77027900516987,3.833984375
210.00916699995287,3.833984375
209.4965850119479,3.833984375
207.91041001211852,3.833984375
206.05849599814974,3.833984375
205.7158130046446,3.833984375
206.5069070085883,3.833984375
206.34657598566264,3.833984375
207.63171699945815,3.833984375
209.0088599943556,3.833984375
208.05171501706354,3.833984375
208.03512301063165,3.833984375
209.23885199590586,3.833984375
207.16401899699122,3.833984375
205.50695099518634,3.833984375
206.4738449989818,3.833984375
206.4059679978527,3.833984375
206.67691601556726,3.833984375
207.16680400073528,3.833984375
207.26037997519597,3.833984375
207.53658798639663,3.833984375
207.75159198092297,3.833984375
207.91899599134922,3.833984375
206.20614200015552,3.833984375
206.53677301015705,3.833984375
205.8377119828947,3.833984375
205.70570399286225,3.833984375
204.95303100324236,3.833984375
206.1058949911967,3.833984375
205.10441597434692,3.833984375
207.48015301069245,3.833984375
207.5457060127519,3.833984375
207.80466101132333,3.833984375
207.35898599377833,3.833984375
209.05387500533834,3.833984375
207.31841001543216,3.833984375
207.73422901402228,3.833984375
206.39248201041482,3.833984375
205.0720049883239,3.833984375
204.89768800325692,3.833984375
204.83974000671878,3.833984375
205.62398998299614,3.833984375
206.62883497425355,3.833984375
207.65651302644983,3.833984375
207.67965700360946,3.833984375
206.7648710217327,3.833984375
207.12821200140752,3.833984375
206.42589399358258,3.833984375
206.4203140034806,3.833984375
207.64288798091002,3.833984375
205.2206239895895,3.833984375
206.3671149953734,3.833984375
207.87870098138228,3.833984375
207.16080398415215,3.833984375
207.63755799271166,3.833984375
221.42864999477752,3.833984375
207.61904399842024,3.833984375
207.65232600388117,3.833984375
207.0632109825965,3.833984375
206.28403898444958,3.833984375
204.58280798629858,3.833984375
203.99276999523863,3.833984375
205.2497680124361,3.833984375
206.32599800592288,3.833984375
206.54311397811398,3.833984375
206.7327199911233,3.833984375
207.9484220012091,3.833984375
206.45505900029093,3.833984375
209.71497500431724,3.833984375
209.19371698983014,3.833984375
207.0651339890901,3.833984375
204.97226799489,3.833984375
205.1140240218956,3.833984375
202.82865600893274,3.833984375
204.83443897683173,3.833984375
205.7531730097253,3.833984375
206.5212140150834,3.833984375
205.3630209993571,3.833984375
207.58045100956224,3.833984375
208.19758798461407,3.833984375
208.3543729968369,3.833984375
207.52258200081997,3.833984375
208.173552993685,3.833984375
207.2411440021824,3.833984375
208.19736798875965,3.833984375
208.3744200062938,3.833984375
206.62243399419822,3.833984375
205.927109986078,3.833984375
206.47373498650268,3.833984375
208.9137420116458,3.833984375
206.69944799738005,3.833984375
208.3103899785783,3.833984375
208.1579540099483,3.833984375
206.2647319980897,3.833984375
207.95155700761825,3.833984375
208.16888500121422,3.833984375
208.04242699523456,3.833984375
207.1841669967398,3.833984375
206.21114200912416,3.833984375
205.08759398944676,3.833984375
205.5350539740175,3.833984375
205.54503198945895,3.833984375
206.92938897991553,3.833984375
206.46656199824065,3.833984375
208.0707610002719,3.833984375
206.90876999287866,3.833984375
222.8155920165591,3.833984375
208.2610279903747,3.833984375
210.22113499930128,3.833984375
207.56857900414616,3.833984375
206.19699600501917,3.833984375
205.62332900590263,3.833984375
205.18784198793583,3.833984375
205.9648699942045,3.833984375
206.28188500995748,3.833984375
205.45896101975814,3.833984375
214.8554890009109,3.833984375
207.4957720178645,3.833984375
207.15206800377928,3.833984375
207.60884397896007,3.833984375
208.54885800508782,3.833984375
205.61145700048655,3.833984375
206.01532500586472,3.833984375
206.95633001741953,3.833984375
207.1357969834935,3.833984375
207.49533097841777,3.833984375
207.61580701218918,3.833984375
207.05923298373818,3.833984375
208.1343299942091,3.833984375
208.78737498424016,3.833984375
207.99919599085115,3.833984375
206.18434200878255,3.833984375
205.39346800069325,3.833984375
206.95201199851,3.833984375
207.29530599783175,3.833984375
206.25683799153194,3.833984375
206.69052100856788,3.833984375
206.9840119802393,3.833984375
208.08350498555228,3.833984375
208.20349900168367,3.833984375
208.58174897148274,3.833984375
206.01324099698104,3.833984375
206.59893899573945,3.833984375
206.5813259978313,3.833984375
206.20673298253678,3.833984375
206.61488000769168,3.833984375
206.62262398400344,3.833984375
206.74946199869737,3.833984375
207.69708999432623,3.833984375
207.84001797437668,3.833984375
207.68018800299615,3.833984375
206.1745030223392,3.833984375
206.07250201283023,3.833984375
207.05643700785004,3.833984375
206.97256000130437,3.833984375
206.41874099965207,3.833984375
206.73678899765946,3.833984375
209.06500599812716,3.833984375
207.73426900268532,3.833984375
208.10319198062643,3.833984375
207.79275000677444,3.833984375
205.8890679909382,3.833984375
206.19505201466382,3.833984375
205.96841699443758,3.833984375
205.35229099914432,3.833984375
204.46832201560028,3.833984375
204.28779398207553,3.833984375
205.553117004456,3.833984375
207.0401880191639,3.833984375
207.75838400004432,3.833984375
209.20618099626154,3.833984375
208.92604600521736,3.833984375
208.89048802200705,3.833984375
207.3869680170901,3.833984375
206.87873399583623,3.833984375
207.03340502223,3.833984375
207.1602219948545,3.833984375
204.86424598493613,3.833984375
206.69337699655443,3.833984375
207.35062001040205,3.833984375
208.84202801971696,3.833984375
207.2747569764033,3.833984375
208.01023702370003,3.833984375
207.60248199803755,3.833984375
208.21794599760324,3.833984375
206.87320400611497,3.833984375
205.83415500004776,3.833984375
205.4747999936808,3.833984375
205.35594699322246,3.833984375
206.9252920045983,3.833984375
206.82829999714158,3.833984375
207.35621999483556,3.833984375
207.75852500810288,3.833984375
206.98290001018904,3.833984375
208.42796098440886,3.833984375
207.4421510042157,3.833984375
206.16840201546438,3.833984375
206.2672879837919,3.833984375
206.03389001917094,3.833984375
206.45969899487682,3.833984375
206.55800300301053,3.833984375
206.86572999693453,3.833984375
209.7358949831687,3.833984375
208.30074200057425,3.833984375
207.8960330109112,3.833984375
207.6998449920211,3.833984375
207.14871099335141,3.833984375
204.91144401603378,3.833984375
205.01898601651192,3.833984375
203.5645769792609,3.833984375
205.5192440166138,3.833984375
205.393639014801,3.833984375
207.34887599246576,3.833984375
208.1895129813347,3.833984375
210.13617599965073,3.833984375
207.5096580083482,3.833984375
208.94783700350672,3.833984375
207.48902898048982,3.833984375
207.26408800692298,3.833984375
205.6891120155342,3.833984375
207.74557002005167,3.833984375
206.68772602220997,3.833984375
205.9445820050314,3.833984375
206.9047029945068,3.833984375
208.33909400971606,3.833984375
207.7404510055203,3.833984375
207.68844298436306,3.833984375
209.1310299874749,3.833984375
206.97521601687185,3.833984375
207.0263019995764,3.833984375
207.5070830178447,3.833984375
205.23256601882167,3.833984375
206.58474299125373,3.833984375
207.2070900176186,3.833984375
209.2585089849308,3.833984375
209.52297499752603,3.833984375
208.00561798387207,3.833984375
206.9944620016031,3.833984375
207.21804100321606,3.833984375
206.88306199735962,3.833984375
207.01511000515893,3.833984375
206.18904099683277,3.833984375
206.04577200720087,3.833984375
207.80013300827704,3.833984375
208.29722500639036,3.833984375
208.64353500655852,3.833984375
207.8358099970501,3.833984375
208.80894601577893,3.833984375
207.4178360053338,3.833984375
206.6404170182068,3.833984375
206.99607400456443,3.833984375
205.82941599423066,3.833984375
206.53501999913715,3.833984375
207.93985499767587,3.833984375
207.53710900316946,3.833984375
207.28443600819446,3.833984375
208.87125199078582,3.833984375
207.70612597698346,3.833984375
207.02647100551985,3.833984375
207.84623999497853,3.833984375
207.76142098475248,3.833984375
207.4247990094591,3.833984375
206.3862510258332,3.833984375
206.33803002419882,3.833984375
207.24680498824455,3.833984375
207.92952601914294,3.833984375
207.94138801284134,3.833984375
210.40835601161234,3.833984375
209.10538200405426,3.833984375
211.14765299716964,3.833984375
207.59093097876757,3.833984375
206.50465198559687,3.833984375
208.2750839763321,3.833984375
207.30928200646304,3.833984375
206.91275800345466,3.833984375
206.80155997979455,3.833984375
206.71767299063504,3.833984375
207.2169489983935,3.833984375
206.9973270117771,3.833984375
206.1101220024284,3.833984375
206.822388980072,3.833984375
205.64601197838783,3.833984375
207.40695600397885,3.833984375
208.56075000483543,3.833984375
207.72818799014203,3.833984375
206.86189300613478,3.833984375
207.27300399448723,3.833984375
207.38188800169155,3.833984375
207.92152098147199,3.833984375
206.79366498370655,3.833984375
206.98825002182275,3.833984375
207.20348399481736,3.833984375
207.38281999365427,3.833984375
206.20204499573447,3.833984375
206.02791899000295,3.833984375
207.28424601838924,3.833984375
206.91782698850147,3.833984375
207.50222401693463,3.833984375
206.43835800001398,3.833984375
205.7654160016682,3.833984375
205.93846001429483,3.833984375
205.02163100172766,3.833984375
206.16242999676615,3.833984375
206.6699219867587,3.833984375
205.3335559903644,3.833984375
208.98351300274953,3.833984375
209.65962199261412,3.833984375
206.18700599879958,3.833984375
207.0365010004025,3.833984375
206.48245100164786,3.833984375
207.4500760063529,3.833984375
206.55772200552747,3.833984375
206.07830298831686,3.833984375
205.6494680000469,3.833984375
207.36514701275155,3.833984375
207.0856320206076,3.833984375
208.2134879892692,3.833984375
205.7004340167623,3.833984375
206.60179501282983,3.833984375
205.80719399731606,3.833984375
205.37799899466336,3.833984375
208.56893502059393,3.833984375
212.2480079997331,3.833984375
206.73696798621677,3.833984375
207.8924360102974,3.833984375
208.2213829853572,3.833984375
207.8532220039051,3.833984375
205.9208580176346,3.833984375
206.27141499426216,3.833984375
206.9404499779921,3.833984375
206.011007016059,3.833984375
205.73805400636047,3.833984375
205.80636302474886,3.833984375
206.00336301140487,3.833984375
206.66065500699915,3.833984375
207.99264399101958,3.833984375
207.6977709948551,3.833984375
206.87449601246044,3.833984375
207.00038300128654,3.833984375
208.7628389999736,3.833984375
209.06690001720563,3.833984375
208.56270400690846,3.833984375
207.70901200012304,3.833984375
207.62012497289106,3.833984375
209.18117399560288,3.833984375
209.0092409926001,3.833984375
209.9768569751177,3.833984375
209.35865701176226,3.833984375
208.90212000813335,3.833984375
207.98188401386142,3.833984375
209.26867797970772,3.833984375
206.8315760116093,3.833984375
205.9850679943338,3.833984375
205.6743850116618,3.833984375
207.0184370095376,3.833984375
207.1066219941713,3.833984375
207.4252899910789,3.833984375
205.41680199676193,3.833984375
206.00462501170114,3.833984375
206.78975799819455,3.833984375
208.07307498762384,3.833984375
205.99164097802714,3.833984375
206.35128498543054,3.833984375
205.62735700514168,3.833984375
206.6963620018214,3.833984375
205.46703599393368,3.833984375
206.23433601576835,3.833984375
206.26700701541267,3.833984375
206.78727299673483,3.833984375
206.1559490102809,3.833984375
206.60189501359127,3.833984375
207.04884399310686,3.833984375
209.64371098671108,3.833984375
209.68126200023107,3.833984375
212.65390899498016,3.833984375
206.56406399211846,3.833984375
205.9255460044369,3.833984375
207.15204800944775,3.833984375
206.2152799917385,3.833984375
206.25917299184948,3.833984375
207.26292597828433,3.833984375
206.87614899361506,3.833984375
207.83068999298848,3.833984375
206.08043699758127,3.833984375
205.68403298966587,3.833984375
204.67979001114145,3.833984375
205.95559300272726,3.833984375
206.33057699888013,3.833984375
207.58256400586106,3.833984375
206.14328398369253,3.833984375
207.76608897722326,3.833984375
207.32835799572058,3.833984375
207.49534099013545,3.833984375
206.24611800303683,3.833984375
204.8696959973313,3.833984375
204.9345679988619,3.833984375
205.64792500226758,3.833984375
206.26597499358468,3.833984375
207.25859701633453,3.833984375
206.89112800755538,3.833984375
206.91235800040886,3.833984375
206.26778900623322,3.833984375
207.41089299554005,3.833984375
205.92475499142893,3.833984375
205.59871301520616,3.833984375
204.13587900111452,3.833984375
205.87514201179147,3.833984375
205.26032798807137,3.833984375
207.33891800045967,3.833984375
207.73056201869622,3.833984375
206.89739999943413,3.833984375
206.83800798724405,3.833984375
207.68351398874074,3.833984375
206.38193300692365,3.833984375
206.60984999267384,3.833984375
205.1652189984452,3.833984375
205.7734809932299,3.833984375
205.33460800652392,3.833984375
206.71610001591034,3.833984375
205.1790859841276,3.833984375
205.5195239954628,3.833984375
204.71413398627192,3.833984375
206.83570401160978,3.833984375
206.17067598504946,3.833984375
206.8734240019694,3.833984375
206.29087201086804,3.833984375
206.9050339923706,3.833984375
205.77469299314544,3.833984375
207.05520501360297,3.833984375
208.34186897263862,3.833984375
209.46420499240048,3.833984375
215.69361101137474,3.833984375
211.50101599050686,3.833984375
207.9180639993865,3.833984375
206.93799600121565,3.833984375
206.09159802552313,3.833984375
208.07870500721037,3.833984375
206.9675610109698,3.833984375
207.53469498595223,3.833984375
205.67577800829895,3.833984375
206.16297199740075,3.833984375
205.89075100724585,3.833984375
206.83810801710933,3.833984375
206.9146819994785,3.833984375
205.91692999005318,3.833984375
205.73044999036938,3.833984375
206.22101100161672,3.833984375
205.8591720124241,3.833984375
206.69692399678752,3.833984375
205.59412500006147,3.833984375
207.50031099305488,3.833984375
206.86298399232328,3.833984375
207.34200300648808,3.833984375
207.61950500309467,3.833984375
207.33003100031056,3.833984375
206.2049710075371,3.833984375
206.15454600192606,3.833984375
206.16326201707125,3.833984375
205.55780598078854,3.833984375
205.0190760055557,3.833984375
206.24168001813814,3.833984375
208.12785701127723,3.833984375
207.24013299332,3.833984375
207.5795489945449,3.833984375
208.41891400050372,3.833984375
206.1363219982013,3.833984375
208.273811993422,3.833984375
206.77446902845986,3.833984375
207.5181640102528,3.833984375
207.16409900342114,3.833984375
208.39429699117318,3.833984375
208.96727201761678,3.833984375
209.2800700047519,3.833984375
207.63345999876037,3.833984375
207.5371399987489,3.833984375
206.16697997320443,3.833984375
207.70950298174284,3.833984375
207.9018029908184,3.833984375
207.34223400359042,3.833984375
206.97865198599175,3.833984375
208.1188109877985,3.833984375
207.84839399857447,3.833984375
209.2721839726437,3.833984375
210.8277519873809,3.833984375
209.31695902254432,3.833984375
209.50736600207165,3.833984375
211.11996099352837,3.833984375
207.79518299968913,3.833984375
208.46706398879178,3.833984375
207.38356100628152,3.833984375
207.9342450015247,3.833984375
206.27972000511363,3.833984375
207.3095930099953,3.833984375
208.16767300129868,3.833984375
208.14490001066588,3.833984375
209.6369689970743,3.833984375
208.34015600848943,3.833984375
208.72233298723586,3.833984375
208.4906479867641,3.833984375
208.9073599781841,3.833984375
207.59318498312496,3.833984375
207.4262409878429,3.833984375
206.23148998129182,3.833984375
207.72314799251035,3.833984375
207.98987898160703,3.833984375
208.0195239977911,3.833984375
208.3736390050035,3.833984375
208.72524799779058,3.833984375
208.6042209994048,3.833984375
208.00690099713393,3.833984375
210.55536199128255,3.833984375
207.62093699886464,3.833984375
208.2645749906078,3.833984375
206.0790739778895,3.833984375
208.3341749967076,3.833984375
208.2355699967593,3.833984375
208.93891897867434,3.833984375
207.1824349986855,3.833984375
209.01753701036796,3.833984375
207.519076007884,3.833984375
207.2266169998329,3.833984375
206.3190240005497,3.833984375
206.91140601411462,3.833984375
207.48590398579836,3.833984375
208.0368669994641,3.833984375
207.78845102177002,3.833984375
207.65020200633444,3.833984375
208.0370069888886,3.833984375
207.9008519940544,3.833984375
207.15215799282305,3.833984375
205.67810200736858,3.833984375
205.90355500462465,3.833984375
207.0309509872459,3.833984375
208.57103902380913,3.833984375
206.37946799979545,3.833984375
207.32947997748852,3.833984375
208.28356998390518,3.833984375
207.48871899559163,3.833984375
207.83318500616588,3.833984375
204.75753501523286,3.833984375
208.99883200763725,3.833984375
206.2043990008533,3.833984375
206.09516400145367,3.833984375
206.79949500481598,3.833984375
207.31936098309234,3.833984375
206.09055599197745,3.833984375
206.94021001691,3.833984375
205.62499199877493,3.833984375
205.39612401626073,3.833984375
206.31369497277774,3.833984375
207.0642519975081,3.833984375
206.48632899974473,3.833984375
206.20463002705947,3.833984375
210.42908399249427,3.833984375
207.50497898552567,3.833984375
207.71035400684923,3.833984375
207.5477089965716,3.833984375
207.11048899102025,3.833984375
209.43836701917462,3.833984375
206.85038200463168,3.833984375
207.42910698754713,3.833984375
208.3329320012126,3.833984375
208.89482600614429,3.833984375
206.51745700160973,3.833984375
206.06384600978345,3.833984375
205.13505398412235,3.833984375
206.40493600512855,3.833984375
206.492099998286,3.833984375
206.57361202756874,3.833984375
207.1770250040572,3.833984375
206.35601397952996,3.833984375
205.5655810108874,3.833984375
206.95948600769043,3.833984375
205.60871198540553,3.833984375
206.3316779967863,3.833984375
206.50388099602424,3.833984375
206.66562498081475,3.833984375
205.88723401306197,3.833984375
206.3735169940628,3.833984375
206.6640310222283,3.833984375
206.11711501260288,3.833984375
205.65774399437942,3.833984375
209.27896699868143,3.833984375
206.07263201964088,3.833984375
206.50630598538555,3.833984375
206.96316298563033,3.833984375
207.00500201201066,3.833984375
206.4968179911375,3.833984375
206.63686000625603,3.833984375
206.71224300167523,3.833984375
205.5282210058067,3.833984375
209.1887679998763,3.833984375
207.6303350040689,3.833984375
206.248982984107,3.833984375
208.067002997268,3.833984375
211.77977899787948,3.833984375
207.35312497708946,3.833984375
206.70402701944113,3.833984375
205.86418101447634,3.833984375
204.01455101091415,3.833984375
203.76565400511026,3.833984375
204.89125599851832,3.833984375
205.0204680126626,3.833984375
206.28913899417967,3.833984375
206.74504301859997,3.833984375
206.22595000895672,3.833984375
205.50646999618039,3.833984375
205.96623298479244,3.833984375
205.18392499070615,3.833984375
206.0658800182864,3.833984375
206.665845005773,3.833984375
207.29777999804355,3.833984375
206.30201199674048,3.833984375
206.54723298503086,3.833984375
206.81664801668376,3.833984375
206.06906499597244,3.833984375
206.92085300106555,3.833984375
205.25594998616725,3.833984375
205.8883770077955,3.833984375
206.99791799415834,3.833984375
206.41350201913156,3.833984375
205.5828230222687,3.833984375
206.22481798636727,3.833984375
206.5496470022481,3.833984375
206.151830003364,3.833984375
203.82441399851814,3.833984375
206.31267299177125,3.833984375
206.741907983087,3.833984375
206.42075498471968,3.833984375
207.20910400268622,3.833984375
207.32149499235675,3.833984375
206.94418798666447,3.833984375
207.98189399647526,3.833984375
205.51198002067395,3.833984375
204.08372100791894,3.833984375
204.45762301096693,3.833984375
206.2569980043918,3.833984375
205.21596499020234,3.833984375
206.19574299780652,3.833984375
207.04875301453285,3.833984375
205.99895401392132,3.833984375
205.69717799662612,3.833984375
205.57858599931933,3.833984375
205.05583498743363,3.833984375
205.28222899883986,3.833984375
205.54495201213285,3.833984375
206.12128399079666,3.833984375
205.66506698378362,3.833984375
206.5985290100798,3.833984375
206.5122569911182,3.833984375
207.06486399285495,3.833984375
206.02967200102285,3.833984375
207.05819097929634,3.833984375
204.27456899778917,3.833984375
204.16257900069468,3.833984375
204.81837997795083,3.833984375
205.9140150086023,3.833984375
204.92108198232017,3.833984375
206.915062997723,3.833984375
205.23068201146089,3.833984375
205.65294500556774,3.833984375
204.53024900052696,3.833984375
205.43145999545231,3.833984375
205.07453999016434,3.833984375
205.0406270136591,3.833984375
205.1857780024875,3.833984375
205.7517400244251,3.833984375
203.7660960049834,3.833984375
204.7070810222067,3.833984375
205.31031201244332,3.833984375
206.0908770072274,3.833984375
204.8764879873488,3.833984375
206.26074497704394,3.833984375
204.8210039793048,3.833984375
205.28773000114597,3.833984375
205.54184701177292,3.833984375
206.27102398429997,3.833984375
205.2748360147234,3.833984375
205.93062599073164,3.833984375
205.49700301489793,3.833984375
206.32036699680611,3.833984375
206.59122499637306,3.833984375
207.37232000101358,3.833984375
207.80262700282037,3.833984375
207.30629601166584,3.833984375
207.30653702048585,3.833984375
207.18697301344946,3.833984375
206.5171959984582,3.833984375
207.09928800351918,3.833984375
204.41876898985356,3.833984375
204.87994499853812,3.833984375
205.6928300007712,3.833984375
205.14302799711004,3.833984375
206.12271598656662,3.833984375
207.12577798985876,3.833984375
206.81141800014302,3.833984375
204.48781899176538,3.833984375
205.22281801095232,3.833984375
204.94772199890576,3.833984375
206.1943509906996,3.833984375
208.02895197994076,3.833984375
208.29815699835308,3.833984375
241.78863599081524,3.833984375
208.97254298324697,3.833984375
206.44021200132556,3.833984375
206.91385099780746,3.833984375
206.03404997382313,3.833984375
206.007900997065,3.833984375
206.56746998429298,3.833984375
207.3134999955073,3.833984375
207.95538401580416,3.833984375
206.99116500327364,3.833984375
208.55924699571915,3.833984375
206.3439910125453,3.833984375
206.54337498126552,3.833984375
205.67694000783376,3.833984375
204.54148997669108,3.833984375
203.24660098413005,3.833984375
205.3645740088541,3.833984375
205.46270802151412,3.833984375
205.60210998519324,3.833984375
205.2547269850038,3.833984375
206.74409202183597,3.833984375
206.39526698505506,3.833984375
205.6011669919826,3.833984375
205.27379401028156,3.833984375
204.00537399109453,3.833984375
205.32112201908603,3.833984375
205.02147998195142,3.833984375
204.44082000176422,3.833984375
205.1549599855207,3.833984375
203.1446190085262,3.833984375
204.80300101917237,3.833984375
205.6451009993907,3.833984375
205.49078099429607,3.833984375
205.67742100683972,3.833984375
205.3693929919973,3.833984375
205.30600397614762,3.833984375
204.19356797356158,3.833984375
203.93701599095948,3.833984375
203.99839099263772,3.833984375
205.45846002642065,3.833984375
205.65052001620643,3.833984375
205.35075798397884,3.833984375
205.3199709916953,3.833984375
205.17669100081548,3.833984375
205.75909400940873,3.833984375
204.9794209888205,3.833984375
206.2969529943075,3.833984375
206.04021099279635,3.833984375
206.43182599451393,3.833984375
206.061069999123,3.833984375
205.8976940170396,3.833984375
206.42554500955157,3.833984375
206.04266598820686,3.833984375
210.94032400287688,3.833984375
215.7550360134337,3.833984375
211.7875629919581,3.833984375
207.91949701379053,3.833984375
206.10508302343078,3.833984375
206.56240099924617,3.833984375
205.1607010071166,3.833984375
203.85006300057285,3.833984375
202.98412899137475,3.833984375
203.15398700768128,3.833984375
203.12573399860412,3.833984375
204.14005700149573,3.833984375
204.0158130112104,3.833984375
204.3102259922307,3.833984375
204.87195000168867,3.833984375
206.786020018626,3.833984375
206.11965999705717,3.833984375
205.37744800094515,3.833984375
205.367450020276,3.833984375
206.81369298836216,3.833984375
207.07396100624464,3.833984375
207.7982390183024,3.833984375
207.49852698645554,3.833984375
207.6938129903283,3.833984375
206.65576701867394,3.833984375
206.6752329992596,3.833984375
206.0546680004336,3.833984375
205.51300200168043,3.833984375
205.2549679938238,3.833984375
206.6539119987283,3.833984375
205.848612007685,3.833984375
207.32795697404072,3.833984375
206.8381680001039,3.833984375
207.97787699848413,3.833984375
207.02674199128523,3.833984375
206.24060701811686,3.833984375
204.82958099455573,3.833984375
204.7524460067507,3.833984375
205.02432598732412,3.833984375
205.3934479772579,3.833984375
205.53834000020288,3.833984375
206.55566800269298,3.833984375
206.67495200177655,3.833984375
207.5474290177226,3.833984375
206.43811800982803,3.833984375
206.555388023844,3.833984375
205.37443298962899,3.833984375
205.7360110047739,3.833984375
204.7425169730559,3.833984375
204.90016299299896,3.833984375
204.63618799112737,3.833984375
205.4875140020158,3.833984375
206.23485601390712,3.833984375
207.27023901417851,3.833984375
210.58161102700979,3.833984375
206.17266901535913,3.833984375
212.1910610003397,3.833984375
209.36016002087854,3.833984375
206.47084899246693,3.833984375
205.93228901270777,3.833984375
205.3287260059733,3.833984375
206.41901198541746,3.833984375
206.29627199377865,3.833984375
205.69546497426927,3.833984375
205.54857901879586,3.833984375
208.68199798860587,3.833984375
208.01975502399728,3.833984375
208.6461400031112,3.833984375
207.41193401045166,3.833984375
207.12602901039645,3.833984375
206.0593469941523,3.833984375
206.31321301334538,3.833984375
204.7399519942701,3.833984375
205.37820999743417,3.833984375
206.91779800108634,3.833984375
206.68150502024218,3.833984375
206.69176400406286,3.833984375
208.35837099002674,3.833984375
206.57687800121494,3.833984375
206.790529016871,3.833984375
206.28208501148038,3.833984375
205.48103301553056,3.833984375
205.01826400868595,3.833984375
206.93860700703226,3.833984375
206.60675398539752,3.833984375
206.35339900036342,3.833984375
206.76836700295098,3.833984375
207.29791099438444,3.833984375
207.40821698564105,3.833984375
206.57294100965373,3.833984375
205.8333340100944,3.833984375
207.08695499342866,3.833984375
205.9505129873287,3.833984375
206.2145980016794,3.833984375
207.5820140016731,3.833984375
207.28709100512788,3.833984375
206.34623599471524,3.833984375
206.1650949763134,3.833984375
205.2251730056014,3.833984375
206.39641000889242,3.833984375
206.6354480048176,3.833984375
207.464542996604,3.833984375
206.71605999814346,3.833984375
206.46254302118905,3.833984375
207.04486599424854,3.833984375
206.58703698427416,3.833984375
207.70067599369213,3.833984375
206.78708201739937,3.833984375
206.68655401095748,3.833984375
208.14574099495076,3.833984375
209.14097901550122,3.833984375
207.30024500517175,3.833984375
206.17083602701314,3.833984375
205.37972199963406,3.833984375
211.34674700442702,3.833984375
204.91572201717645,3.833984375
203.57323298230767,3.833984375
204.83823600807227,3.833984375
205.9031539829448,3.833984375
206.79787200060673,3.833984375
206.72100901720114,3.833984375
207.76742201996967,3.833984375
206.42476301873103,3.833984375
207.31833900208585,3.833984375
207.1117009909358,3.833984375
207.36633898923174,3.833984375
207.43915499770083,3.833984375
206.4648180094082,3.833984375
205.99216100526974,3.833984375
207.94454400311224,3.833984375
206.6029369889293,3.833984375
209.83408798929304,3.833984375
208.44583498546854,3.833984375
208.974406006746,3.833984375
206.61213499261066,3.833984375
205.9659520164132,3.833984375
206.73996402183548,3.833984375
206.20152400806546,3.833984375
206.10305899754167,3.833984375
206.3294340041466,3.833984375
207.28039799723774,3.833984375
207.20201099175029,3.833984375
207.1892370004207,3.833984375
208.91331098391674,3.833984375
205.15462002367713,3.833984375
205.24124201619998,3.833984375
205.30676600174047,3.833984375
205.43290200293995,3.833984375
205.78743700752966,3.833984375
207.021883019479,3.833984375
207.23710700985976,3.833984375
208.08583902544342,3.833984375
207.23418099805713,3.833984375
207.6535079977475,3.833984375
206.11928901053034,3.833984375
204.97560399235226,3.833984375
205.49457799643278,3.833984375
205.6134199956432,3.833984375
206.07011701213196,3.833984375
205.87136497488245,3.833984375
209.823890007101,3.833984375
208.06862600147724,3.833984375
208.54872700874694,3.833984375
209.3782539886888,3.833984375
206.99776802212,3.833984375
207.8085889806971,3.833984375
207.80118499533273,3.833984375
207.26244398974814,3.833984375
207.9138060216792,3.833984375
208.07850500568748,3.833984375
209.02781598852016,3.833984375
207.40429000579752,3.833984375
209.77462700102478,3.833984375
207.06817001337186,3.833984375
208.4116100159008,3.833984375
207.8689429908991,3.833984375
207.30012501007877,3.833984375
208.10048701241612,3.833984375
207.5995659979526,3.833984375
208.66580700385384,3.833984375
207.9172229859978,3.833984375
208.78120299312286,3.833984375
207.91104101226665,3.833984375
209.0897029847838,3.833984375
207.8955020115245,3.833984375
208.2063950074371,3.833984375
207.57204500841908,3.833984375
207.78344201971777,3.833984375
208.88764300616458,3.833984375
208.16326400381513,3.833984375
207.50512901577167,3.833984375
208.21657398482785,3.833984375
206.6609660105314,3.833984375
206.23371499823406,3.833984375
205.83026701933704,3.833984375
205.99786200909875,3.833984375
205.7327239890583,3.833984375
206.3659030245617,3.833984375
206.6362100013066,3.833984375
206.37082197936252,3.833984375
206.3775240094401,3.833984375
207.50927799963392,3.833984375
206.96272200439125,3.833984375
206.8706790159922,3.833984375
206.48487500147894,3.833984375
206.095674977405,3.833984375
206.3556229986716,3.833984375
206.27979101845995,3.833984375
205.9525370132178,3.833984375
206.3409560068976,3.833984375
206.31333399796858,3.833984375
207.48575401376002,3.833984375
205.53173799999058,3.833984375
206.65254001505673,3.833984375
206.26417099265382,3.833984375
207.14987299288623,3.833984375
205.95930999843404,3.833984375
214.96347099309787,3.833984375
210.10441600810736,3.833984375
206.37272502062842,3.833984375
206.33920200634748,3.833984375
205.4513069742825,3.833984375
205.58881500619464,3.833984375
205.78304899390787,3.833984375
205.7759460003581,3.833984375
206.1051939963363,3.833984375
206.46190200932324,3.833984375
205.97406700835563,3.833984375
205.8826059801504,3.833984375
206.06339498772286,3.833984375
205.36088701919653,3.833984375
204.88665701122954,3.833984375
204.11093198345043,3.833984375
204.79979400988668,3.833984375
205.8697909815237,3.833984375
205.72325700777583,3.833984375
205.34363397746347,3.833984375
207.01616199221462,3.833984375
207.85426397924311,3.833984375
206.96296298410743,3.833984375
205.93374100280926,3.833984375
206.01925201481208,3.833984375
205.3066549997311,3.833984375
206.14896499319002,3.833984375
206.2433919927571,3.833984375
207.96109500224702,3.833984375
207.48430100502446,3.833984375
208.35970298503526,3.833984375
206.72611900954507,3.833984375
206.66807002271526,3.833984375
206.70232301927172,3.833984375
205.99843299714848,3.833984375
206.72696898691356,3.833984375
206.98721799999475,3.833984375
207.75682097882964,3.833984375
207.90003100410104,3.833984375
206.16548700490966,3.833984375
206.4962069853209,3.833984375
205.03289200132713,3.833984375
206.57518500229344,3.833984375
206.70277398312464,3.833984375
206.9030099955853,3.833984375
206.44303699373268,3.833984375
206.91414098837413,3.833984375
207.77062702109106,3.833984375
208.0764620041009,3.833984375
207.0221529866103,3.833984375
207.68188199144788,3.833984375
205.79094398999587,3.833984375
206.93528998526745,3.833984375
206.7859300004784,3.833984375
208.39989898377098,3.833984375
215.24380700429901,3.833984375
207.65638299053535,3.833984375
206.33270998951048,3.833984375
205.50236298004165,3.833984375
205.84565598983318,3.833984375
207.16163498582318,3.833984375
206.3914810132701,3.833984375
206.35602399124764,3.833984375
206.25293999910355,3.833984375
207.94917299645022,3.833984375
205.3517500171438,3.833984375
205.3486140212044,3.833984375
205.10355400620028,3.833984375
205.9310959884897,3.833984375
206.22725298744626,3.833984375
206.4342710073106,3.833984375
206.14423698862083,3.833984375
207.10571101517417,3.833984375
208.89312398503534,3.833984375
207.02220397652127,3.833984375
205.0683580164332,3.833984375
206.49043601588346,3.833984375
207.08395901601762,3.833984375
207.26370700867847,3.833984375
205.75588798965327,3.833984375
206.32645802106708,3.833984375
205.71254700189456,3.833984375
207.99063000595197,3.833984375
206.17715799016878,3.833984375
206.0633549990598,3.833984375
206.22476801509038,3.833984375
206.7668249947019,3.833984375
207.43714200216345,3.833984375
208.0613430007361,3.833984375
207.7759480162058,3.833984375
207.41957900463603,3.833984375
205.49609101726674,3.833984375
206.83155598817393,3.833984375
207.14844999019988,3.833984375
206.95624998188578,3.833984375
207.73644401924685,3.833984375
207.06109702587128,3.833984375
207.69761098199524,3.833984375
206.93099198979326,3.833984375
205.85012499941513,3.833984375
207.15735800331458,3.833984375
206.58198700402863,3.833984375
207.19688100507483,3.833984375
206.41470400732942,3.833984375
209.6246060100384,3.833984375
211.81301100295968,3.833984375
209.91443897946738,3.833984375
207.55507398280315,3.833984375
211.07947500422597,3.833984375
211.47388499230146,3.833984375
206.8874200049322,3.833984375
206.56269098981284,3.833984375
207.72342901909724,3.833984375
207.85741100553423,3.833984375
207.13336201151833,3.833984375
207.27694098604843,3.833984375
206.99228800367564,3.833984375
207.10796499042772,3.833984375
207.0393960166257,3.833984375
205.94909999636002,3.833984375
206.789255986223,3.833984375
207.3887019942049,3.833984375
208.1764590111561,3.833984375
207.83281401963905,3.833984375
207.24877799511887,3.833984375
207.38399200490676,3.833984375
207.08800700958818,3.833984375
206.1773389868904,3.833984375
207.04698999179527,3.833984375
205.92255098745227,3.833984375
207.3607490165159,3.833984375
205.4623980075121,3.833984375
204.99888798804022,3.833984375
206.13816598779522,3.833984375
207.82679299009033,3.833984375
206.64885299629532,3.833984375
206.46082001621835,3.833984375
205.79999100300483,3.833984375
207.72723699337803,3.833984375
207.91477800230496,3.833984375
206.95002799038775,3.833984375
206.54294398264028,3.833984375
207.15863900841214,3.833984375
206.73333198647015,3.833984375
205.3085589723196,3.833984375
204.86064901342615,3.833984375
207.00623400625773,3.833984375
206.77339599933475,3.833984375
206.70312500442378,3.833984375
207.895482017193,3.833984375
206.9425339868758,3.833984375
206.6991179890465,3.833984375
206.26652598730288,3.833984375
205.44886199058965,3.833984375
207.04700000351295,3.833984375
206.08628800255246,3.833984375
207.21015700837597,3.833984375
206.4735240128357,3.833984375
208.83095599128865,3.833984375
207.63343997532502,3.833984375
209.9053029960487,3.833984375
206.40545699279755,3.833984375
213.49440500489436,3.833984375
206.86398600810207,3.833984375
206.66930099832825,3.833984375
205.22164599969983,3.833984375
206.12765499390662,3.833984375
205.80205498845316,3.833984375
209.28297497448511,3.833984375
206.09133699326776,3.833984375
208.3515480044298,3.833984375
206.859127007192,3.833984375
206.62180200451985,3.833984375
207.1323800191749,3.833984375
208.0173509893939,3.833984375
206.34241800871678,3.833984375
207.87642599316314,3.833984375
207.71111600333825,3.833984375
204.98719598981552,3.833984375
205.46122500672936,3.833984375
206.40183999785222,3.833984375
205.70606499677524,3.833984375
213.19580500130542,3.833984375
206.80048799840733,3.833984375
208.36537398281507,3.833984375
206.38957701157779,3.833984375
207.35865499591455,3.833984375
205.54978100699373,3.833984375
206.5258419897873,3.833984375
206.53422799659893,3.833984375
207.10311501170509,3.833984375
207.19187200302258,3.833984375
207.0979359850753,3.833984375
206.5234580077231,3.833984375
206.7400039813947,3.833984375
205.86748697678559,3.833984375
206.29284498863854,3.833984375
206.13304499420337,3.833984375
207.3020980169531,3.833984375
207.24465098464862,3.833984375
208.11558500281535,3.833984375
207.4471910018474,3.833984375
206.80810199701227,3.833984375
205.9315670048818,3.833984375
206.9709470088128,3.833984375
206.6518790088594,3.833984375
207.22716799355112,3.833984375
207.7051950036548,3.833984375
207.08652399480343,3.833984375
206.64874301292002,3.833984375
208.18156900350004,3.833984375
206.24025599681772,3.833984375
205.52849100204185,3.833984375
206.83660497888923,3.833984375
209.02899900102057,3.833984375
209.6580080105923,3.833984375
206.53828600188717,3.833984375
206.09585600323044,3.833984375
205.9534680156503,3.833984375
205.19040699582547,3.833984375
205.26434600469656,3.833984375
204.5960230170749,3.833984375
205.90413600439206,3.833984375
206.8159260088578,3.833984375
207.28002800024115,3.833984375
206.63906499976292,3.833984375
206.2139869958628,3.833984375
205.55518197943456,3.833984375
205.64080201438628,3.833984375
205.44445401174016,3.833984375
207.181172008859,3.833984375
206.27761699142866,3.833984375
206.80085898493417,3.833984375
206.6280439903494,3.833984375
209.76231401436962,3.833984375
207.1343339921441,3.833984375
207.0713059802074,3.833984375
206.787422997877,3.833984375
206.87534799799323,3.833984375
206.6100400115829,3.833984375
207.54765899619088,3.833984375
206.85366800171323,3.833984375
207.09397899918258,3.833984375
207.59043999714777,3.833984375
206.3611640187446,3.833984375
205.90108999749646,3.833984375
206.29745401674882,3.833984375
206.42291998956352,3.833984375
207.2302240121644,3.833984375
207.3539360135328,3.833984375
206.04849699884653,3.833984375
205.98300400888547,3.833984375
205.35072800703347,3.833984375
204.71141900634393,3.833984375
205.5651400005445,3.833984375
206.36494000791572,3.833984375
207.27267299662344,3.833984375
206.62971801357344,3.833984375
208.1125290133059,3.833984375
205.9609630086925,3.833984375
207.40827801637352,3.833984375
206.61990897497162,3.833984375
207.17317701200955,3.833984375
206.83721598470584,3.833984375
207.2778239962645,3.833984375
206.61703299265355,3.833984375
206.270834984025,3.833984375
205.58642002288252,3.833984375
205.565430020215,3.833984375
206.56677000806667,3.833984375
207.46328102541156,3.833984375
206.23904498643242,3.833984375
205.87227700161748,3.833984375
207.6474860077724,3.833984375
207.8256609966047,3.833984375
205.33302499097772,3.833984375
206.38721200521104,3.833984375
206.82815898908302,3.833984375
207.1696399943903,3.833984375
206.60992001648992,3.833984375
205.96618199488148,3.833984375
206.30153099773452,3.833984375
205.74232301441953,3.833984375
205.0916820007842,3.833984375
205.94540401361883,3.833984375
205.82930598175153,3.833984375
206.2941580079496,3.833984375
206.4719109912403,3.833984375
207.35361499828286,3.833984375
205.56130300974473,3.833984375
206.03915897663683,3.833984375
206.08659798745066,3.833984375
205.75528699555434,3.833984375
206.05229499051347,3.833984375
206.21385701815598,3.833984375
206.87035800074227,3.833984375
205.74952600873075,3.833984375
205.2706780086737,3.833984375
206.4378380018752,3.833984375
206.63231200887822,3.833984375
206.7195560084656,3.833984375
205.76452399836853,3.833984375
206.19127500685863,3.833984375
206.99051397969015,3.833984375
206.29230502527207,3.833984375
205.39861702127382,3.833984375
207.0502860005945,3.833984375
206.55890498892404,3.833984375
206.64809198933654,3.833984375
206.22399699641392,3.833984375
206.16162900114432,3.833984375
206.0910669970326,3.833984375
206.5628920099698,3.833984375
206.73351199366152,3.833984375
205.8386730204802,3.833984375
206.57886200933717,3.833984375
206.4435080101248,3.833984375
206.24121802393347,3.833984375
204.62508700438775,3.833984375
205.53020501392893,3.833984375
206.3496319751721,3.833984375
206.11633401131257,3.833984375
206.14574899082072,3.833984375
206.26638500834815,3.833984375
206.7800590011757,3.833984375
205.4922030074522,3.833984375
204.99602297786623,3.833984375
205.2809869928751,3.833984375
206.86011901125312,3.833984375
205.83395499852486,3.833984375
206.0098240035586,3.833984375
206.0950250015594,3.833984375
205.998813995393,3.833984375
203.85846798308194,3.833984375
203.70326700503938,3.833984375
203.63963799900375,3.833984375
204.69667098950595,3.833984375
204.78587798424996,3.833984375
204.92254398413934,3.833984375
204.24491298035719,3.833984375
206.07034798013046,3.833984375
205.7766470243223,3.833984375
205.80924800015055,3.833984375
204.77554900571704,3.833984375
205.98963601514697,3.833984375
204.25708699622191,3.833984375
204.44952699472196,3.833984375
204.3080120056402,3.833984375
204.6604430070147,3.833984375
205.3373529925011,3.833984375
206.54530901811086,3.833984375
205.78394099720754,3.833984375
206.57338100136258,3.833984375
205.9963290230371,3.833984375
206.0692360100802,3.833984375
204.78081901092082,3.833984375
206.56379399588332,3.833984375
207.05814199754968,3.833984375
208.1857070152182,3.833984375
206.80108899250627,3.833984375
206.4892839989625,3.833984375
207.29269098956138,3.833984375
206.56469601090066,3.833984375
205.59090899769217,3.833984375
205.57760301744565,3.833984375
205.69021502160467,3.833984375
206.6343859769404,3.833984375
205.99110898911022,3.833984375
206.88216100097634,3.833984375
207.68026800942607,3.833984375
208.03759898990393,3.833984375
205.39097298751585,3.833984375
205.97016997635365,3.833984375
204.7239920066204,3.833984375
204.68796498607844,3.833984375
204.54223101842217,3.833984375
207.5721550208982,3.833984375
206.48593798978254,3.833984375
207.17991999117658,3.833984375
206.8464329931885,3.833984375
207.68591898377053,3.833984375
207.19801299856044,3.833984375
205.60068701161072,3.833984375
204.6319590008352,3.833984375
205.31229602056555,3.833984375
206.1306510004215,3.833984375
207.08838797872886,3.833984375
206.84743599849753,3.833984375
207.59576000273228,3.833984375
207.12436502799392,3.833984375
206.14623097935691,3.833984375
204.19330600998364,3.833984375
205.10392397409305,3.833984375
205.60203900095075,3.833984375
215.11112799635157,3.833984375
207.34882602118887,3.833984375
208.60180701129138,3.833984375
206.5357910178136,3.833984375
207.29883201420307,3.833984375
204.30682000005618,3.833984375
204.98627400957048,3.833984375
205.0287140009459,3.833984375
206.13504000357352,3.833984375
206.61966799525544,3.833984375
207.614534010645,3.833984375
206.49841098929755,3.833984375
206.3597509986721,3.833984375
205.17234300496057,3.833984375
205.66274301381782,3.833984375
206.42960199620575,3.833984375
206.09797901124693,3.833984375
206.50423198821954,3.833984375
209.76613101083785,3.833984375
207.05023600021377,3.833984375
207.009049016051,3.833984375
206.17110701277852,3.833984375
205.9254259802401,3.833984375
205.24841602309607,3.833984375
205.7063849933911,3.833984375
206.13103100913577,3.833984375
207.73413899587467,3.833984375
207.19643001211807,3.833984375
208.15148198744282,3.833984375
208.52330900379457,3.833984375
209.0445380017627,3.833984375
205.91356401564553,3.833984375
206.58280997304246,3.833984375
205.50621001166292,3.833984375
206.9795930001419,3.833984375
207.1228830027394,3.833984375
208.31080098287202,3.833984375
209.12484801374376,3.833984375
206.99230700847693,3.833984375
208.30697400378995,3.833984375
207.14370100176893,3.833984375
206.28879699506797,3.833984375
205.9819729765877,3.833984375
205.9606819821056,3.833984375
207.87978201406077,3.833984375
206.78668201435357,3.833984375
209.4203419983387,3.833984375
206.86901599401608,3.833984375
206.86748300795443,3.833984375
206.24575699912384,3.833984375
207.51754299271852,3.833984375
206.33236900903285,3.833984375
205.7084389962256,3.833984375
206.54168300097808,3.833984375
207.27094099856913,3.833984375
206.64173000841402,3.833984375
206.49753999896348,3.833984375
205.7635319943074,3.833984375
206.35695598321036,3.833984375
204.28081098361872,3.833984375
206.33235899731517,3.833984375
206.1897620151285,3.833984375
207.64144498389214,3.833984375
206.38879601028748,3.833984375
205.71889900020324,3.833984375
205.4045090044383,3.833984375
204.7893350245431,3.833984375
204.5179259730503,3.833984375
205.4828860273119,3.833984375
206.9503490056377,3.833984375
208.2390160067007,3.833984375
208.15717297955416,3.833984375
207.43257401045412,3.833984375
204.88327101338655,3.833984375
204.4867970107589,3.833984375
205.02259201020934,3.833984375
205.69318000343628,3.833984375
206.63112998590805,3.833984375
208.4345939802006,3.833984375
206.5232880122494,3.833984375
207.29000598657876,3.833984375
205.74122000834905,3.833984375
204.58883899846114,3.833984375
203.9069790043868,3.833984375
205.07480099331588,3.833984375
206.99735698872246,3.833984375
206.13256501383148,3.833984375
206.51903000543825,3.833984375
209.1201400035061,3.833984375
206.50735800154507,3.833984375
206.2234350014478,3.833984375
206.24542600126006,3.833984375
206.35410002432764,3.833984375
206.4640159951523,3.833984375
209.40892200451344,3.833984375
207.94303101138212,3.833984375
207.5401449983474,3.833984375
208.5319859907031,3.833984375
206.21599099831656,3.833984375
205.7943000108935,3.833984375
206.76542198634706,3.833984375
206.74451199010946,3.833984375
207.66075199935585,3.833984375
206.33078698301688,3.833984375
208.55472900439054,3.833984375
206.6520490043331,3.833984375
207.53284098464064,3.833984375
206.10360099817626,3.833984375
207.30644700233825,3.833984375
207.2201349947136,3.833984375
207.01421902049333,3.833984375
206.7010109894909,3.833984375
206.8657400086522,3.833984375
206.83543299674056,3.833984375
207.46119701652788,3.833984375
206.1039010004606,3.833984375
205.88108300580643,3.833984375
205.49915698939003,3.833984375
205.60687797842547,3.833984375
204.8390280106105,3.833984375
205.15563202206977,3.833984375
204.49741699849255,3.833984375
205.0062420021277,3.833984375
205.1484179974068,3.833984375
205.5195239954628,3.833984375
206.63434598827735,3.833984375
204.77999799186364,3.833984375
205.11758100474253,3.833984375
205.25274498504587,3.833984375
203.7935970001854,3.833984375
203.86596201569773,3.833984375
203.73796299099922,3.833984375
203.08040897361934,3.833984375
202.2445409966167,3.833984375
203.60036398051307,3.833984375
202.91699297376908,3.833984375
202.1515759988688,3.833984375
202.61402399046347,3.833984375
202.67570999567397,3.833984375
201.9735630019568,3.833984375
202.69247100804932,3.833984375
202.92837300803512,3.833984375
202.84141099546105,3.833984375
208.67535498109646,3.833984375
208.41968499007635,3.833984375
204.04115100973286,3.833984375
206.11777700833045,3.833984375
202.46498499182053,3.833984375
202.8293180046603,3.833984375
202.21626700367779,3.833984375
202.7321950008627,3.833984375
202.49566200072877,3.833984375
202.40019200718962,3.833984375
202.15119601925835,3.833984375
202.7286090014968,3.833984375
202.1698809985537,3.833984375
202.4380340008065,3.833984375
202.92112999595702,3.833984375
203.0361959768925,3.833984375
202.23592399270274,3.833984375
202.92136000352912,3.833984375
202.72750698495656,3.833984375
202.86751000094227,3.833984375
203.20679599535652,3.833984375
203.17783099017106,3.833984375
203.39854501071386,3.833984375
204.61470700684004,3.833984375
203.86165400850587,3.833984375
204.80565499747172,3.833984375
204.85578998341225,3.833984375
206.0282489983365,3.833984375
205.64866700442508,3.833984375
205.40161401731893,3.833984375
204.22342300298624,3.833984375
203.19529398693703,3.833984375
203.7639920017682,3.833984375
203.40788300381973,3.833984375
203.3379319764208,3.833984375
204.07842099666595,3.833984375
203.8805400079582,3.833984375
205.25013899896294,3.833984375
205.18874400295317,3.833984375
205.7819869951345,3.833984375
205.5496819957625,3.833984375
205.60119801666588,3.833984375
205.33878600690514,3.833984375
206.2424109899439,3.833984375
204.71822100807913,3.833984375
205.27974498691037,3.833984375
205.81903698621318,3.833984375
206.52311699814163,3.833984375
205.23608301300555,3.833984375
207.13660898036323,3.833984375
206.31465598125942,3.833984375
205.36502500181086,3.833984375
205.28735901461914,3.833984375
206.54464699327946,3.833984375
205.81870601745322,3.833984375
211.7937860020902,3.833984375
205.64826598274522,3.833984375
209.44441799656488,3.833984375
205.76924298075028,3.833984375
205.26789198629558,3.833984375
205.56725401547737,3.833984375
205.44632800738327,3.833984375
204.6683680091519,3.833984375
205.62137602246366,3.833984375
206.8194930034224,3.833984375
205.74588899035007,3.833984375
205.28279099380597,3.833984375
205.71086401469074,3.833984375
205.65174199873582,3.833984375
205.20448402385227,3.833984375
205.32391799497418,3.833984375
205.94443098525517,3.833984375
206.63140999386087,3.833984375
205.1562630222179,3.833984375
205.85024502361193,3.833984375
206.6244169836864,3.833984375
206.0544980049599,3.833984375
205.845866992604,3.833984375
205.78362001106143,3.833984375
205.8364389813505,3.833984375
205.22919000359252,3.833984375
205.91106900246814,3.833984375
205.42820301488973,3.833984375
205.29775900649838,3.833984375
205.5502820003312,3.833984375
205.67361399298534,3.833984375
206.52660299674608,3.833984375
206.67499300907366,3.833984375
205.52977398619987,3.833984375
206.10383100574836,3.833984375
205.17260397900827,3.833984375
205.06124501116574,3.833984375
204.2636889964342,3.833984375
204.6273210144136,3.833984375
205.41090000187978,3.833984375
205.316823994508,3.833984375
204.14180000079796,3.833984375
204.84852598747239,3.833984375
205.47931001055986,3.833984375
204.9966329941526,3.833984375
204.6617750020232,3.833984375
205.88515998679213,3.833984375
204.9291770090349,3.833984375
206.14086999557912,3.833984375
205.11054797680117,3.833984375
207.55211700452492,3.833984375
206.0265949985478,3.833984375
205.80093198805116,3.833984375
210.79339800053276,3.833984375
210.48189399880357,3.833984375
211.74256899394095,3.833984375
209.46737099438906,3.833984375
206.09515500837006,3.833984375
206.14838501205668,3.833984375
207.31092599453405,3.833984375
206.06348500587046,3.833984375
206.4247929956764,3.833984375
206.18278899928555,3.833984375
205.77128700097091,3.833984375
205.4781969927717,3.833984375
204.29522800259292,3.833984375
208.1026099913288,3.833984375
205.98202300607227,3.833984375
205.8434920036234,3.833984375
205.27052800753154,3.833984375
206.43434100202285,3.833984375
204.8919179942459,3.833984375
205.5649599933531,3.833984375
204.9770070007071,3.833984375
205.48550100647844,3.833984375
205.85590499104,3.833984375
206.28121300251223,3.833984375
206.02138599497266,3.833984375
205.94206702662632,3.833984375
205.9849580109585,3.833984375
206.69845599331893,3.833984375
206.09252899885178,3.833984375
206.11688500503078,3.833984375
204.65799799421802,3.833984375
205.16581099946052,3.833984375
204.40735798911192,3.833984375
205.8258690231014,3.833984375
205.72011001058854,3.833984375
205.6693859922234,3.833984375
204.41405099700205,3.833984375
204.3011589848902,3.833984375
205.11243102373555,3.833984375
206.27871798933484,3.833984375
205.05650600534864,3.833984375
205.81331601715647,3.833984375
204.98422099626623,3.833984375
204.8966959991958,3.833984375
204.92299500619993,3.833984375
205.99655000842176,3.833984375
205.67061798647046,3.833984375
205.45696699991822,3.833984375
204.39383300254121,3.833984375
205.43548598652706,3.833984375
206.6799419990275,3.833984375
206.25691799796186,3.833984375
206.2858029967174,3.833984375
205.86790799279697,3.833984375
206.24897300149314,3.833984375
204.8067669966258,3.833984375
204.33580401004292,3.833984375
206.98983300826512,3.833984375
206.94468801957555,3.833984375
206.72175000072457,3.833984375
206.5182180085685,3.833984375
207.28704999783076,3.833984375
205.88273601606488,3.833984375
206.3675149984192,3.833984375
207.381557993358,3.833984375
206.1945809982717,3.833984375
206.93704299628735,3.833984375
207.3164859903045,3.833984375
206.1893210047856,3.833984375
206.85583099839278,3.833984375
206.01055599399842,3.833984375
206.15146099589765,3.833984375
207.01403901330195,3.833984375
206.55336399795488,3.833984375
205.63969999784604,3.833984375
207.52367400564253,3.833984375
204.6698209887836,3.833984375
205.89382699108683,3.833984375
205.92458397732116,3.833984375
205.89728298364207,3.833984375
204.96838999679312,3.833984375
205.29839899973013,3.833984375
205.20739900530316,3.833984375
205.29218800948001,3.833984375
206.25722900149412,3.833984375
205.64345698221587,3.833984375
205.94980198075064,3.833984375
205.06531299906783,3.833984375
204.77258300525136,3.833984375
205.24899702286348,3.833984375
205.88645301177166,3.833984375
205.4605440062005,3.833984375
205.5273090081755,3.833984375
204.65487299952656,3.833984375
205.90803402592428,3.833984375
204.64752899715677,3.833984375
206.0259449935984,3.833984375
206.25838098931126,3.833984375
206.44539198838174,3.833984375
206.72530599404126,3.833984375
206.67066401802003,3.833984375
206.43138498417102,3.833984375
205.73420799337327,3.833984375
207.00394999585114,3.833984375
207.24816698930226,3.833984375
207.5814419949893,3.833984375
207.06211900687777,3.833984375
207.13719900231808,3.833984375
204.97269899351522,3.833984375
206.03829799802043,3.833984375
205.935155012412,3.833984375
206.39493700582534,3.833984375
207.15693701640703,3.833984375
206.78112201858312,3.833984375
207.47034400119446,3.833984375
205.61462300247513,3.833984375
206.27903001150116,3.833984375
205.68648699554615,3.833984375
205.564639007207,3.833984375
205.81974799279124,3.833984375
206.2291160109453,3.833984375
206.70601999154314,3.833984375
205.61765899765305,3.833984375
205.5634770076722,3.833984375
205.6853050016798,3.833984375
206.0195730009582,3.833984375
205.7076369819697,3.833984375
206.77541100303642,3.833984375
204.34894901700318,3.833984375
204.82772699324414,3.833984375
204.70682997256517,3.833984375
211.75934100756422,3.833984375
206.3812609994784,3.833984375
206.28723499248736,3.833984375
206.67300900095142,3.833984375
206.1114149983041,3.833984375
205.02067799679935,3.833984375
206.41863101627678,3.833984375
205.97739398363046,3.833984375
205.9489100065548,3.833984375
205.591709993314,3.833984375
205.90072000049986,3.833984375
204.7952960128896,3.833984375
204.84160300111398,3.833984375
205.77667700126767,3.833984375
205.72045102017,3.833984375
205.2223770006094,3.833984375
206.00211000419222,3.833984375
204.8077990184538,3.833984375
205.8689909754321,3.833984375
206.43302900134586,3.833984375
205.3948309912812,3.833984375
205.1821319910232,3.833984375
205.58464599889703,3.833984375
205.61553500010632,3.833984375
206.16716900258325,3.833984375
204.99353800551035,3.833984375
205.68557601654902,3.833984375
205.94066500780173,3.833984375
205.546865996439,3.833984375
204.55586700700223,3.833984375
207.80482201371342,3.833984375
210.1371070020832,3.833984375
207.2414149879478,3.833984375
206.76393900066614,3.833984375
210.99219098687172,3.833984375
205.98310499917716,3.833984375
205.37798898294568,3.833984375
205.95786700141616,3.833984375
206.1838009976782,3.833984375
205.50431599258445,3.833984375
205.08198399329558,3.833984375
205.01686100033112,3.833984375
205.21494298009202,3.833984375
205.76485499623232,3.833984375
205.6862470053602,3.833984375
205.14634498977102,3.833984375
204.7143740055617,3.833984375
204.52673200634308,3.833984375
205.30650499858893,3.833984375
205.26849399902858,3.833984375
205.36556499428116,3.833984375
205.56794499862008,3.833984375
206.31631900323555,3.833984375
205.09053001296706,3.833984375
204.99556200229563,3.833984375
205.23461999255233,3.833984375
204.9301889783237,3.833984375
204.77382600074634,3.833984375
204.84603100339882,3.833984375
204.61629002238624,3.833984375
207.6029930030927,3.833984375
205.60289098648354,3.833984375
205.73056099237874,3.833984375
204.88634699722752,3.833984375
205.26141099981032,3.833984375
207.90249499259517,3.833984375
212.81395899131894,3.833984375
206.73133799573407,3.833984375
204.49552300851792,3.833984375
204.35716400970705,3.833984375
204.43392801098526,3.833984375
204.32236898341216,3.833984375
204.8050239973236,3.833984375
203.16517798346467,3.833984375
204.34463999117725,3.833984375
204.61347498348914,3.833984375
204.96898199780844,3.833984375
205.23754501482472,3.833984375
205.41301398770884,3.833984375
206.57965299324133,3.833984375
206.38029999099672,3.833984375
206.64457502425648,3.833984375
205.86172700859606,3.833984375
205.0500040058978,3.833984375
204.88601599936374,3.833984375
205.5873819917906,3.833984375
204.9918849952519,3.833984375
204.15514498017728,3.833984375
205.06960997590795,3.833984375
204.20043999911286,3.833984375
204.76085098925978,3.833984375
204.24668700434268,3.833984375
204.74657500744797,3.833984375
203.89689097646624,3.833984375
205.14200601610355,3.833984375
204.80224897619337,3.833984375
204.98536300146952,3.833984375
204.45617000223137,3.833984375
205.38086397573352,3.833984375
204.03552998322994,3.833984375
206.4586959895678,3.833984375
205.47743499628268,3.833984375
205.94936099951155,3.833984375
206.2622579978779,3.833984375
206.6646019811742,3.833984375
206.18659601313993,3.833984375
206.7226110084448,3.833984375
205.17535900580697,3.833984375
205.97681202343665,3.833984375
205.76650800649077,3.833984375
207.09380801417865,3.833984375
207.2992630128283,3.833984375
208.1839730089996,3.833984375
206.6555859928485,3.833984375
206.0793449927587,3.833984375
204.79875200544484,3.833984375
205.124853993766,3.833984375
204.92546001332812,3.833984375
204.317950992845,3.833984375
204.50100398738869,3.833984375
206.50786900660023,3.833984375
206.29579000524245,3.833984375
206.9230570050422,3.833984375
205.94228801201098,3.833984375
208.86545200482942,3.833984375
204.85583899426274,3.833984375
205.75302201905288,3.833984375
206.2155400053598,3.833984375
205.6065279757604,3.833984375
206.19828801136464,3.833984375
207.60411498486064,3.833984375
206.73723900108598,3.833984375
205.47717498266138,3.833984375
204.31830099551007,3.833984375
204.80438298545778,3.833984375
204.82195599470288,3.833984375
205.57100101723336,3.833984375
205.18611898296513,3.833984375
207.77215002453886,3.833984375
206.7665540089365,3.833984375
205.7167039893102,3.833984375
204.14736098609865,3.833984375
205.29530401108786,3.833984375
205.58017800794914,3.833984375
205.77474299352616,3.833984375
206.0289809887763,3.833984375
205.93670700327493,3.833984375
204.9783690017648,3.833984375
204.98182598385029,3.833984375
204.320213990286,3.833984375
205.8961909788195,3.833984375
206.0357229784131,3.833984375
206.67429102468304,3.833984375
206.6336949937977,3.833984375
209.17585300048813,3.833984375
206.87048899708316,3.833984375
204.97316899127327,3.833984375
205.19456500187516,3.833984375
206.3435009913519,3.833984375
207.66794501105323,3.833984375
206.72395400470123,3.833984375
206.84977099881507,3.833984375
205.24036101414822,3.833984375
204.49457201175392,3.833984375
203.12891001231037,3.833984375
205.32099201227538,3.833984375
205.5657210003119,3.833984375
205.95348899951205,3.833984375
205.85450300131924,3.833984375
205.90107998577878,3.833984375
205.29448299203068,3.833984375
204.43662302568555,3.833984375
206.40396402450278,3.833984375
205.42440601275302,3.833984375
205.95247598248534,3.833984375
205.9308160096407,3.833984375
205.59311300166883,3.833984375
204.1885080107022,3.833984375
204.18032200541347,3.833984375
204.35364701552317,3.833984375
204.27175401709974,3.833984375
203.20778799941763,3.833984375
203.6017369828187,3.833984375
202.79337000101805,3.833984375
203.12895899405703,3.833984375
203.4289019939024,3.833984375
203.51995402597822,3.833984375
203.5519230121281,3.833984375
202.93873301125132,3.833984375
202.95778798754327,3.833984375
203.70079297572374,3.833984375
202.0640219852794,3.833984375
204.41029299399815,3.833984375
203.51471297908574,3.833984375
204.53320399974473,3.833984375
204.814171011094,3.833984375
202.75199299794622,3.833984375
202.59915600763634,3.833984375
202.82756397500634,3.833984375
202.7599069988355,3.833984375
202.81062301364727,3.833984375
202.22370201372541,3.833984375
203.82308200350963,3.833984375
202.20959500875324,3.833984375
202.52413497655652,3.833984375
202.16844798414968,3.833984375
203.15549001679756,3.833984375
202.2899959993083,3.833984375
202.57496999693103,3.833984375
202.90233500418253,3.833984375
204.05251201009378,3.833984375
204.17036398430355,3.833984375
204.16679698973894,3.833984375
204.31996398838237,3.833984375
204.6175220166333,3.833984375
205.8707739925012,3.833984375
206.3126520079095,3.833984375
206.30740199703723,3.833984375
206.24677898013033,3.833984375
205.46927099348977,3.833984375
204.7731040220242,3.833984375
204.5467690040823,3.833984375
204.8905150149949,3.833984375
204.52269501402043,3.833984375
206.3379400060512,3.833984375
206.14845398813486,3.833984375
206.4986419863999,3.833984375
206.35844898060896,3.833984375
207.38365198485553,3.833984375
205.14802797697484,3.833984375
204.97317900299095,3.833984375
206.3420380000025,3.833984375
206.08883298700675,3.833984375
206.09667801181786,3.833984375
206.9886109966319,3.833984375
208.05226601078175,3.833984375
205.63454000512138,3.833984375
205.13369102263823,3.833984375
206.9621509872377,3.833984375
206.82578498963267,3.833984375
210.27219100506045,3.833984375
205.80256599350832,3.833984375
207.3794629832264,3.833984375
204.7243920096662,3.833984375
205.50073898630217,3.833984375
208.9709299907554,3.833984375
205.7576719962526,3.833984375
205.64358698902652,3.833984375
206.1362809909042,3.833984375
205.30406999750994,3.833984375
205.1908980065491,3.833984375
205.1117290102411,3.833984375
206.48958499077708,3.833984375
208.0299939843826,3.833984375
213.74035699409433,3.833984375
206.16135897580534,3.833984375
204.67087198630907,3.833984375
204.84397799009457,3.833984375
205.05078599671833,3.833984375
204.9954709946178,3.833984375
204.79014600277878,3.833984375
204.2265390045941,3.833984375
205.9618049825076,3.833984375
206.25131801352836,3.833984375
205.49601098173298,3.833984375
207.10515000973828,3.833984375
207.33526098774746,3.833984375
206.19319801335223,3.833984375
207.55934200133197,3.833984375
206.93914801813662,3.833984375
206.08634801465087,3.833984375
204.33502199011855,3.833984375
205.05838899407536,3.833984375
204.26925900392234,3.833984375
208.74040698981844,3.833984375
206.16181998047978,3.833984375
206.74936202703975,3.833984375
206.66677699773572,3.833984375
204.99999998719431,3.833984375
203.894897014834,3.833984375
203.55075199040584,3.833984375
204.7003679908812,3.833984375
208.03027402143925,3.833984375
208.6806450097356,3.833984375
207.3576129914727,3.833984375
206.81774002150632,3.833984375
206.0071890009567,3.833984375
204.5957520022057,3.833984375
206.2315299990587,3.833984375
205.69043498835526,3.833984375
208.12749798642471,3.833984375
206.7841769894585,3.833984375
207.75877599953674,3.833984375
205.06591300363652,3.833984375
206.50282001588494,3.833984375
205.57226400705986,3.833984375
205.9492499975022,3.833984375
206.2604640086647,3.833984375
208.97918500122614,3.833984375
209.62730099563487,3.833984375
207.82607200089842,3.833984375
206.496436992893,3.833984375
204.43935799994506,3.833984375
204.6852899948135,3.833984375
210.27654901263304,3.833984375
207.157336990349,3.833984375
208.36932098609395,3.833984375
207.59628000087105,3.833984375
206.91934099886566,3.833984375
205.7229469937738,3.833984375
205.30531299300492,3.833984375
205.7619489787612,3.833984375
209.1300979955122,3.833984375
207.5006510131061,3.833984375
208.3954399859067,3.833984375
205.91143000638112,3.833984375
204.9168639932759,3.833984375
205.04407200496644,3.833984375
206.5232669992838,3.833984375
206.98420199914835,3.833984375
207.5058209884446,3.833984375
207.93998500448652,3.833984375
207.67035000608303,3.833984375
205.8944180025719,3.833984375
205.76812099898234,3.833984375
206.23608899768442,3.833984375
206.56451501417905,3.833984375
206.63306399364956,3.833984375
206.56800098367967,3.833984375
205.23987000342458,3.833984375
205.93643697793595,3.833984375
206.20211501955055,3.833984375
206.69387700036168,3.833984375
206.55741199152544,3.833984375
207.033254991984,3.833984375
207.23646599799395,3.833984375
206.79501799168065,3.833984375
205.77604600111954,3.833984375
206.2671369931195,3.833984375
206.26775801065378,3.833984375
206.73020600224845,3.833984375
206.61622201441787,3.833984375
207.14637701166794,3.833984375
207.74029102176428,3.833984375
207.7370950137265,3.833984375
206.3725549960509,3.833984375
206.44474000437185,3.833984375
206.55724097741768,3.833984375
206.30925701698288,3.833984375
206.75660501001403,3.833984375
206.9504889950622,3.833984375
205.89360600570217,3.833984375
207.0604659966193,3.833984375
207.79856000444852,3.833984375
206.49287101696245,3.833984375
206.10134600428864,3.833984375
207.38943200558424,3.833984375
205.35278200986795,3.833984375
205.9176310140174,3.833984375
204.74220599862747,3.833984375
205.11063700541854,3.833984375
204.88639699760824,3.833984375
206.00169998942874,3.833984375
205.67491598194465,3.833984375
205.429035006091,3.833984375
204.97782801976427,3.833984375
206.24605799093843,3.833984375
206.5659879881423,3.833984375
207.1624269883614,3.833984375
207.78933298424818,3.833984375
206.77488899673335,3.833984375
205.07388800615445,3.833984375
231.2322219950147,3.833984375
206.4149939978961,3.833984375
205.8910819760058,3.833984375
206.45313599379733,3.833984375
206.55857399106026,3.833984375
205.5613329866901,3.833984375
205.17267400282435,3.833984375
205.4964309791103,3.833984375
204.66903899796307,3.833984375
206.66447200346738,3.833984375
