response_time_ms,response_size_kb
147.7455810236279,4.0205078125
144.06891399994493,4.0205078125
144.3383890145924,4.0205078125
139.4319139944855,4.0205078125
136.91382002434693,4.0205078125
137.36678997520357,4.0205078125
135.35706998663954,4.0205078125
134.3065690016374,4.0205078125
136.50034499005415,4.0205078125
178.62576199695468,4.0205078125
131.75968098221347,4.0205078125
140.96318700467236,4.0205078125
127.24962999345735,4.0205078125
132.40607400075532,4.0205078125
133.30697402125224,4.0205078125
130.27283098199405,4.0205078125
135.98767298390158,4.0205078125
125.23999001132324,4.0205078125
124.19462000252679,4.0205078125
120.7803440047428,4.0205078125
119.78004800039344,4.0205078125
124.84810498426668,4.0205078125
123.18812101148069,4.0205078125
127.80082400422543,4.0205078125
131.46837500971742,4.0205078125
127.80144601128995,4.0205078125
127.12633900810033,4.0205078125
124.6153179963585,4.0205078125
121.00823200307786,4.0205078125
121.10916100209579,4.0205078125
126.99015397811309,4.0205078125
129.9703239928931,4.0205078125
171.66820901911706,4.0205078125
136.27880899002776,4.0205078125
125.50907497643493,4.0205078125
130.9904980007559,4.0205078125
129.0924180066213,4.0205078125
128.04479198530316,4.0205078125
124.1930560208857,4.0205078125
123.85715599521063,4.0205078125
125.68465402000584,4.0205078125
126.62667100084946,4.0205078125
124.98224698356353,4.0205078125
126.16022699512541,4.0205078125
124.32478301343508,4.0205078125
125.90523800463416,4.0205078125
127.02140200417489,4.0205078125
123.28480300493538,4.0205078125
123.44187698909082,4.0205078125
121.9217450125143,4.0205078125
124.45624999236315,4.0205078125
122.7983690041583,4.0205078125
122.82065200270154,4.0205078125
125.87059300858527,4.0205078125
121.42252901685424,4.0205078125
121.6374320210889,4.0205078125
120.89477898553014,4.0205078125
118.41480602743104,4.0205078125
118.22002098779194,4.0205078125
119.15652800234966,4.0205078125
120.53946201922372,4.0205078125
123.25993500417098,4.0205078125
131.37472901144065,4.0205078125
122.02779398649,4.0205078125
121.41321098897606,4.0205078125
125.0316789955832,4.0205078125
122.26218299474567,4.0205078125
119.1077159892302,4.0205078125
121.02802802110091,4.0205078125
120.04382201121189,4.0205078125
123.01587799447589,4.0205078125
121.0548689996358,4.0205078125
118.78396797692403,4.0205078125
118.00610000500455,4.0205078125
121.81456398684531,4.0205078125
125.22940101916902,4.0205078125
120.56504999054596,4.0205078125
121.77252501714975,4.0205078125
119.60630098474212,4.0205078125
122.4725890206173,4.0205078125
123.23602099786513,4.0205078125
116.12226598663256,4.0205078125
117.73096301476471,4.0205078125
118.50668798433617,4.0205078125
120.53387201740406,4.0205078125
120.03713997546583,4.0205078125
121.58825999358669,4.0205078125
119.6304369950667,4.0205078125
120.93883100897074,4.0205078125
117.19540800550021,4.0205078125
115.89198399451561,4.0205078125
117.65851700329222,4.0205078125
117.74260600213893,4.0205078125
117.09927802439779,4.0205078125
120.34399498952553,4.0205078125
121.85538001358509,4.0205078125
119.6972620091401,4.0205078125
122.47811898123473,4.0205078125
123.09275200823322,4.0205078125
118.44737699721009,4.0205078125
116.80280198925175,4.0205078125
119.05319400830194,4.0205078125
115.7877680088859,4.0205078125
117.55465299938805,4.0205078125
125.30719602364115,4.0205078125
121.24466500245035,4.0205078125
122.0657349913381,4.0205078125
122.0411290123593,4.0205078125
117.97776599996723,4.0205078125
120.23901799693704,4.0205078125
116.85219500213861,4.0205078125
117.22990398993716,4.0205078125
115.48034101724625,4.0205078125
118.7236059922725,4.0205078125
121.38201299239881,4.0205078125
118.71923701255582,4.0205078125
120.63092400785536,4.0205078125
119.46512697613798,4.0205078125
116.91097498987801,4.0205078125
115.29748799512163,4.0205078125
119.33889999636449,4.0205078125
116.07544802245684,4.0205078125
127.17292600427754,4.0205078125
120.92823200509883,4.0205078125
124.59185501211323,4.0205078125
119.05257200123742,4.0205078125
125.51671999972314,4.0205078125
124.88772900542244,4.0205078125
119.83708498883061,4.0205078125
116.28970000310801,4.0205078125
119.23407300491817,4.0205078125
118.56123001780361,4.0205078125
117.59548902045935,4.0205078125
119.7538580163382,4.0205078125
119.91040201974101,4.0205078125
117.74882700410672,4.0205078125
117.07849899539724,4.0205078125
116.90116598038003,4.0205078125
116.5172359906137,4.0205078125
116.73788001644425,4.0205078125
116.09170798328705,4.0205078125
119.20983699383214,4.0205078125
120.42071900214069,4.0205078125
117.4923460057471,4.0205078125
116.84287700336426,4.0205078125
125.27503599994816,4.0205078125
118.07768300059251,4.0205078125
115.92991501674987,4.0205078125
115.93194800661877,4.0205078125
114.74285699659958,4.0205078125
117.64988102368079,4.0205078125
116.45125297945924,4.0205078125
118.97420499008149,4.0205078125
116.74047500127926,4.0205078125
118.59472398646176,4.0205078125
120.99571799626574,4.0205078125
116.22704198816791,4.0205078125
117.03493699315004,4.0205078125
116.2022250064183,4.0205078125
114.19011099496856,4.0205078125
116.21225398266688,4.0205078125
119.24715799978003,4.0205078125
120.90806299238466,4.0205078125
118.32409602357075,4.0205078125
120.24376698536798,4.0205078125
125.46840799041092,4.0205078125
118.7583309947513,4.0205078125
115.87666400009766,4.0205078125
119.61203202372417,4.0205078125
118.30216500675306,4.0205078125
117.53965500975028,4.0205078125
119.26406002021395,4.0205078125
119.10152400378138,4.0205078125
116.40962399542332,4.0205078125
115.51247199531645,4.0205078125
112.83426699810661,4.0205078125
113.3045089954976,4.0205078125
114.02274601277895,4.0205078125
116.98129700380377,4.0205078125
117.24286701064557,4.0205078125
116.6519490070641,4.0205078125
118.82254100055434,4.0205078125
120.34591898554936,4.0205078125
118.5892130015418,4.0205078125
117.88280899054371,4.0205078125
115.78896999708377,4.0205078125
114.98257701168768,4.0205078125
119.14653901476413,4.0205078125
115.6394999998156,4.0205078125
115.18924499978311,4.0205078125
117.03328500152566,4.0205078125
117.59623099351302,4.0205078125
118.18019600468688,4.0205078125
120.45532398042269,4.0205078125
119.87595801474527,4.0205078125
114.80505499639548,4.0205078125
116.12790598883294,4.0205078125
117.50276500242762,4.0205078125
120.09878599201329,4.0205078125
116.3352349831257,4.0205078125
116.47267299122177,4.0205078125
118.8718139892444,4.0205078125
121.62629098747857,4.0205078125
119.67876699054614,4.0205078125
116.65852199075744,4.0205078125
117.80764698050916,4.0205078125
118.5482669970952,4.0205078125
117.25028199725784,4.0205078125
117.81241599237546,4.0205078125
119.11588098155335,4.0205078125
121.07054798980244,4.0205078125
117.8398469928652,4.0205078125
119.14889299077913,4.0205078125
124.99332797597162,4.0205078125
117.37108798115514,4.0205078125
121.14076100988314,4.0205078125
117.86519500310533,4.0205078125
128.8960789970588,4.0205078125
119.94185100775212,4.0205078125
118.08054900029674,4.0205078125
118.29925898928195,4.0205078125
121.80975498631597,4.0205078125
127.3188310151454,4.0205078125
125.78476199996658,4.0205078125
119.51110200607218,4.0205078125
121.11432998790406,4.0205078125
115.82898499909788,4.0205078125
116.24813202070072,4.0205078125
115.33364601200446,4.0205078125
116.85567098902538,4.0205078125
118.33472599391825,4.0205078125
116.68634400120936,4.0205078125
120.03115800325759,4.0205078125
116.68734601698816,4.0205078125
115.84585698437877,4.0205078125
117.56342899752781,4.0205078125
117.48127499595284,4.0205078125
117.66386800445616,4.0205078125
119.95456501608714,4.0205078125
116.32065798039548,4.0205078125
118.59097599517554,4.0205078125
120.32203399576247,4.0205078125
118.4230920043774,4.0205078125
114.9373420048505,4.0205078125
116.07511699548922,4.0205078125
118.40212199604139,4.0205078125
118.13422999694012,4.0205078125
116.7895770049654,4.0205078125
120.094687998062,4.0205078125
117.97741599730216,4.0205078125
115.38517198641784,4.0205078125
116.41708799288608,4.0205078125
116.06703099096194,4.0205078125
118.5641470074188,4.0205078125
120.48399800551124,4.0205078125
118.37219700100832,4.0205078125
116.99172700173222,4.0205078125
116.37863700161688,4.0205078125
119.05102001037449,4.0205078125
116.88422498991713,4.0205078125
117.13252001209185,4.0205078125
118.8382200198248,4.0205078125
117.86172798019834,4.0205078125
116.82134700822644,4.0205078125
117.09226499078795,4.0205078125
115.03188000642695,4.0205078125
115.93758899834938,4.0205078125
117.12884399457835,4.0205078125
122.70823097787797,4.0205078125
115.1078230177518,4.0205078125
118.71361700468697,4.0205078125
117.90618201484904,4.0205078125
117.55843900027685,4.0205078125
118.33595798816532,4.0205078125
120.66257299738936,4.0205078125
115.75326300226152,4.0205078125
117.74180401698686,4.0205078125
119.42425998859107,4.0205078125
116.62007900304161,4.0205078125
118.75541499466635,4.0205078125
118.80888501764275,4.0205078125
115.9792069811374,4.0205078125
115.62758701620623,4.0205078125
121.78668202250265,4.0205078125
118.31953702494502,4.0205078125
116.09908199170604,4.0205078125
116.16334301652387,4.0205078125
117.45298199821264,4.0205078125
115.49682199256495,4.0205078125
113.76811898662709,4.0205078125
111.26672598766163,4.0205078125
110.9524370112922,4.0205078125
110.4750809899997,4.0205078125
110.22212699754164,4.0205078125
110.60482400353067,4.0205078125
112.16357798548415,4.0205078125
114.12348601152189,4.0205078125
116.87834400800057,4.0205078125
119.05206201481633,4.0205078125
119.55662802211009,4.0205078125
118.2264730159659,4.0205078125
118.7694719992578,4.0205078125
113.33103899960406,4.0205078125
111.88842300907709,4.0205078125
109.47618802310899,4.0205078125
110.31514097703621,4.0205078125
111.51719698682427,4.0205078125
115.39369900128804,4.0205078125
114.33782801032066,4.0205078125
119.92853600531816,4.0205078125
120.17370600369759,4.0205078125
116.91631501889788,4.0205078125
119.82397999963723,4.0205078125
118.81851399084553,4.0205078125
122.63750800048001,4.0205078125
115.92360297800042,4.0205078125
115.50461701699533,4.0205078125
115.19240101915784,4.0205078125
117.96847899677232,4.0205078125
116.53103301068768,4.0205078125
115.87474099360406,4.0205078125
119.34859800385311,4.0205078125
119.22546700225212,4.0205078125
119.90371899446473,4.0205078125
116.8801179737784,4.0205078125
115.27838199981488,4.0205078125
113.2668390055187,4.0205078125
114.23485400155187,4.0205078125
113.7376620026771,4.0205078125
115.33688200870529,4.0205078125
115.54040398914367,4.0205078125
116.99160697753541,4.0205078125
117.27159199654125,4.0205078125
117.1066420210991,4.0205078125
120.19312198390253,4.0205078125
117.17739500454627,4.0205078125
113.81216099835001,4.0205078125
112.46176800341345,4.0205078125
115.15993002103642,4.0205078125
112.25111302337609,4.0205078125
114.9510579998605,4.0205078125
115.92097801622003,4.0205078125
115.52407301496714,4.0205078125
115.19134900299832,4.0205078125
115.87106401566416,4.0205078125
115.4251380066853,4.0205078125
116.33823000011034,4.0205078125
112.77326199342497,4.0205078125
111.60443999688141,4.0205078125
113.38499002158642,4.0205078125
114.71982501097955,4.0205078125
116.0276580194477,4.0205078125
124.80037601199001,4.0205078125
118.23312600608915,4.0205078125
122.26829599239863,4.0205078125
120.04296100349165,4.0205078125
116.60810699686408,4.0205078125
114.92405697936192,4.0205078125
115.04009499913082,4.0205078125
116.07086900039576,4.0205078125
125.83504599751905,4.0205078125
116.47106998134404,4.0205078125
116.2032879947219,4.0205078125
114.98825799208134,4.0205078125
116.19696498382837,4.0205078125
114.7296319832094,4.0205078125
112.78072698041797,4.0205078125
114.12173198186792,4.0205078125
116.0466940200422,4.0205078125
116.36499100131914,4.0205078125
116.91649502608925,4.0205078125
115.37367099663243,4.0205078125
115.81347600440495,4.0205078125
113.25272201793268,4.0205078125
112.81276700901799,4.0205078125
111.73686900292523,4.0205078125
115.04153799614869,4.0205078125
116.17435299558565,4.0205078125
117.4674590001814,4.0205078125
117.4844510096591,4.0205078125
116.92528097773902,4.0205078125
115.56248500710353,4.0205078125
113.47034000209533,4.0205078125
113.93753701122478,4.0205078125
114.41720701986924,4.0205078125
115.68187901866622,4.0205078125
117.76557899429463,4.0205078125
116.53875699266791,4.0205078125
116.67167601990514,4.0205078125
114.61077001877129,4.0205078125
116.82205798570067,4.0205078125
115.16483000013977,4.0205078125
114.16100600035861,4.0205078125
115.42577898944728,4.0205078125
115.8426909823902,4.0205078125
116.74403099459596,4.0205078125
116.4030320069287,4.0205078125
116.68372800340876,4.0205078125
115.85323000326753,4.0205078125
113.83940299856476,4.0205078125
112.66405700007454,4.0205078125
113.2274939736817,4.0205078125
115.69741799030453,4.0205078125
116.53581200516783,4.0205078125
121.54748299508356,4.0205078125
121.41693901503459,4.0205078125
117.17354698339477,4.0205078125
114.26447000121698,4.0205078125
113.09819199959747,4.0205078125
113.2854729949031,4.0205078125
115.61813001753762,4.0205078125
121.62612099200487,4.0205078125
135.1254649925977,4.0205078125
122.0703040016815,4.0205078125
119.41864000982605,4.0205078125
114.67844698927365,4.0205078125
111.92621299414895,4.0205078125
108.8151769945398,4.0205078125
108.98127898690291,4.0205078125
111.24420398846269,4.0205078125
113.03511401638389,4.0205078125
112.40161600289866,4.0205078125
113.68312998092733,4.0205078125
112.2420359752141,4.0205078125
112.15349001577124,4.0205078125
113.74784100917168,4.0205078125
114.05947501771152,4.0205078125
114.67529099900275,4.0205078125
119.83642299310304,4.0205078125
116.5740730066318,4.0205078125
114.42115399404429,4.0205078125
112.91058000642806,4.0205078125
111.65879198233597,4.0205078125
112.23803798202425,4.0205078125
115.53346100845374,4.0205078125
113.74968499876559,4.0205078125
115.19022699212655,4.0205078125
114.63749999529682,4.0205078125
115.55933899944648,4.0205078125
113.32964699249715,4.0205078125
112.0945590082556,4.0205078125
112.0030980091542,4.0205078125
111.63616998237558,4.0205078125
111.74113699235022,4.0205078125
112.14134801412001,4.0205078125
115.09072000626475,4.0205078125
115.68436399102211,4.0205078125
115.65838500973769,4.0205078125
114.5351080049295,4.0205078125
112.69209999591112,4.0205078125
112.30097699444741,4.0205078125
111.44683399470523,4.0205078125
109.69093997846358,4.0205078125
109.45986598380841,4.0205078125
112.87987197283655,4.0205078125
114.42914899089374,4.0205078125
115.68282099324279,4.0205078125
115.89203399489634,4.0205078125
118.62896801903844,4.0205078125
116.86460801865906,4.0205078125
115.9818220185116,4.0205078125
111.57284100772813,4.0205078125
110.72610199335031,4.0205078125
111.31771199870855,4.0205078125
113.14467000192963,4.0205078125
113.06768498616293,4.0205078125
113.84918098337948,4.0205078125
113.69882899452932,4.0205078125
113.81656999583356,4.0205078125
113.33267201553099,4.0205078125
112.24823800148442,4.0205078125
110.35425498266704,4.0205078125
112.27995698573068,4.0205078125
111.94624201743864,4.0205078125
114.15416398085654,4.0205078125
114.29085899726488,4.0205078125
116.21682200348005,4.0205078125
113.85095398873091,4.0205078125
113.62692399416119,4.0205078125
111.22568900464103,4.0205078125
108.65906497929245,4.0205078125
108.03196800407022,4.0205078125
108.09972498100251,4.0205078125
110.93685700325295,4.0205078125
111.88459600089118,4.0205078125
112.50633199233562,4.0205078125
115.7965750026051,4.0205078125
115.35923299379647,4.0205078125
117.2395310131833,4.0205078125
114.01751701487228,4.0205078125
115.3084090037737,4.0205078125
112.87333100335672,4.0205078125
114.12689200369641,4.0205078125
113.99340099887922,4.0205078125
114.18654400040396,4.0205078125
113.18955398746766,4.0205078125
113.52394102141261,4.0205078125
114.03350700857118,4.0205078125
114.54035798669793,4.0205078125
114.04982800013386,4.0205078125
116.82245900738053,4.0205078125
116.64121900685132,4.0205078125
115.07877800613642,4.0205078125
115.84472400136292,4.0205078125
116.43698599073105,4.0205078125
118.1102349946741,4.0205078125
118.08456701692194,4.0205078125
122.2555810236372,4.0205078125
116.20116300764494,4.0205078125
121.32035699323751,4.0205078125
118.89035798958503,4.0205078125
114.90191600751132,4.0205078125
115.20932201528922,4.0205078125
114.12187301903032,4.0205078125
113.46171400509775,4.0205078125
113.72428698814474,4.0205078125
113.41986601473764,4.0205078125
112.83026900491677,4.0205078125
113.48449700744823,4.0205078125
111.90564499702305,4.0205078125
112.17825600760989,4.0205078125
112.8348880156409,4.0205078125
112.95668702223338,4.0205078125
116.72464499133639,4.0205078125
114.1398359904997,4.0205078125
114.47644801228307,4.0205078125
114.36095100361854,4.0205078125
113.33397499402054,4.0205078125
111.44299700390548,4.0205078125
113.41666901716962,4.0205078125
112.70858100033365,4.0205078125
111.42066601314582,4.0205078125
113.37082300451584,4.0205078125
114.47022602078505,4.0205078125
114.54848299035802,4.0205078125
115.39764600456692,4.0205078125
113.2385460077785,4.0205078125
112.4828879837878,4.0205078125
115.12808001134545,4.0205078125
113.28951100585982,4.0205078125
112.4156620062422,4.0205078125
113.2241079758387,4.0205078125
117.06013500224799,4.0205078125
111.57615599222481,4.0205078125
112.38787902402692,4.0205078125
113.39948797831312,4.0205078125
113.49579802481458,4.0205078125
114.43122199852951,4.0205078125
113.81217098096386,4.0205078125
114.54617799608968,4.0205078125
112.92012801277451,4.0205078125
111.23549801413901,4.0205078125
116.39204199309461,4.0205078125
114.74912901758216,4.0205078125
117.23415099550039,4.0205078125
114.0706870064605,4.0205078125
113.79544000374153,4.0205078125
111.28713499056175,4.0205078125
116.95593898184597,4.0205078125
112.26744399755262,4.0205078125
111.70365600264631,4.0205078125
110.68432399770245,4.0205078125
112.28198101161979,4.0205078125
112.51529899891466,4.0205078125
112.27229298674501,4.0205078125
111.75855901092291,4.0205078125
114.00953200063668,4.0205078125
112.86358200595714,4.0205078125
111.58772898488678,4.0205078125
111.06256299535744,4.0205078125
111.10901000211015,4.0205078125
110.79555298783816,4.0205078125
115.90177199104801,4.0205078125
111.21263401582837,4.0205078125
113.2014160102699,4.0205078125
113.22615199605934,4.0205078125
112.64374997699633,4.0205078125
112.75499800103717,4.0205078125
113.96340499049984,4.0205078125
111.04039201745763,4.0205078125
111.12167401006445,4.0205078125
111.7317290045321,4.0205078125
113.14964800840244,4.0205078125
112.46256998856552,4.0205078125
115.46629399526864,4.0205078125
113.2157219981309,4.0205078125
113.38891700142995,4.0205078125
111.82290001306683,4.0205078125
112.79595500673167,4.0205078125
112.02345599303953,4.0205078125
112.16440098360181,4.0205078125
113.06934800813906,4.0205078125
111.25812999671325,4.0205078125
111.39762098900974,4.0205078125
112.85098898224533,4.0205078125
111.39330401783809,4.0205078125
111.02179699810222,4.0205078125
111.17933198693208,4.0205078125
112.98630200326443,4.0205078125
112.03076998936012,4.0205078125
111.60677397856489,4.0205078125
114.82153498218395,4.0205078125
116.36498098960146,4.0205078125
112.88570298347622,4.0205078125
114.29080000380054,4.0205078125
113.16718099988066,4.0205078125
115.51333300303668,4.0205078125
113.63639199407771,4.0205078125
112.83105099573731,4.0205078125
117.4000529863406,4.0205078125
112.94629800249822,4.0205078125
114.48287998791784,4.0205078125
111.06401600409299,4.0205078125
113.32925598253496,4.0205078125
115.30281801242381,4.0205078125
112.73678400903009,4.0205078125
115.1438090018928,4.0205078125
112.24426102126017,4.0205078125
111.61470899241976,4.0205078125
114.05215100967325,4.0205078125
112.36852299771272,4.0205078125
114.05813301098533,4.0205078125
111.75734698190354,4.0205078125
110.59357400517911,4.0205078125
112.64381001819856,4.0205078125
112.9159800184425,4.0205078125
113.6100820149295,4.0205078125
112.14481401839294,4.0205078125
113.1395600095857,4.0205078125
112.813008017838,4.0205078125
110.75942401657812,4.0205078125
112.96241701347753,4.0205078125
112.55947200697847,4.0205078125
115.05965201649815,4.0205078125
113.58666900196113,4.0205078125
113.84424200514331,4.0205078125
118.3249779860489,4.0205078125
114.08431199379265,4.0205078125
115.44306101859547,4.0205078125
112.0420009829104,4.0205078125
111.79549898952246,4.0205078125
112.9212899832055,4.0205078125
112.54747901693918,4.0205078125
114.37556898454204,4.0205078125
111.9579030200839,4.0205078125
111.37301599956118,4.0205078125
113.53083400172181,4.0205078125
112.24796701571904,4.0205078125
112.1620060002897,4.0205078125
113.27763900044374,4.0205078125
112.51991699100472,4.0205078125
114.50106400297955,4.0205078125
111.80107897962444,4.0205078125
113.39430799125694,4.0205078125
112.56398999830708,4.0205078125
110.70587500580586,4.0205078125
111.50126700522378,4.0205078125
113.81834300118499,4.0205078125
112.65421900316142,4.0205078125
111.77797502023168,4.0205078125
113.0895059905015,4.0205078125
110.76232002233155,4.0205078125
113.30144299427047,4.0205078125
114.97743800282478,4.0205078125
115.81895599374548,4.0205078125
114.44654199294746,4.0205078125
112.22597601590678,4.0205078125
111.61816600360908,4.0205078125
113.21581300580874,4.0205078125
110.07125402102247,4.0205078125
113.04511199705303,4.0205078125
111.37190397130325,4.0205078125
112.72252799244598,4.0205078125
111.73352197511122,4.0205078125
111.87842398067005,4.0205078125
112.8802039893344,4.0205078125
112.38689802121371,4.0205078125
111.59960101940669,4.0205078125
113.1514820153825,4.0205078125
116.33089699898846,4.0205078125
113.62401797669008,4.0205078125
112.75488798855804,4.0205078125
115.17362599261105,4.0205078125
111.2327019800432,4.0205078125
110.63209600979462,4.0205078125
112.33783600619063,4.0205078125
111.0745850019157,4.0205078125
113.15075098536909,4.0205078125
113.54913900140673,4.0205078125
111.96341301547363,4.0205078125
113.29590299283154,4.0205078125
110.08704401319847,4.0205078125
110.75880398857407,4.0205078125
113.62616301630624,4.0205078125
116.94568998063914,4.0205078125
116.43010299303569,4.0205078125
115.17879599705338,4.0205078125
124.2474089958705,4.0205078125
115.10039799031802,4.0205078125
113.73635899508372,4.0205078125
110.15090401633643,4.0205078125
116.78310498245992,4.0205078125
116.7705109983217,4.0205078125
111.94454799988307,4.0205078125
115.49590001231991,4.0205078125
114.23264999757521,4.0205078125
113.9054269879125,4.0205078125
113.83943201508373,4.0205078125
114.66379900230095,4.0205078125
115.51889299880713,4.0205078125
113.9353130129166,4.0205078125
118.34103698492981,4.0205078125
114.85295399324968,4.0205078125
114.12685201503336,4.0205078125
114.45259299944155,4.0205078125
113.65014800685458,4.0205078125
111.57748900586739,4.0205078125
113.17842197604477,4.0205078125
115.3036699979566,4.0205078125
113.97146098897792,4.0205078125
113.92321999301203,4.0205078125
113.43644701992162,4.0205078125
112.26117200567387,4.0205078125
112.52939500263892,4.0205078125
112.85135999787599,4.0205078125
113.65293199196458,4.0205078125
113.33508699317463,4.0205078125
114.05817299964838,4.0205078125
114.22610798035748,4.0205078125
113.07570000644773,4.0205078125
111.84168499312364,4.0205078125
112.24650498479605,4.0205078125
115.10616901796311,4.0205078125
112.3294800054282,4.0205078125
113.20597399026155,4.0205078125
112.6939539972227,4.0205078125
113.4394119726494,4.0205078125
112.51084000105038,4.0205078125
113.10898198280483,4.0205078125
111.91273797885515,4.0205078125
113.98131898022257,4.0205078125
112.29595702025108,4.0205078125
116.38179200235754,4.0205078125
112.09015100030228,4.0205078125
111.18630599230528,4.0205078125
110.75263199745677,4.0205078125
111.95688100997359,4.0205078125
110.75573699781671,4.0205078125
112.58504999568686,4.0205078125
112.659459002316,4.0205078125
114.00157699245028,4.0205078125
113.05066299973987,4.0205078125
112.57594299968332,4.0205078125
111.86595098115504,4.0205078125
111.84503100230359,4.0205078125
109.32222899282351,4.0205078125
111.26894000335597,4.0205078125
110.20568601088598,4.0205078125
110.754374996759,4.0205078125
111.08365299878642,4.0205078125
110.7724190223962,4.0205078125
112.89350801962428,4.0205078125
111.43020301824436,4.0205078125
110.51085899816826,4.0205078125
110.01200199825689,4.0205078125
110.40932801552117,4.0205078125
111.54261400224641,4.0205078125
111.74785802722909,4.0205078125
110.53078499389812,4.0205078125
110.32129300292581,4.0205078125
110.68626801716164,4.0205078125
110.40096200304106,4.0205078125
110.38729597930796,4.0205078125
110.847931005992,4.0205078125
111.20816701441072,4.0205078125
110.81536000710912,4.0205078125
111.3044680096209,4.0205078125
112.28556800051592,4.0205078125
114.46484699263237,4.0205078125
110.69344100542367,4.0205078125
111.23240200686269,4.0205078125
110.70741701405495,4.0205078125
110.56923802243546,4.0205078125
111.16941401269287,4.0205078125
111.10728798666969,4.0205078125
111.31118997582234,4.0205078125
111.66374100139365,4.0205078125
111.84068300644867,4.0205078125
111.99509300058708,4.0205078125
110.61710800277069,4.0205078125
111.29623200395145,4.0205078125
109.97856999165379,4.0205078125
112.96237699571066,4.0205078125
110.17096100840718,4.0205078125
111.75683600595221,4.0205078125
110.5167799978517,4.0205078125
111.10884000663646,4.0205078125
111.18499300209805,4.0205078125
111.2778469978366,4.0205078125
111.14528798498213,4.0205078125
115.01202199724503,4.0205078125
111.38977701193653,4.0205078125
111.96578800445423,4.0205078125
112.1665539976675,4.0205078125
111.89394298708066,4.0205078125
113.91184898093343,4.0205078125
115.5474970000796,4.0205078125
111.56277201371267,4.0205078125
111.40932398848236,4.0205078125
110.84219001349993,4.0205078125
111.47783297928981,4.0205078125
112.21578699769452,4.0205078125
111.1375039909035,4.0205078125
111.79313398315571,4.0205078125
112.63981199590489,4.0205078125
111.09530500834808,4.0205078125
111.49608599953353,4.0205078125
112.61737000313587,4.0205078125
112.95373100438155,4.0205078125
110.90390500612557,4.0205078125
111.29531997721642,4.0205078125
110.66969600506127,4.0205078125
111.97132797678933,4.0205078125
110.0178039923776,4.0205078125
108.85274698375724,4.0205078125
109.9411390023306,4.0205078125
109.71442400477827,4.0205078125
114.40859999856912,4.0205078125
109.43364701233804,4.0205078125
109.71283097751439,4.0205078125
113.00439600017853,4.0205078125
112.86926301545464,4.0205078125
111.81496499921195,4.0205078125
113.1258140085265,4.0205078125
112.02786400099285,4.0205078125
111.09564499929547,4.0205078125
111.25225899741054,4.0205078125
112.0961120177526,4.0205078125
112.30351100675762,4.0205078125
111.52651399606839,4.0205078125
112.46302101062611,4.0205078125
112.43050001212396,4.0205078125
111.27622402273118,4.0205078125
110.92915301560424,4.0205078125
109.73168700002134,4.0205078125
109.7104369837325,4.0205078125
110.87675500311889,4.0205078125
113.30368800554425,4.0205078125
114.9761049891822,4.0205078125
111.928408005042,4.0205078125
166.3573860132601,4.0205078125
111.81365200900473,4.0205078125
111.36097300914116,4.0205078125
111.49831002694555,4.0205078125
110.69833001238294,4.0205078125
110.1872010040097,4.0205078125
112.10836601094343,4.0205078125
111.1689829849638,4.0205078125
110.76932400465012,4.0205078125
111.71634000493214,4.0205078125
112.11591999744996,4.0205078125
112.5340239959769,4.0205078125
110.57476900168695,4.0205078125
108.84906101273373,4.0205078125
110.16469899914227,4.0205078125
110.90880498522893,4.0205078125
110.94229700393043,4.0205078125
111.99885897804052,4.0205078125
113.06507998961024,4.0205078125
112.8761550062336,4.0205078125
109.75038199103437,4.0205078125
108.6234979738947,4.0205078125
109.74433101364411,4.0205078125
109.68862599111162,4.0205078125
111.68536200420931,4.0205078125
112.46805000700988,4.0205078125
112.3497879889328,4.0205078125
112.22073598764837,4.0205078125
111.63817398482934,4.0205078125
109.05387499951757,4.0205078125
109.63623799034394,4.0205078125
110.0685790006537,4.0205078125
112.53080700407736,4.0205078125
111.88693001167849,4.0205078125
113.40568898594938,4.0205078125
113.25055800261907,4.0205078125
113.09985601110384,4.0205078125
110.12161802500486,4.0205078125
112.02289399807341,4.0205078125
111.24906298937276,4.0205078125
111.08176899142563,4.0205078125
112.17469899565913,4.0205078125
112.83322499366477,4.0205078125
113.01399499643594,4.0205078125
114.52648098929785,4.0205078125
113.49619898828678,4.0205078125
116.40475498279557,4.0205078125
112.96288899029605,4.0205078125
112.72559300414287,4.0205078125
111.07146998983808,4.0205078125
112.99011000664905,4.0205078125
110.57288400479592,4.0205078125
109.78528700070456,4.0205078125
111.79345499840565,4.0205078125
112.44149997946806,4.0205078125
112.11403601919301,4.0205078125
111.8411740171723,4.0205078125
111.49481398751959,4.0205078125
109.9552960076835,4.0205078125
109.70375398756005,4.0205078125
113.49190102191642,4.0205078125
111.28422900219448,4.0205078125
112.38218899234198,4.0205078125
112.9343840002548,4.0205078125
112.2800669982098,4.0205078125
111.0903859953396,4.0205078125
109.52952702064067,4.0205078125
109.65947099612094,4.0205078125
110.72739498922601,4.0205078125
111.47608899045736,4.0205078125
115.95793699962087,4.0205078125
112.39713701070286,4.0205078125
112.02203299035318,4.0205078125
110.98773300182074,4.0205078125
111.50536400964484,4.0205078125
111.38107100850902,4.0205078125
111.26030399464071,4.0205078125
110.64469002303667,4.0205078125
109.67532100039534,4.0205078125
110.20480399020016,4.0205078125
112.33114299830049,4.0205078125
114.11531001795083,4.0205078125
114.81278901919723,4.0205078125
112.50007100170478,4.0205078125
112.597633007681,4.0205078125
109.15013600606471,4.0205078125
109.99954902217723,4.0205078125
112.22045597969554,4.0205078125
110.74195199762471,4.0205078125
110.96482002176344,4.0205078125
112.20352401142009,4.0205078125
110.92554699280299,4.0205078125
109.71800101106055,4.0205078125
110.49816399463452,4.0205078125
108.46479999599978,4.0205078125
109.4270850007888,4.0205078125
109.41881997860037,4.0205078125
108.00494698924012,4.0205078125
108.392244001152,4.0205078125
110.21205701399595,4.0205078125
109.86681998474523,4.0205078125
109.78642001282424,4.0205078125
108.84793900186196,4.0205078125
108.97434601793066,4.0205078125
109.97947098803706,4.0205078125
109.8251520015765,4.0205078125
113.3877350075636,4.0205078125
112.23018399323337,4.0205078125
112.97752498649061,4.0205078125
113.3335439953953,4.0205078125
111.00036700372584,4.0205078125
110.13490302138962,4.0205078125
110.69255901384167,4.0205078125
111.73421301646158,4.0205078125
112.14400199241936,4.0205078125
111.66145699098706,4.0205078125
111.41086698626168,4.0205078125
110.63852801453322,4.0205078125
110.5652810074389,4.0205078125
109.72530499566346,4.0205078125
110.5193140101619,4.0205078125
110.54605399840511,4.0205078125
113.00236301030964,4.0205078125
111.22404600610025,4.0205078125
111.03609399287961,4.0205078125
111.2009730131831,4.0205078125
110.98629000480287,4.0205078125
110.22847899585031,4.0205078125
110.20434301462956,4.0205078125
111.99649499030784,4.0205078125
113.36372999357991,4.0205078125
111.94218302262016,4.0205078125
111.51888899621554,4.0205078125
111.97497500688769,4.0205078125
111.07059798086993,4.0205078125
109.98314802418463,4.0205078125
110.01745300018229,4.0205078125
109.51081299572252,4.0205078125
110.22432101890445,4.0205078125
110.73400700115599,4.0205078125
111.83349901693873,4.0205078125
112.2759900172241,4.0205078125
115.90789299225435,4.0205078125
112.24055298953317,4.0205078125
111.15604898077436,4.0205078125
110.23926897905767,4.0205078125
127.21505502122454,4.0205078125
111.29955801879987,4.0205078125
110.9153869911097,4.0205078125
113.37784701026976,4.0205078125
115.59189998661168,4.0205078125
111.60999001003802,4.0205078125
113.89219100237824,4.0205078125
111.05105199385434,4.0205078125
109.55045698210597,4.0205078125
108.11357101192698,4.0205078125
109.11765499622561,4.0205078125
109.4927680096589,4.0205078125
113.28491300810128,4.0205078125
114.91797599592246,4.0205078125
113.73282197746448,4.0205078125
111.11463099950925,4.0205078125
110.98934599431232,4.0205078125
109.20442701899447,4.0205078125
109.4028799852822,4.0205078125
110.15202500857413,4.0205078125
111.88708999543451,4.0205078125
115.59954500989988,4.0205078125
116.12846702337265,4.0205078125
111.09948297962546,4.0205078125
111.57311100396328,4.0205078125
109.43993899854831,4.0205078125
108.57976600527763,4.0205078125
107.38915199181065,4.0205078125
109.25666501861997,4.0205078125
109.5087580033578,4.0205078125
110.38300901418552,4.0205078125
110.59725098311901,4.0205078125
112.37443398567848,4.0205078125
110.98518801736645,4.0205078125
112.96367002069019,4.0205078125
111.96236099931411,4.0205078125
114.20329500106163,4.0205078125
111.18041499867104,4.0205078125
115.03745999652892,4.0205078125
111.45187399233691,4.0205078125
113.53706501540728,4.0205078125
112.00339801143855,4.0205078125
112.3327869863715,4.0205078125
112.02939701615833,4.0205078125
110.59615900740027,4.0205078125
112.9092880000826,4.0205078125
111.07239199918695,4.0205078125
110.46786798397079,4.0205078125
111.97554599493742,4.0205078125
111.31749200285412,4.0205078125
111.81876200134866,4.0205078125
110.67571700550616,4.0205078125
111.87627000617795,4.0205078125
110.98605999723077,4.0205078125
112.61465499410406,4.0205078125
113.53344900999218,4.0205078125
111.44924897234887,4.0205078125
112.9161610151641,4.0205078125
110.23597299936228,4.0205078125
110.70056501193903,4.0205078125
112.34998900908977,4.0205078125
111.37603200040758,4.0205078125
112.37857199739665,4.0205078125
112.32380900764838,4.0205078125
111.05199297890067,4.0205078125
109.89849898032844,4.0205078125
111.3115799962543,4.0205078125
112.25399799877778,4.0205078125
113.22313599521294,4.0205078125
112.18490899773315,4.0205078125
112.41882800823078,4.0205078125
114.89968097885139,4.0205078125
109.49980199802667,4.0205078125
111.3006199884694,4.0205078125
112.2167780122254,4.0205078125
113.24076002347283,4.0205078125
112.44513699784875,4.0205078125
110.53781901136972,4.0205078125
110.3908930090256,4.0205078125
110.1977209909819,4.0205078125
110.76395300915465,4.0205078125
116.15892400732264,4.0205078125
113.93627402139828,4.0205078125
113.36744701839052,4.0205078125
111.09269000007771,4.0205078125
109.6777250058949,4.0205078125
111.62500799400732,4.0205078125
110.5548009800259,4.0205078125
111.87385499943048,4.0205078125
112.25455900421366,4.0205078125
112.29543600347824,4.0205078125
111.25836000428535,4.0205078125
111.34925100486726,4.0205078125
110.56992900557816,4.0205078125
111.00991402054206,4.0205078125
112.88020299980417,4.0205078125
111.7300859768875,4.0205078125
112.61921399272978,4.0205078125
114.47755998233333,4.0205078125
111.08883301494643,4.0205078125
115.23932902491651,4.0205078125
123.00577902351506,4.0205078125
112.192964006681,4.0205078125
111.45722397486679,4.0205078125
113.03423199569806,4.0205078125
110.89830502169207,4.0205078125
110.92812099377625,4.0205078125
110.0372189830523,4.0205078125
110.20456298138015,4.0205078125
108.77856801380403,4.0205078125
109.92141198948957,4.0205078125
111.53602198464796,4.0205078125
112.60536700137891,4.0205078125
110.87376999785192,4.0205078125
111.39853397617117,4.0205078125
110.00175299705006,4.0205078125
109.72162798861973,4.0205078125
111.61956898286007,4.0205078125
113.3061520231422,4.0205078125
111.62364500341937,4.0205078125
112.85859200870618,4.0205078125
110.99543800810352,4.0205078125
113.05012201773934,4.0205078125
111.76873798831366,4.0205078125
113.22170399944298,4.0205078125
112.14184801792726,4.0205078125
112.16918998979963,4.0205078125
110.72951799724251,4.0205078125
111.11389001598582,4.0205078125
111.65715800598264,4.0205078125
113.3232849824708,4.0205078125
113.27808001078665,4.0205078125
111.40434499247931,4.0205078125
108.59376200824045,4.0205078125
110.12893199222162,4.0205078125
109.44346597534604,4.0205078125
111.62693199003115,4.0205078125
110.715351998806,4.0205078125
111.50841999915428,4.0205078125
109.97050398145802,4.0205078125
108.75470397877507,4.0205078125
110.77107599703595,4.0205078125
111.9659079995472,4.0205078125
112.11104999529198,4.0205078125
111.5064459736459,4.0205078125
109.88526497385465,4.0205078125
110.0126929813996,4.0205078125
110.81136201391928,4.0205078125
111.5032700181473,4.0205078125
110.5846070277039,4.0205078125
111.74876100267284,4.0205078125
110.52177898818627,4.0205078125
111.56031698919833,4.0205078125
111.66752799181268,4.0205078125
111.90016500768252,4.0205078125
110.70923099759966,4.0205078125
111.18146698572673,4.0205078125
109.41408999497071,4.0205078125
110.95508199650794,4.0205078125
111.74126699916087,4.0205078125
112.49593298998661,4.0205078125
111.63286300143227,4.0205078125
112.81324701849371,4.0205078125
112.83306498080492,4.0205078125
112.37623801571317,4.0205078125
111.73056598636322,4.0205078125
117.07869899692014,4.0205078125
113.94894798286259,4.0205078125
110.1001979841385,4.0205078125
110.04556500120088,4.0205078125
110.740589996567,4.0205078125
110.74704100610688,4.0205078125
110.94506297376938,4.0205078125
110.11232101009227,4.0205078125
109.94785200455226,4.0205078125
114.35933798202313,4.0205078125
112.52573900856078,4.0205078125
110.04523499286734,4.0205078125
109.624114993494,4.0205078125
109.29398500593379,4.0205078125
111.52022200985812,4.0205078125
110.94550401321612,4.0205078125
110.00576097285375,4.0205078125
111.50011399877258,4.0205078125
110.50776301999576,4.0205078125
110.30326900072396,4.0205078125
114.17757699382491,4.0205078125
112.04219100181945,4.0205078125
112.92127100750804,4.0205078125
110.07853702176362,4.0205078125
109.57290898659267,4.0205078125
120.09512798977084,4.0205078125
110.96772601013072,4.0205078125
111.39314400497824,4.0205078125
110.71800699573942,4.0205078125
109.50807700282894,4.0205078125
109.59911698591895,4.0205078125
113.46035200404003,4.0205078125
110.34963600104675,4.0205078125
111.31207100697793,4.0205078125
110.92253099195659,4.0205078125
109.93349499767646,4.0205078125
110.72867701295763,4.0205078125
107.97686499427073,4.0205078125
109.57154599600472,4.0205078125
109.25943098845892,4.0205078125
109.01190599543042,4.0205078125
108.20327998953871,4.0205078125
108.77865902148187,4.0205078125
108.87584101874381,4.0205078125
109.68715298804455,4.0205078125
108.88479798450135,4.0205078125
108.66265100776218,4.0205078125
108.57253198628314,4.0205078125
109.52723299851641,4.0205078125
113.32643998321146,4.0205078125
108.34630698082037,4.0205078125
109.2844579834491,4.0205078125
109.07441400922835,4.0205078125
109.06906399759464,4.0205078125
108.9776320150122,4.0205078125
109.0762070089113,4.0205078125
108.71748402132653,4.0205078125
108.83115700562485,4.0205078125
108.90572701464407,4.0205078125
108.34883200004697,4.0205078125
108.65403502248228,4.0205078125
108.20708598475903,4.0205078125
108.76427197945304,4.0205078125
108.73154102591798,4.0205078125
108.26399299548939,4.0205078125
109.20561000239104,4.0205078125
108.64708200097084,4.0205078125
107.96599398599938,4.0205078125
108.60588500509039,4.0205078125
108.15417699632235,4.0205078125
108.25799198937602,4.0205078125
110.11154900188558,4.0205078125
108.07648100308143,4.0205078125
108.20103500736877,4.0205078125
107.96408099122345,4.0205078125
109.19869699864648,4.0205078125
108.14860698883422,4.0205078125
107.0187570003327,4.0205078125
108.35852101445198,4.0205078125
107.00441000517458,4.0205078125
107.13399399537593,4.0205078125
107.23075500573032,4.0205078125
106.66042499360628,4.0205078125
108.27538499142975,4.0205078125
108.33206097595394,4.0205078125
107.993985991925,4.0205078125
107.99641101039015,4.0205078125
106.77131300326437,4.0205078125
107.47119601001032,4.0205078125
107.15046399855055,4.0205078125
107.400302978931,4.0205078125
106.7966400005389,4.0205078125
107.49209500500001,4.0205078125
107.71989199565724,4.0205078125
107.85278200637549,4.0205078125
107.72545301006176,4.0205078125
107.70709899952635,4.0205078125
107.51671102480032,4.0205078125
106.71285400167108,4.0205078125
106.1690429924056,4.0205078125
106.9137199956458,4.0205078125
106.12532097729854,4.0205078125
106.34679699433036,4.0205078125
106.10309900948778,4.0205078125
106.4409929967951,4.0205078125
106.13624201505445,4.0205078125
106.24855200876482,4.0205078125
105.94216801109724,4.0205078125
106.50469298707321,4.0205078125
106.27517299144529,4.0205078125
106.69131300528534,4.0205078125
106.1760259908624,4.0205078125
106.06895500677638,4.0205078125
106.20239601121284,4.0205078125
106.45485899294727,4.0205078125
106.67254801956005,4.0205078125
106.71555899898522,4.0205078125
106.53983900556341,4.0205078125
106.68216599151492,4.0205078125
106.10978200566024,4.0205078125
106.593468983192,4.0205078125
106.07922400231473,4.0205078125
107.09730398957618,4.0205078125
106.15423499257304,4.0205078125
106.13914698478766,4.0205078125
109.70772098517045,4.0205078125
111.07904399977997,4.0205078125
110.38338899379596,4.0205078125
109.42573301144876,4.0205078125
108.01868297858164,4.0205078125
115.2664499823004,4.0205078125
109.50080302427523,4.0205078125
108.83955302415416,4.0205078125
111.11369001446292,4.0205078125
111.60587298218161,4.0205078125
109.65256800409406,4.0205078125
112.06123599549755,4.0205078125
111.48084799060598,4.0205078125
108.9786840020679,4.0205078125
107.70259000128135,4.0205078125
108.12995201558806,4.0205078125
107.87089599762112,4.0205078125
108.30443000304513,4.0205078125
107.51857500872575,4.0205078125
107.69191000144929,4.0205078125
107.99241400673054,4.0205078125
108.05094300303608,4.0205078125
108.0016509804409,4.0205078125
108.25240099802613,4.0205078125
107.02104098163545,4.0205078125
108.43474301509559,4.0205078125
108.04815799929202,4.0205078125
108.13213599612936,4.0205078125
108.03030501119792,4.0205078125
107.41097299614921,4.0205078125
107.7452499885112,4.0205078125
108.12757798703387,4.0205078125
108.07728301733732,4.0205078125
108.81244199117646,4.0205078125
108.66785098914988,4.0205078125
107.36208100570366,4.0205078125
108.9476160123013,4.0205078125
109.07975400914438,4.0205078125
108.89603800023906,4.0205078125
109.16427199845202,4.0205078125
108.45130399684422,4.0205078125
110.0315889925696,4.0205078125
109.59233500761911,4.0205078125
110.97462798352353,4.0205078125
110.17748300218955,4.0205078125
108.63297601463273,4.0205078125
107.20497599686496,4.0205078125
109.4535150041338,4.0205078125
108.60640500322916,4.0205078125
109.68692298047245,4.0205078125
109.29524799576029,4.0205078125
109.01835799450055,4.0205078125
108.5766399919521,4.0205078125
107.22570502548479,4.0205078125
108.3460169902537,4.0205078125
109.7064099740237,4.0205078125
109.24433197942562,4.0205078125
110.38958100834861,4.0205078125
108.6752449919004,4.0205078125
109.10225598490797,4.0205078125
109.27663301117718,4.0205078125
109.13285301649012,4.0205078125
109.31135801365599,4.0205078125
109.94057901552878,4.0205078125
108.8134839956183,4.0205078125
109.19592098798603,4.0205078125
110.11473499820568,4.0205078125
110.37702698376961,4.0205078125
112.08647399325855,4.0205078125
109.74445100873709,4.0205078125
108.37150498991832,4.0205078125
109.66376899159513,4.0205078125
110.7613279891666,4.0205078125
110.77068600570783,4.0205078125
110.39498102036305,4.0205078125
109.1013939876575,4.0205078125
108.9143329882063,4.0205078125
111.44306699861772,4.0205078125
111.11240700120106,4.0205078125
110.58841401245445,4.0205078125
111.636019020807,4.0205078125
109.54328300431371,4.0205078125
109.73571400973015,4.0205078125
110.34329401445575,4.0205078125
109.614666987909,4.0205078125
111.15108901867643,4.0205078125
107.95496401260607,4.0205078125
110.48996899626218,4.0205078125
110.00331700779498,4.0205078125
110.30333902454004,4.0205078125
110.0805310124997,4.0205078125
109.04044000199065,4.0205078125
120.13133699656464,4.0205078125
113.1313749938272,4.0205078125
110.80951898475178,4.0205078125
111.25601598178037,4.0205078125
109.77362500852905,4.0205078125
111.47393501596525,4.0205078125
113.01649900269695,4.0205078125
112.37861300469376,4.0205078125
110.90406600851566,4.0205078125
110.64558199723251,4.0205078125
109.4825390027836,4.0205078125
110.47034297371283,4.0205078125
110.30857899459079,4.0205078125
113.15087100956589,4.0205078125
109.64399197837338,4.0205078125
110.59452602057718,4.0205078125
109.51907798880711,4.0205078125
110.37590500200167,4.0205078125
111.02328999550082,4.0205078125
110.57686200365424,4.0205078125
109.36634201789275,4.0205078125
110.70243798894808,4.0205078125
113.57608801336028,4.0205078125
113.47174298134632,4.0205078125
111.30158099695109,4.0205078125
110.06288800854236,4.0205078125
110.96990000805818,4.0205078125
113.51015500258654,4.0205078125
112.14546498376876,4.0205078125
111.1783100059256,4.0205078125
110.7636830129195,4.0205078125
110.19199001020752,4.0205078125
108.72189200017601,4.0205078125
109.06807100400329,4.0205078125
110.58301298180595,4.0205078125
111.70887597836554,4.0205078125
110.67207102314569,4.0205078125
111.09658700297587,4.0205078125
108.91960401204415,4.0205078125
108.49562799558043,4.0205078125
107.2537680156529,4.0205078125
108.07189301704057,4.0205078125
108.6938290100079,4.0205078125
112.97872799332254,4.0205078125
111.55111002153717,4.0205078125
111.34856002172455,4.0205078125
110.71425999398343,4.0205078125
109.12967700278386,4.0205078125
107.67844499787316,4.0205078125
109.14373298874125,4.0205078125
112.22296100459062,4.0205078125
110.25709199020639,4.0205078125
112.5040469923988,4.0205078125
113.10161900473759,4.0205078125
109.39652798697352,4.0205078125
109.18655400746502,4.0205078125
107.89568300242536,4.0205078125
109.81945099774748,4.0205078125
110.4862520005554,4.0205078125
112.71264898823574,4.0205078125
111.31299298722297,4.0205078125
111.03364999871701,4.0205078125
108.68730701622553,4.0205078125
108.56096100178547,4.0205078125
108.08200101018883,4.0205078125
110.28798000188544,4.0205078125
109.56025499035604,4.0205078125
110.05894100526348,4.0205078125
110.36674797651358,4.0205078125
111.29645199980587,4.0205078125
108.66119898855686,4.0205078125
108.80978699424304,4.0205078125
107.66004098695703,4.0205078125
109.68456798582338,4.0205078125
112.68081900198013,4.0205078125
110.49623100552708,4.0205078125
110.86401098873466,4.0205078125
110.92650800128467,4.0205078125
109.24916199292056,4.0205078125
108.11832998297177,4.0205078125
107.15339001035318,4.0205078125
109.79512598714791,4.0205078125
110.07939901901409,4.0205078125
111.72053799964488,4.0205078125
110.7102129899431,4.0205078125
111.05270401458256,4.0205078125
108.30520998570137,4.0205078125
107.5376899971161,4.0205078125
109.16061501484364,4.0205078125
111.53063099482097,4.0205078125
112.94809100218117,4.0205078125
110.30695599038154,4.0205078125
111.16940400097519,4.0205078125
109.68679300276563,4.0205078125
108.13720599981025,4.0205078125
109.60843600332737,4.0205078125
109.54776199650951,4.0205078125
111.09562599449418,4.0205078125
110.65517901442945,4.0205078125
110.70913000730798,4.0205078125
108.53034298634157,4.0205078125
108.53506199782714,4.0205078125
108.74122899258509,4.0205078125
111.98744899593294,4.0205078125
111.6946789843496,4.0205078125
110.76344302273355,4.0205078125
114.04971801675856,4.0205078125
109.90587397827767,4.0205078125
126.84629298746586,4.0205078125
110.78181699849665,4.0205078125
112.7043140004389,4.0205078125
112.01490001985803,4.0205078125
109.35646301368251,4.0205078125
108.7594730197452,4.0205078125
109.13582899956964,4.0205078125
111.46925599314272,4.0205078125
110.79323900048621,4.0205078125
111.58208799315616,4.0205078125
112.11516801267862,4.0205078125
111.49326100712642,4.0205078125
110.20771999028511,4.0205078125
130.62544399872422,4.0205078125
110.22982199210674,4.0205078125
113.93005299032666,4.0205078125
109.67240500031039,4.0205078125
110.25983802392147,4.0205078125
108.39822501293384,4.0205078125
107.65030200127512,4.0205078125
108.23791500297375,4.0205078125
109.35198402148671,4.0205078125
108.8850480155088,4.0205078125
108.73475600965321,4.0205078125
108.46670300816186,4.0205078125
110.76418400625698,4.0205078125
111.9705569872167,4.0205078125
110.70307900081389,4.0205078125
109.42270699888468,4.0205078125
109.71748002339154,4.0205078125
109.0392170008272,4.0205078125
108.87408800772391,4.0205078125
110.88315700180829,4.0205078125
111.28186498535797,4.0205078125
109.67004101257771,4.0205078125
110.9633480082266,4.0205078125
108.88624098151922,4.0205078125
110.10534799424931,4.0205078125
108.45796699868515,4.0205078125
109.7554310108535,4.0205078125
110.09808399830945,4.0205078125
111.59309899085201,4.0205078125
109.96304100262932,4.0205078125
109.09057399840094,4.0205078125
108.98412400274538,4.0205078125
110.03701901063323,4.0205078125
110.50656999577768,4.0205078125
113.96426701685414,4.0205078125
117.98646199167706,4.0205078125
110.75588798848912,4.0205078125
109.74224598612636,4.0205078125
109.61370600853115,4.0205078125
117.95327099389397,4.0205078125
109.23049700795673,4.0205078125
109.73561397986487,4.0205078125
110.77793998993002,4.0205078125
110.30485198716633,4.0205078125
109.92026998428628,4.0205078125
108.99312101537362,4.0205078125
109.51770498650149,4.0205078125
111.45588199724443,4.0205078125
111.31456700968556,4.0205078125
110.56409799493849,4.0205078125
110.186519974377,4.0205078125
107.89078299421817,4.0205078125
110.01250299159437,4.0205078125
110.38179602473974,4.0205078125
111.08306198730133,4.0205078125
110.713949019555,4.0205078125
112.64866899000481,4.0205078125
110.18261301796883,4.0205078125
112.91304498445243,4.0205078125
110.6588659749832,4.0205078125
115.24315600399859,4.0205078125
112.71208801190369,4.0205078125
112.84996700123884,4.0205078125
113.24765300378203,4.0205078125
114.086767018307,4.0205078125
111.59721598960459,4.0205078125
113.68556399247609,4.0205078125
111.54842498945072,4.0205078125
113.455012004124,4.0205078125
113.21299799601547,4.0205078125
112.72378999274224,4.0205078125
112.6182310108561,4.0205078125
112.56161599885672,4.0205078125
115.52820101496764,4.0205078125
110.74415600160137,4.0205078125
110.49086099956185,4.0205078125
112.31800800305791,4.0205078125
111.08202001196332,4.0205078125
111.2969130044803,4.0205078125
111.88161998870783,4.0205078125
111.35556301451288,4.0205078125
110.98683101590723,4.0205078125
110.16181300510652,4.0205078125
114.8745849786792,4.0205078125
112.43526797625236,4.0205078125
111.60281699267216,4.0205078125
113.15816501155496,4.0205078125
111.5142110211309,4.0205078125
110.06363001069985,4.0205078125
109.97394099831581,4.0205078125
110.68365201936103,4.0205078125
111.86407698551193,4.0205078125
115.3052530135028,4.0205078125
109.98813802143559,4.0205078125
110.19472498446703,4.0205078125
116.1677909840364,4.0205078125
113.23439801344648,4.0205078125
115.53314098273404,4.0205078125
111.24834101065062,4.0205078125
110.89109201566316,4.0205078125
110.87358900113031,4.0205078125
110.4924840037711,4.0205078125
114.47849200339988,4.0205078125
112.23525399691425,4.0205078125
110.52810098044574,4.0205078125
111.21910699876025,4.0205078125
111.36462999274954,4.0205078125
110.21666598389857,4.0205078125
111.30160200991668,4.0205078125
110.22064401186071,4.0205078125
110.23971898248419,4.0205078125
109.48205899330787,4.0205078125
110.63386898604222,4.0205078125
112.78560597565956,4.0205078125
111.60267700324766,4.0205078125
110.4463080118876,4.0205078125
110.39501099730842,4.0205078125
109.94930501328781,4.0205078125
111.30518800928257,4.0205078125
112.51404701033607,4.0205078125
113.30346702015959,4.0205078125
113.28832901199348,4.0205078125
112.18072101473808,4.0205078125
111.88012699130923,4.0205078125
111.93972898763604,4.0205078125
112.3921380203683,4.0205078125
112.84351401263848,4.0205078125
112.4728090071585,4.0205078125
113.25946400756948,4.0205078125
112.14325099717826,4.0205078125
111.98191801668145,4.0205078125
110.95018300693482,4.0205078125
112.57469997508451,4.0205078125
112.96885999036022,4.0205078125
113.29213599674404,4.0205078125
112.16772699845023,4.0205078125
110.5948259937577,4.0205078125
112.28749202564359,4.0205078125
114.2791370220948,4.0205078125
112.24008299177513,4.0205078125
113.14591200789437,4.0205078125
112.0960820117034,4.0205078125
111.27925000619143,4.0205078125
112.32573300367221,4.0205078125
112.57018099422567,4.0205078125
112.31922099250369,4.0205078125
116.1796529777348,4.0205078125
112.0366399991326,4.0205078125
110.38081400329247,4.0205078125
112.24894900806248,4.0205078125
111.98866000631824,4.0205078125
110.8596230042167,4.0205078125
112.25816700607538,4.0205078125
111.27116499119438,4.0205078125
113.44176600687206,4.0205078125
112.35521800699644,4.0205078125
112.03871399629861,4.0205078125
110.36792999948375,4.0205078125
110.19048700109124,4.0205078125
110.23392900824547,4.0205078125
112.25136299617589,4.0205078125
112.07134599681012,4.0205078125
111.70082099852152,4.0205078125
110.42680000537075,4.0205078125
110.8406669809483,4.0205078125
112.57763497997075,4.0205078125
113.17612900165841,4.0205078125
111.73013501684181,4.0205078125
111.7404650140088,4.0205078125
111.47812299896032,4.0205078125
114.92156301392242,4.0205078125
112.7021889842581,4.0205078125
113.09610801981762,4.0205078125
112.54307097988203,4.0205078125
112.6459640217945,4.0205078125
112.25790600292385,4.0205078125
113.30918801832013,4.0205078125
112.14223899878561,4.0205078125
113.82910297834314,4.0205078125
113.85837898706086,4.0205078125
113.60926102497615,4.0205078125
111.97703899233602,4.0205078125
111.55438600690104,4.0205078125
110.72755500208586,4.0205078125
110.51875402336009,4.0205078125
112.28888400364667,4.0205078125
113.72200300684199,4.0205078125
110.95457099145278,4.0205078125
110.66753198974766,4.0205078125
108.36076401756145,4.0205078125
112.32885898789391,4.0205078125
111.01982300169766,4.0205078125
110.4241959983483,4.0205078125
108.42867201426998,4.0205078125
111.48369300644845,4.0205078125
110.26925500482321,4.0205078125
110.75175000587478,4.0205078125
114.51654299162328,4.0205078125
109.84851600369439,4.0205078125
109.56335000810213,4.0205078125
108.22405901853926,4.0205078125
107.59337499621324,4.0205078125
110.31146498862654,4.0205078125
110.43348300154321,4.0205078125
110.79343801247887,4.0205078125
111.33334200712852,4.0205078125
110.14341900590807,4.0205078125
110.74389598798007,4.0205078125
111.04915902251378,4.0205078125
110.55274700629525,4.0205078125
109.43084201426245,4.0205078125
109.86751201562583,4.0205078125
110.02864298643544,4.0205078125
110.34532799385488,4.0205078125
110.27083799126558,4.0205078125
109.3684259976726,4.0205078125
109.77040900615975,4.0205078125
110.99635899881832,4.0205078125
110.91725100413896,4.0205078125
110.1939539948944,4.0205078125
110.16683300840668,4.0205078125
110.70772801758721,4.0205078125
110.76389299705625,4.0205078125
111.62994801998138,4.0205078125
111.57473400817253,4.0205078125
109.77175200241618,4.0205078125
110.24246498709545,4.0205078125
111.30307498387992,4.0205078125
112.42977800429799,4.0205078125
112.7927890047431,4.0205078125
110.88571199798025,4.0205078125
112.61126899626106,4.0205078125
110.72968898224644,4.0205078125
112.6749889808707,4.0205078125
112.29394300607964,4.0205078125
110.55880898493342,4.0205078125
110.55674398085102,4.0205078125
110.47738601337187,4.0205078125
113.08083002222702,4.0205078125
116.15358397830278,4.0205078125
111.93967901635915,4.0205078125
110.17812398495153,4.0205078125
109.49245799565688,4.0205078125
109.75017101736739,4.0205078125
111.93539100349881,4.0205078125
112.29935300070792,4.0205078125
112.38129698904231,4.0205078125
110.43785102083348,4.0205078125
109.02928898576647,4.0205078125
109.02506101410836,4.0205078125
112.08231601631269,4.0205078125
111.42901098355651,4.0205078125
110.87020201375708,4.0205078125
109.36407701228745,4.0205078125
109.49390998575836,4.0205078125
110.62124601448886,4.0205078125
110.5583580210805,4.0205078125
110.78953099786304,4.0205078125
110.66164099611342,4.0205078125
110.72952797985636,4.0205078125
110.93050599447452,4.0205078125
110.17954701674171,4.0205078125
111.12845697789453,4.0205078125
110.34826299874112,4.0205078125
114.53149100998417,4.0205078125
117.07284799194895,4.0205078125
111.31434500566684,4.0205078125
111.39175100834109,4.0205078125
113.86772600235417,4.0205078125
113.68521300028078,4.0205078125
111.78263401961885,4.0205078125
112.24420100916177,4.0205078125
114.14331299602054,4.0205078125
113.76019401359372,4.0205078125
112.19238300691359,4.0205078125
114.11759498878382,4.0205078125
111.96178098907694,4.0205078125
111.61261500092223,4.0205078125
111.05897699599154,4.0205078125
111.24158900929615,4.0205078125
115.43177999556065,4.0205078125
112.68799297977239,4.0205078125
113.25418498017825,4.0205078125
110.27255197404884,4.0205078125
111.86734400689602,4.0205078125
112.62540498864837,4.0205078125
110.220082977321,4.0205078125
111.00902300677262,4.0205078125
110.85308098699898,4.0205078125
113.07028998271562,4.0205078125
111.69866600539535,4.0205078125
112.55435200291686,4.0205078125
116.73084698850289,4.0205078125
111.67488200590014,4.0205078125
110.78102499595843,4.0205078125
113.05015199468471,4.0205078125
111.10528398421593,4.0205078125
110.65061000408605,4.0205078125
108.85271799634211,4.0205078125
109.55651800031774,4.0205078125
109.97377097373828,4.0205078125
108.84836001787335,4.0205078125
109.30244100745767,4.0205078125
110.08981798659079,4.0205078125
110.1655210077297,4.0205078125
107.27784299524501,4.0205078125
108.4657010214869,4.0205078125
111.16726999171078,4.0205078125
111.33141801110469,4.0205078125
114.05674999696203,4.0205078125
112.0086679875385,4.0205078125
110.76442399644293,4.0205078125
112.81949002295732,4.0205078125
110.96405898570083,4.0205078125
110.0787179893814,4.0205078125
110.25685200002044,4.0205078125
110.38484200253151,4.0205078125
111.55113999848254,4.0205078125
112.64468202716671,4.0205078125
112.17604199191555,4.0205078125
111.06649998691864,4.0205078125
110.63820699928328,4.0205078125
112.99755398067646,4.0205078125
111.32503597764298,4.0205078125
113.88744300347753,4.0205078125
113.87068199110217,4.0205078125
112.12621800950728,4.0205078125
109.48605599696748,4.0205078125
109.16843998711556,4.0205078125
111.284248996526,4.0205078125
110.50618899753317,4.0205078125
110.43901400989853,4.0205078125
111.3260579877533,4.0205078125
109.24393200548366,4.0205078125
110.18552799941972,4.0205078125
112.257745990064,4.0205078125
111.1509189940989,4.0205078125
110.18495701136999,4.0205078125
109.78143001557328,4.0205078125
108.95937701570801,4.0205078125
108.99724901537411,4.0205078125
109.53586900723167,4.0205078125
110.87689502164721,4.0205078125
111.55339499237016,4.0205078125
109.6816830104217,4.0205078125
109.82146498281509,4.0205078125
108.93988099996932,4.0205078125
109.25265800324269,4.0205078125
110.03062798408791,4.0205078125
111.11230700043961,4.0205078125
112.75099101476371,4.0205078125
109.1969529807102,4.0205078125
109.1139780182857,4.0205078125
110.38329897564836,4.0205078125
111.79967600037344,4.0205078125
110.39328799233772,4.0205078125
110.86517301737331,4.0205078125
108.30636299215257,4.0205078125
109.70224099582992,4.0205078125
109.43650198169053,4.0205078125
111.4423560211435,4.0205078125
112.39499298972078,4.0205078125
111.53368701343425,4.0205078125
110.18951502046548,4.0205078125
109.255082992604,4.0205078125
108.4381899854634,4.0205078125
108.89535798924044,4.0205078125
109.53566900570877,4.0205078125
110.42505700606853,4.0205078125
112.39861900685355,4.0205078125
110.99948498304002,4.0205078125
110.09282400482334,4.0205078125
110.11692899046466,4.0205078125
111.39236198505387,4.0205078125
111.5597460011486,4.0205078125
110.20994401769713,4.0205078125
111.16142899845727,4.0205078125
109.30322299827822,4.0205078125
110.34391497378238,4.0205078125
109.03273499570787,4.0205078125
109.81402097968385,4.0205078125
110.98236299585551,4.0205078125
111.01788899395615,4.0205078125
109.6099879941903,4.0205078125
108.70050199446268,4.0205078125
109.55951397772878,4.0205078125
112.37969400826842,4.0205078125
111.0091129958164,4.0205078125
109.16523399646394,4.0205078125
109.0894419758115,4.0205078125
111.36470001656562,4.0205078125
110.4782470210921,4.0205078125
109.21733098803088,4.0205078125
109.53596900799312,4.0205078125
110.59967501205392,4.0205078125
111.80184100521728,4.0205078125
113.83413200383075,4.0205078125
111.97959398850799,4.0205078125
109.13897500722669,4.0205078125
106.9505590130575,4.0205078125
107.24822801421396,4.0205078125
107.2543989866972,4.0205078125
109.02483999961987,4.0205078125
108.30290598096326,4.0205078125
109.55532599473372,4.0205078125
110.30596401542425,4.0205078125
109.36768399551511,4.0205078125
107.88141601369716,4.0205078125
107.23398099071346,4.0205078125
108.40967600233853,4.0205078125
109.53522799536586,4.0205078125
110.23506100173108,4.0205078125
111.2720969831571,4.0205078125
109.15026598377153,4.0205078125
109.14347399375401,4.0205078125
109.88458400242962,4.0205078125
111.05614100233652,4.0205078125
111.07695099781267,4.0205078125
111.64889301289804,4.0205078125
108.51391201140359,4.0205078125
109.29873498389497,4.0205078125
109.09158599679358,4.0205078125
110.4262099834159,4.0205078125
110.1851380080916,4.0205078125
108.30106301000342,4.0205078125
107.71180700976402,4.0205078125
106.75324898329563,4.0205078125
107.49003099044785,4.0205078125
111.21328599983826,4.0205078125
109.75470999255776,4.0205078125
110.9082339971792,4.0205078125
110.23030200158246,4.0205078125
110.0872129900381,4.0205078125
110.7162140251603,4.0205078125
110.1032739970833,4.0205078125
108.909193018917,4.0205078125
109.15872099576518,4.0205078125
109.6042070130352,4.0205078125
110.17629099660553,4.0205078125
110.86668600910343,4.0205078125
109.92993900435977,4.0205078125
110.85423300391994,4.0205078125
110.59918499086052,4.0205078125
109.58683499484323,4.0205078125
111.03890900267288,4.0205078125
110.80413797753863,4.0205078125
110.88327702600509,4.0205078125
110.24378801812418,4.0205078125
111.04622299899347,4.0205078125
109.64675800641999,4.0205078125
109.78845300269313,4.0205078125
109.3920590064954,4.0205078125
111.10000300686806,4.0205078125
112.86902200663462,4.0205078125
111.39881401322782,4.0205078125
109.17248699115589,4.0205078125
110.30023300554603,4.0205078125
110.33778401906602,4.0205078125
111.25913201249205,4.0205078125
108.81496698129922,4.0205078125
109.5035390171688,4.0205078125
109.78882398921996,4.0205078125
110.45717800152488,4.0205078125
109.93844500626437,4.0205078125
111.79299300420098,4.0205078125
110.70351899252273,4.0205078125
110.29527397477068,4.0205078125
109.06793200410903,4.0205078125
109.99355799867772,4.0205078125
110.24401697795838,4.0205078125
110.21900098421611,4.0205078125
109.0249809785746,4.0205078125
109.08070500590838,4.0205078125
109.20712200459093,4.0205078125
109.92842502309941,4.0205078125
109.71046701888554,4.0205078125
111.26989300828427,4.0205078125
109.42698500002734,4.0205078125
109.21529799816199,4.0205078125
108.56983700068668,4.0205078125
110.61741801677272,4.0205078125
110.92634798842482,4.0205078125
112.12590799550526,4.0205078125
108.6122769920621,4.0205078125
110.08051098906435,4.0205078125
110.60078698210418,4.0205078125
111.27302900422364,4.0205078125
109.94792199926451,4.0205078125
109.70446601277217,4.0205078125
109.916412999155,4.0205078125
111.52353798388503,4.0205078125
111.2651229777839,4.0205078125
110.88004100020044,4.0205078125
110.25344498921186,4.0205078125
108.68366100476123,4.0205078125
109.40583600313403,4.0205078125
110.25660199811682,4.0205078125
112.383901985595,4.0205078125
112.07753801136278,4.0205078125
110.91221097740345,4.0205078125
110.0721349939704,4.0205078125
109.20329499640502,4.0205078125
111.83659499511123,4.0205078125
110.46890998841263,4.0205078125
109.21776198665611,4.0205078125
108.5362339799758,4.0205078125
110.20238997298293,4.0205078125
111.45744399982505,4.0205078125
110.28181901201606,4.0205078125
109.50421000597998,4.0205078125
110.75450500356965,4.0205078125
109.84436800936237,4.0205078125
110.08429800858721,4.0205078125
110.49644098966382,4.0205078125
110.22961101843975,4.0205078125
109.75219501415268,4.0205078125
110.31251601525582,4.0205078125
110.27374299010262,4.0205078125
109.62760198162869,4.0205078125
108.68954099714756,4.0205078125
109.04822399606928,4.0205078125
109.02144401916303,4.0205078125
109.27124301088043,4.0205078125
109.50400002184324,4.0205078125
110.78387100133114,4.0205078125
109.98596300487407,4.0205078125
110.28247000649571,4.0205078125
109.85618102131411,4.0205078125
109.44886598736048,4.0205078125
109.12964699673466,4.0205078125
108.52963099023327,4.0205078125
109.20300401630811,4.0205078125
109.53805400640704,4.0205078125
108.93029300495982,4.0205078125
109.03966898331419,4.0205078125
108.34716897807084,4.0205078125
109.97537401271984,4.0205078125
109.00841999682598,4.0205078125
108.95517998142168,4.0205078125
109.90715597290546,4.0205078125
111.47833298309706,4.0205078125
108.94518098211847,4.0205078125
108.53600400150754,4.0205078125
110.45715800719336,4.0205078125
109.71114799031056,4.0205078125
107.41015200619586,4.0205078125
109.40186801599339,4.0205078125
110.588593990542,4.0205078125
114.12215299787931,4.0205078125
110.1456829928793,4.0205078125
110.71900901151821,4.0205078125
109.9969650094863,4.0205078125
109.22877400298603,4.0205078125
108.54251598357223,4.0205078125
108.47262502647936,4.0205078125
108.75410298467614,4.0205078125
109.46773100295104,4.0205078125
109.52479799743742,4.0205078125
108.85808800230734,4.0205078125
108.79767398000695,4.0205078125
109.44307499448769,4.0205078125
108.33277201163583,4.0205078125
109.18500099796802,4.0205078125
109.28562001208775,4.0205078125
109.55964401364326,4.0205078125
108.89835300622508,4.0205078125
108.87712400290184,4.0205078125
109.71788101596758,4.0205078125
109.94963598204777,4.0205078125
108.62530098529533,4.0205078125
109.15303099318407,4.0205078125
109.22265099361539,4.0205078125
110.27070801355876,4.0205078125
110.05092499544844,4.0205078125
109.40709797432646,4.0205078125
108.61637399648316,4.0205078125
157.1401050023269,4.0205078125
110.89205401367508,4.0205078125
109.8989210149739,4.0205078125
109.54990499885753,4.0205078125
109.96155798784457,4.0205078125
109.47130800923333,4.0205078125
108.22887701215222,4.0205078125
110.97667200374417,4.0205078125
109.44315500091761,4.0205078125
110.13928102329373,4.0205078125
109.93960601626895,4.0205078125
109.22660899814218,4.0205078125
109.48347102385014,4.0205078125
109.61778298951685,4.0205078125
110.0204479880631,4.0205078125
108.12748697935604,4.0205078125
108.35276998113841,4.0205078125
109.02415899909101,4.0205078125
109.62601800565608,4.0205078125
110.16750399721786,4.0205078125
109.82304799836129,4.0205078125
120.59678000514396,4.0205078125
111.14452700712718,4.0205078125
111.3389520032797,4.0205078125
110.13297998579219,4.0205078125
110.78319000080228,4.0205078125
110.25683197658509,4.0205078125
110.05638600909151,4.0205078125
110.3423019812908,4.0205078125
110.26097898138687,4.0205078125
111.06802299036644,4.0205078125
111.00381298456341,4.0205078125
109.80245002429001,4.0205078125
111.15725099807605,4.0205078125
110.89703300967813,4.0205078125
108.63516898825765,4.0205078125
110.77808000845835,4.0205078125
110.71548200561665,4.0205078125
110.20011501386762,4.0205078125
111.47286300547421,4.0205078125
110.18918501213193,4.0205078125
111.40647900174372,4.0205078125
109.92565099149942,4.0205078125
110.20666800322942,4.0205078125
111.05934798251837,4.0205078125
111.01919200154953,4.0205078125
110.09689199272543,4.0205078125
110.19105900777504,4.0205078125
109.58671499975026,4.0205078125
110.11814101948403,4.0205078125
109.66474100132473,4.0205078125
109.3946940090973,4.0205078125
110.28296098811552,4.0205078125
109.9977659760043,4.0205078125
108.62913797609508,4.0205078125
110.57362597784959,4.0205078125
109.84783401363529,4.0205078125
108.24842398869805,4.0205078125
107.33668401371688,4.0205078125
107.15522299869917,4.0205078125
108.01726000499912,4.0205078125
107.28071897756308,4.0205078125
106.38755300897174,4.0205078125
106.90313999657519,4.0205078125
106.04471998522058,4.0205078125
106.44976902403869,4.0205078125
106.4163570117671,4.0205078125
106.23825297807343,4.0205078125
106.24298098264262,4.0205078125
106.77626301185228,4.0205078125
106.36017197975889,4.0205078125
106.77710300660692,4.0205078125
107.56037398823537,4.0205078125
107.24777699215338,4.0205078125
107.00773700955324,4.0205078125
106.8267869995907,4.0205078125
106.1185089929495,4.0205078125
107.52964499988593,4.0205078125
106.82635701959953,4.0205078125
106.5089300100226,4.0205078125
106.40725999837741,4.0205078125
106.36221599997953,4.0205078125
106.38465700321831,4.0205078125
106.18542399606667,4.0205078125
106.3944660127163,4.0205078125
106.7119319923222,4.0205078125
107.08728598547168,4.0205078125
107.32948000077158,4.0205078125
106.04230500757694,4.0205078125
107.20433600363322,4.0205078125
106.02138697868213,4.0205078125
106.72560700913891,4.0205078125
106.29354699631222,4.0205078125
106.32499601342715,4.0205078125
106.40887299086899,4.0205078125
106.73473399947397,4.0205078125
106.00619699107483,4.0205078125
106.07749200426042,4.0205078125
106.2861529935617,4.0205078125
106.3855690008495,4.0205078125
106.61081201396883,4.0205078125
105.9532180079259,4.0205078125
105.95063300570473,4.0205078125
107.66018999856897,4.0205078125
107.03218300477602,4.0205078125
106.9947219802998,4.0205078125
105.8354779961519,4.0205078125
106.11560300458223,4.0205078125
105.88455898687243,4.0205078125
106.13860600278713,4.0205078125
106.34400098933838,4.0205078125
106.19619398494251,4.0205078125
105.72677399613895,4.0205078125
106.29878702457063,4.0205078125
106.41654799110256,4.0205078125
106.20504099642858,4.0205078125
106.0655589972157,4.0205078125
107.98688401700929,4.0205078125
120.52934299572371,4.0205078125
108.17414498887956,4.0205078125
107.98814601730555,4.0205078125
107.6025319925975,4.0205078125
106.65711900219321,4.0205078125
108.08973599341698,4.0205078125
109.86058801063336,4.0205078125
106.80137001327239,4.0205078125
106.42236800049432,4.0205078125
106.6655449976679,4.0205078125
106.12776500056498,4.0205078125
106.1276149994228,4.0205078125
105.96250501112081,4.0205078125
107.09251600201242,4.0205078125
106.82635600096546,4.0205078125
106.5027589793317,4.0205078125
106.16383299930021,4.0205078125
106.58323101233691,4.0205078125
106.21327598346397,4.0205078125
106.63921499508433,4.0205078125
106.04724401491694,4.0205078125
106.79449600866064,4.0205078125
106.23656000825576,4.0205078125
106.32518600323237,4.0205078125
106.9794540235307,4.0205078125
106.73645802307874,4.0205078125
106.48675900301896,4.0205078125
106.32217000238597,4.0205078125
106.12211501575075,4.0205078125
106.20882798684761,4.0205078125
106.01899199537002,4.0205078125
106.0470649972558,4.0205078125
106.10696600633673,4.0205078125
106.37619098997675,4.0205078125
105.68345198407769,4.0205078125
108.08171099051833,4.0205078125
108.09827299090102,4.0205078125
106.14337501465343,4.0205078125
108.26611702213995,4.0205078125
108.91001502750441,4.0205078125
107.96715700416826,4.0205078125
108.20041398983449,4.0205078125
107.24719500285573,4.0205078125
112.68632000428624,4.0205078125
112.03736200695857,4.0205078125
108.92047500237823,4.0205078125
110.03513599280268,4.0205078125
109.31348201120272,4.0205078125
110.62605498591438,4.0205078125
109.69072999432683,4.0205078125
107.91086099925451,4.0205078125
109.2708720243536,4.0205078125
110.53178700967692,4.0205078125
110.31980998814106,4.0205078125
109.91566098527983,4.0205078125
109.65900102746673,4.0205078125
109.91256599663757,4.0205078125
109.92687300313264,4.0205078125
110.12557600042783,4.0205078125
113.95683299633674,4.0205078125
110.00988900195807,4.0205078125
111.6080259962473,4.0205078125
110.05980201298371,4.0205078125
109.25130499526858,4.0205078125
110.89448799612,4.0205078125
109.93022902403027,4.0205078125
110.19852201570757,4.0205078125
112.37682899809442,4.0205078125
109.0721889922861,4.0205078125
110.15830701217055,4.0205078125
110.16115301754326,4.0205078125
109.11397798918188,4.0205078125
109.79267102084123,4.0205078125
111.47479701321572,4.0205078125
108.93450101139024,4.0205078125
110.8700520126149,4.0205078125
110.61827998491935,4.0205078125
110.09238299448043,4.0205078125
109.68014999525622,4.0205078125
109.57954099285416,4.0205078125
109.89999200683087,4.0205078125
111.23862297972664,4.0205078125
108.91268000705168,4.0205078125
110.27471499983221,4.0205078125
109.26611302420497,4.0205078125
109.77026901673526,4.0205078125
108.3510160096921,4.0205078125
107.88305799360387,4.0205078125
108.57295198366046,4.0205078125
108.85181601042859,4.0205078125
109.1401670128107,4.0205078125
110.28716899454594,4.0205078125
109.14387399679981,4.0205078125
109.14558701915666,4.0205078125
108.85937997954898,4.0205078125
108.99275101837702,4.0205078125
108.40748201007955,4.0205078125
109.35783499735408,4.0205078125
108.11610499513336,4.0205078125
109.1658050136175,4.0205078125
111.76032200455666,4.0205078125
111.50457299663685,4.0205078125
108.9676030096598,4.0205078125
108.25832298723981,4.0205078125
109.56514498684555,4.0205078125
110.55732500972226,4.0205078125
111.25769899808802,4.0205078125
110.76589699951,4.0205078125
110.56804601685144,4.0205078125
109.74762699333951,4.0205078125
108.8511040143203,4.0205078125
109.62243197718635,4.0205078125
110.0652729801368,4.0205078125
111.07493602321483,4.0205078125
111.08650799724273,4.0205078125
110.93078600242734,4.0205078125
108.59836998861283,4.0205078125
109.08037499757484,4.0205078125
111.14391600131057,4.0205078125
110.49954799818806,4.0205078125
110.3713369811885,4.0205078125
111.91353900358081,4.0205078125
111.36276699835435,4.0205078125
112.19386500306427,4.0205078125
108.82838201359846,4.0205078125
108.78089297330007,4.0205078125
109.82059402158484,4.0205078125
109.28567999508232,4.0205078125
108.51226898375899,4.0205078125
108.64955701981671,4.0205078125
108.37425998761319,4.0205078125
109.88915199413896,4.0205078125
109.79900299571455,4.0205078125
108.58455501147546,4.0205078125
108.99750899989158,4.0205078125
110.30198601656593,4.0205078125
109.52115198597312,4.0205078125
108.22118297801353,4.0205078125
108.70545101352036,4.0205078125
110.02958501921967,4.0205078125
109.98190601821989,4.0205078125
110.10216199792922,4.0205078125
109.20591998728923,4.0205078125
109.2440210049972,4.0205078125
108.08563898899592,4.0205078125
109.62070798268542,4.0205078125
109.85399599303491,4.0205078125
110.35892300424166,4.0205078125
109.1706840088591,4.0205078125
109.5266820047982,4.0205078125
109.85159099800512,4.0205078125
109.65558397583663,4.0205078125
107.92409599525854,4.0205078125
108.63875699578784,4.0205078125
109.72369200317189,4.0205078125
109.86652900464833,4.0205078125
108.82308200234547,4.0205078125
110.26594901341014,4.0205078125
109.21719099860638,4.0205078125
108.3366289967671,4.0205078125
109.69946699333377,4.0205078125
109.58695501904003,4.0205078125
110.91998597839847,4.0205078125
109.8363230121322,4.0205078125
108.5455009888392,4.0205078125
111.04982902179472,4.0205078125
110.25710200192407,4.0205078125
111.0992830072064,4.0205078125
109.13402499863878,4.0205078125
111.70197301544249,4.0205078125
108.90609701164067,4.0205078125
108.68451200076379,4.0205078125
109.81457197340205,4.0205078125
110.77759900945239,4.0205078125
108.84285997599363,4.0205078125
109.05274300603196,4.0205078125
110.13431200990453,4.0205078125
108.89618899091147,4.0205078125
108.21675401530229,4.0205078125
110.50200101453811,4.0205078125
113.21872801636346,4.0205078125
109.58306799875572,4.0205078125
110.2362830133643,4.0205078125
110.14469200745225,4.0205078125
108.914223004831,4.0205078125
108.67268999572843,4.0205078125
110.60006599291228,4.0205078125
111.54418700607494,4.0205078125
109.1888279770501,4.0205078125
109.63429399998859,4.0205078125
110.55191501509398,4.0205078125
109.72459299955517,4.0205078125
109.0151020034682,4.0205078125
112.25894800736569,4.0205078125
110.10728101246059,4.0205078125
109.03195399441756,4.0205078125
108.93056300119497,4.0205078125
110.7669189805165,4.0205078125
108.56223301379941,4.0205078125
112.43739200290293,4.0205078125
110.70180698879994,4.0205078125
110.78021398861893,4.0205078125
109.26133400062099,4.0205078125
111.38060002122074,4.0205078125
109.74438098492101,4.0205078125
109.68169299303554,4.0205078125
109.5117740042042,4.0205078125
109.70091898343526,4.0205078125
109.01062400080264,4.0205078125
111.53326599742286,4.0205078125
109.84197401558049,4.0205078125
109.16963298222981,4.0205078125
110.5612929968629,4.0205078125
110.16148299677297,4.0205078125
109.9303399969358,4.0205078125
109.9229549872689,4.0205078125
111.24361300608143,4.0205078125
110.46220699790865,4.0205078125
108.23209301452152,4.0205078125
109.56322099082172,4.0205078125
109.1987359977793,4.0205078125
110.12507401756011,4.0205078125
107.8364809800405,4.0205078125
109.67984001035802,4.0205078125
110.30546302208677,4.0205078125
108.85164598585106,4.0205078125
109.08751899842173,4.0205078125
110.0116320012603,4.0205078125
108.74995501944795,4.0205078125
108.07235300308093,4.0205078125
109.28117198636755,4.0205078125
109.42357900785282,4.0205078125
108.75208899960853,4.0205078125
109.04299499816261,4.0205078125
110.10185102350079,4.0205078125
109.35887700179592,4.0205078125
108.30537098809145,4.0205078125
110.21195698413067,4.0205078125
109.61077999672852,4.0205078125
108.77702600555494,4.0205078125
108.84400099166669,4.0205078125
110.33230301109143,4.0205078125
111.25871099648066,4.0205078125
108.53038300410844,4.0205078125
108.63345599500462,4.0205078125
109.88564600120299,4.0205078125
108.7502250156831,4.0205078125
108.67021599551663,4.0205078125
108.26881299726665,4.0205078125
109.8386769881472,4.0205078125
108.62248498597182,4.0205078125
108.35740799666382,4.0205078125
109.4387469929643,4.0205078125
108.60033400240354,4.0205078125
107.28061900590546,4.0205078125
109.29732100339606,4.0205078125
109.36083999695256,4.0205078125
109.20986798009835,4.0205078125
108.9058679935988,4.0205078125
109.49011400225572,4.0205078125
109.01160602224991,4.0205078125
108.27981302281842,4.0205078125
108.96993699134327,4.0205078125
109.50791698996909,4.0205078125
108.72161100269295,4.0205078125
108.79891601507552,4.0205078125
108.52592400624417,4.0205078125
109.44136200123467,4.0205078125
108.05739599163644,4.0205078125
114.97560399584472,4.0205078125
112.59346501901746,4.0205078125
109.5735399867408,4.0205078125
110.25380599312484,4.0205078125
110.85269899922423,4.0205078125
108.31022000638768,4.0205078125
108.90455401386134,4.0205078125
108.49097900791094,4.0205078125
107.8756150091067,4.0205078125
108.62830601399764,4.0205078125
109.84477901365608,4.0205078125
107.49235498951748,4.0205078125
107.42128299898468,4.0205078125
108.22020098567009,4.0205078125
107.83648100914434,4.0205078125
108.88859498663805,4.0205078125
109.8711279919371,4.0205078125
108.55458900914527,4.0205078125
110.11641801451333,4.0205078125
108.40506799286231,4.0205078125
109.72013502032496,4.0205078125
107.76068901759572,4.0205078125
108.55275500216521,4.0205078125
109.10512201371603,4.0205078125
108.23652197723277,4.0205078125
108.36741700768471,4.0205078125
109.27966798772104,4.0205078125
108.6702560132835,4.0205078125
108.50141901755705,4.0205078125
107.98000101931393,4.0205078125
108.56334498384967,4.0205078125
108.44127598102205,4.0205078125
109.16853998787701,4.0205078125
108.95460797473788,4.0205078125
110.21469201659784,4.0205078125
109.07409299397841,4.0205078125
110.44690801645629,4.0205078125
110.02390499925241,4.0205078125
108.07085101259872,4.0205078125
107.696748978924,4.0205078125
110.19408400170505,4.0205078125
110.26330399909057,4.0205078125
109.28231300204061,4.0205078125
108.62113302573562,4.0205078125
109.74995099240914,4.0205078125
110.60426401672885,4.0205078125
111.07500700745732,4.0205078125
108.20970201166347,4.0205078125
109.74163500941359,4.0205078125
109.87605800619349,4.0205078125
108.45745599362999,4.0205078125
108.78395798499696,4.0205078125
110.33445698558353,4.0205078125
109.32546498952433,4.0205078125
108.68502300581895,4.0205078125
108.82534700795077,4.0205078125
109.50285699800588,4.0205078125
108.38163399603218,4.0205078125
108.73653998714872,4.0205078125
110.09762302273884,4.0205078125
108.43040599138476,4.0205078125
110.79873799462803,4.0205078125
109.26449997350574,4.0205078125
108.58866301714443,4.0205078125
108.57224100618623,4.0205078125
108.74096798943356,4.0205078125
110.51163900992833,4.0205078125
109.89519400754943,4.0205078125
109.20760300359689,4.0205078125
108.58283101697452,4.0205078125
109.39170900383033,4.0205078125
109.38390402588993,4.0205078125
108.12891999376006,4.0205078125
108.46931801643223,4.0205078125
109.613866021391,4.0205078125
108.73266201815568,4.0205078125
108.0588279874064,4.0205078125
109.3847360170912,4.0205078125
108.95751501084305,4.0205078125
108.82094799308106,4.0205078125
109.37931601074524,4.0205078125
109.54039701027796,4.0205078125
109.35555101605132,4.0205078125
109.03155300184153,4.0205078125
109.4652260071598,4.0205078125
109.08756800927222,4.0205078125
109.6237339952495,4.0205078125
108.29784700763412,4.0205078125
108.98456501308829,4.0205078125
109.91364798974246,4.0205078125
109.12583000026643,4.0205078125
108.64915599813685,4.0205078125
109.52016999362968,4.0205078125
109.35439899913035,4.0205078125
109.20030900160782,4.0205078125
111.68690500198863,4.0205078125
111.33882199646905,4.0205078125
108.41076899669133,4.0205078125
108.74259102274664,4.0205078125
108.72145197936334,4.0205078125
108.67024498293176,4.0205078125
107.90850600460544,4.0205078125
109.564121987205,4.0205078125
107.72476199781522,4.0205078125
108.63789499853738,4.0205078125
109.268867992796,4.0205078125
108.21864800527692,4.0205078125
107.2678439959418,4.0205078125
108.68464299710467,4.0205078125
108.76609498518519,4.0205078125
108.38403800153174,4.0205078125
108.84557498502545,4.0205078125
109.58484100410715,4.0205078125
108.2213839981705,4.0205078125
109.16635600733571,4.0205078125
109.12377599743195,4.0205078125
107.9429310047999,4.0205078125
108.19652600912377,4.0205078125
109.35618198709562,4.0205078125
107.75760302203707,4.0205078125
108.60657598823309,4.0205078125
112.31695700553246,4.0205078125
108.19093600730412,4.0205078125
108.64081099862233,4.0205078125
110.21154699847102,4.0205078125
107.928253011778,4.0205078125
109.50833800598048,4.0205078125
108.54748499696143,4.0205078125
108.33313298644498,4.0205078125
108.45688500558026,4.0205078125
108.58586701215245,4.0205078125
108.94189501414075,4.0205078125
108.0990339978598,4.0205078125
108.35856100311503,4.0205078125
108.98594700847752,4.0205078125
108.1673220032826,4.0205078125
108.76064500189386,4.0205078125
109.8609589971602,4.0205078125
108.52323900326155,4.0205078125
108.44050400191918,4.0205078125
111.2106709915679,4.0205078125
108.73533799895085,4.0205078125
108.74790101661347,4.0205078125
110.04206901998259,4.0205078125
108.21132501587272,4.0205078125
108.58770000049844,4.0205078125
110.25777299073525,4.0205078125
107.67805398791097,4.0205078125
108.92958199838176,4.0205078125
110.5198860168457,4.0205078125
108.15335597726516,4.0205078125
108.8233620102983,4.0205078125
109.98208599630743,4.0205078125
108.13866797252558,4.0205078125
109.39034700277261,4.0205078125
109.22876300173812,4.0205078125
107.86532599013299,4.0205078125
108.18248099531047,4.0205078125
114.90703499293886,4.0205078125
107.44916499243118,4.0205078125
109.21449700254016,4.0205078125
109.12249400280416,4.0205078125
107.82927699619904,4.0205078125
109.26298701087944,4.0205078125
109.5459180069156,4.0205078125
107.82234399812296,4.0205078125
110.36855200654827,4.0205078125
108.56666101608425,4.0205078125
108.50787098752335,4.0205078125
109.11712300730869,4.0205078125
109.99086301308125,4.0205078125
107.74213401600718,4.0205078125
109.57396100275218,4.0205078125
109.16694701882079,4.0205078125
108.44325899961405,4.0205078125
109.4388070050627,4.0205078125
109.55384297994897,4.0205078125
108.16183098359033,4.0205078125
109.09402099787258,4.0205078125
108.7790600140579,4.0205078125
108.33160000038333,4.0205078125
109.31472401716746,4.0205078125
108.80671101040207,4.0205078125
107.74812599993311,4.0205078125
109.27402798552066,4.0205078125
108.93987098825164,4.0205078125
108.72829399886541,4.0205078125
109.19952797121368,4.0205078125
109.93562001385726,4.0205078125
108.12446099589579,4.0205078125
110.79750600038096,4.0205078125
109.46972499368712,4.0205078125
108.86049299733713,4.0205078125
109.04791398206726,4.0205078125
109.53395502292551,4.0205078125
109.10861799493432,4.0205078125
109.86637900350615,4.0205078125
110.20521499449387,4.0205078125
108.72386599658057,4.0205078125
109.79268100345507,4.0205078125
109.26512198057026,4.0205078125
108.96279398002662,4.0205078125
110.77895099879242,4.0205078125
108.69475200888701,4.0205078125
110.44052598299459,4.0205078125
110.40899698855355,4.0205078125
108.71829601819627,4.0205078125
109.15014598867856,4.0205078125
110.51421400043182,4.0205078125
108.21115400176495,4.0205078125
109.75756502011791,4.0205078125
110.45626498525962,4.0205078125
109.07845202018507,4.0205078125
111.01236898684874,4.0205078125
109.76540998672135,4.0205078125
108.44223800813779,4.0205078125
110.5171199887991,4.0205078125
109.1847810021136,4.0205078125
108.0405940010678,4.0205078125
108.05036197416484,4.0205078125
109.47834199760109,4.0205078125
108.39358600787818,4.0205078125
109.18315697927028,4.0205078125
108.09531700215302,4.0205078125
109.01127499528229,4.0205078125
109.11453899461776,4.0205078125
107.91141097433865,4.0205078125
108.31256399978884,4.0205078125
109.37400598777458,4.0205078125
107.55474300822243,4.0205078125
109.5014050079044,4.0205078125
110.2511009958107,4.0205078125
109.17151501053013,4.0205078125
112.52479700488038,4.0205078125
109.59771499619819,4.0205078125
110.2309740090277,4.0205078125
109.23884200747125,4.0205078125
107.81601301277988,4.0205078125
109.41338000702672,4.0205078125
109.41824899055064,4.0205078125
107.84823299036361,4.0205078125
108.29866898711771,4.0205078125
110.17873499076813,4.0205078125
109.44438798469491,4.0205078125
109.41572400042787,4.0205078125
109.21727100503631,4.0205078125
108.1718200002797,4.0205078125
109.79829201824032,4.0205078125
108.38765601511113,4.0205078125
108.39504998875782,4.0205078125
109.93768300977536,4.0205078125
107.83849499421194,4.0205078125
110.39295699447393,4.0205078125
108.92759799025953,4.0205078125
107.62419301318005,4.0205078125
108.92248898744583,4.0205078125
108.49907400552183,4.0205078125
107.24482100340538,4.0205078125
108.8409959920682,4.0205078125
109.0355799824465,4.0205078125
108.58035698765889,4.0205078125
108.00127999391407,4.0205078125
108.09629899449646,4.0205078125
107.69066802458838,4.0205078125
108.92643599072471,4.0205078125
108.16931500448845,4.0205078125
110.83802301436663,4.0205078125
108.88442699797451,4.0205078125
108.23152199736796,4.0205078125
108.95887701190077,4.0205078125
108.3875650074333,4.0205078125
107.62181799509563,4.0205078125
108.8282520067878,4.0205078125
108.2796819973737,4.0205078125
109.40399198443629,4.0205078125
108.42420300468802,4.0205078125
108.52300902479328,4.0205078125
108.96848500124179,4.0205078125
108.43116699834354,4.0205078125
108.10369299724698,4.0205078125
108.58746999292634,4.0205078125
109.29860398755409,4.0205078125
107.73815697757527,4.0205078125
108.53001198847778,4.0205078125
109.20574000920169,4.0205078125
107.78984299395233,4.0205078125
108.30261599039659,4.0205078125
107.85512599977665,4.0205078125
108.10124798445031,4.0205078125
108.49218201474287,4.0205078125
108.08350500883535,4.0205078125
108.28730699722655,4.0205078125
110.76748001505621,4.0205078125
108.6294389970135,4.0205078125
109.05133999767713,4.0205078125
109.92288499255665,4.0205078125
109.21216200222261,4.0205078125
110.10138000710867,4.0205078125
107.86954400828108,4.0205078125
108.55778399854898,4.0205078125
109.33405000832863,4.0205078125
107.51287400489673,4.0205078125
109.24567497568205,4.0205078125
107.81499100266956,4.0205078125
108.13610401237383,4.0205078125
109.10437899292447,4.0205078125
108.30142299528234,4.0205078125
108.64885500632226,4.0205078125
108.90232099336572,4.0205078125
107.91755298851058,4.0205078125
109.12243399070576,4.0205078125
108.00919498433359,4.0205078125
108.53332898113877,4.0205078125
109.95303202071227,4.0205078125
108.56557899387553,4.0205078125
107.9934049921576,4.0205078125
107.78482400928624,4.0205078125
109.22350399778225,4.0205078125
109.9181960162241,4.0205078125
108.41280201566406,4.0205078125
108.26149900094606,4.0205078125
108.40115099563263,4.0205078125
108.01458600326441,4.0205078125
109.03229398536496,4.0205078125
107.82822599867359,4.0205078125
108.03395201219246,4.0205078125
108.80820397869684,4.0205078125
107.05018698354252,4.0205078125
108.36316901259124,4.0205078125
107.24469099659473,4.0205078125
109.56643699319102,4.0205078125
108.94178500166163,4.0205078125
107.81186501844786,4.0205078125
108.96264400798827,4.0205078125
108.15349599579349,4.0205078125
109.05907399137504,4.0205078125
109.29553798632696,4.0205078125
108.19662699941546,4.0205078125
109.62775099324062,4.0205078125
110.2402500109747,4.0205078125
109.5281750021968,4.0205078125
109.14551699534059,4.0205078125
115.16540998127311,4.0205078125
110.43090798193589,4.0205078125
108.24262301321141,4.0205078125
108.02838098607026,4.0205078125
109.257066011196,4.0205078125
107.44431600323878,4.0205078125
108.69194602128118,4.0205078125
108.20236799190752,4.0205078125
108.36869999184273,4.0205078125
109.67017099028453,4.0205078125
108.14173400285654,4.0205078125
108.36270797881298,4.0205078125
108.01688898936845,4.0205078125
108.99009599233977,4.0205078125
109.24358101328835,4.0205078125
107.49712502001785,4.0205078125
108.21476098499261,4.0205078125
107.99428701284342,4.0205078125
109.32285897433758,4.0205078125
109.51901800581254,4.0205078125
108.52889000670984,4.0205078125
108.87202399317175,4.0205078125
107.85346300690435,4.0205078125
110.96096300752833,4.0205078125
108.75076698721386,4.0205078125
107.75833498337306,4.0205078125
110.05879999720491,4.0205078125
108.21074299747124,4.0205078125
107.97851800452918,4.0205078125
108.08945598546416,4.0205078125
108.51500398712233,4.0205078125
108.74028599937446,4.0205078125
107.48176500783302,4.0205078125
107.71158698480576,4.0205078125
107.71063499851152,4.0205078125
108.36554400157183,4.0205078125
108.94029200426303,4.0205078125
107.68261199700646,4.0205078125
108.60740800853819,4.0205078125
107.47111597447656,4.0205078125
108.70682398672216,4.0205078125
107.10888699395582,4.0205078125
108.1627529929392,4.0205078125
109.80754901538603,4.0205078125
107.4899309896864,4.0205078125
107.87840999546461,4.0205078125
108.1046249892097,4.0205078125
108.3626179897692,4.0205078125
107.56426097941585,4.0205078125
109.54198098625056,4.0205078125
109.2003799858503,4.0205078125
107.53123799804598,4.0205078125
108.6777099990286,4.0205078125
108.02422298002057,4.0205078125
108.0581670103129,4.0205078125
108.2721590064466,4.0205078125
108.19113699835725,4.0205078125
108.78340800991282,4.0205078125
107.72115501458757,4.0205078125
107.95088499435224,4.0205078125
107.33563199755736,4.0205078125
107.86123800789937,4.0205078125
109.30657899007201,4.0205078125
108.99448397685774,4.0205078125
108.18343199207447,4.0205078125
107.13040601694956,4.0205078125
109.0567109931726,4.0205078125
107.93476601247676,4.0205078125
108.17317297914997,4.0205078125
107.11419701692648,4.0205078125
108.27342100674286,4.0205078125
108.2370429940056,4.0205078125
109.16848000488244,4.0205078125
109.48844999074936,4.0205078125
108.3817140024621,4.0205078125
107.51239402452484,4.0205078125
108.18033598479815,4.0205078125
107.82138298964128,4.0205078125
107.88962099468336,4.0205078125
107.55209700437263,4.0205078125
108.82825197768398,4.0205078125
108.04755700519308,4.0205078125
109.45061899838038,4.0205078125
108.19416199228726,4.0205078125
108.72709201066755,4.0205078125
107.99041000427678,4.0205078125
108.77871900447644,4.0205078125
108.65655899397098,4.0205078125
109.00780899100937,4.0205078125
107.77919401880354,4.0205078125
108.5715799999889,4.0205078125
108.10745999333449,4.0205078125
107.19922598218545,4.0205078125
108.17434499040246,4.0205078125
109.29426600341685,4.0205078125
107.92111000046134,4.0205078125
109.1432929970324,4.0205078125
107.52315298304893,4.0205078125
109.68732400215231,4.0205078125
108.24656099430285,4.0205078125
108.091018977575,4.0205078125
107.53111797384918,4.0205078125
109.20838397578336,4.0205078125
107.2597400052473,4.0205078125
107.92727101943456,4.0205078125
107.30470399721526,4.0205078125
108.20758700720035,4.0205078125
108.36689599091187,4.0205078125
108.01543699926697,4.0205078125
110.49097098293714,4.0205078125
109.11630198825151,4.0205078125
107.38207900431007,4.0205078125
107.21134900813922,4.0205078125
108.86459998437203,4.0205078125
107.87916099070571,4.0205078125
109.07424401375465,4.0205078125
108.0818820046261,4.0205078125
107.56174600101076,4.0205078125
109.41351001383737,4.0205078125
106.62987799150869,4.0205078125
108.17562698503025,4.0205078125
106.64463500143029,4.0205078125
108.67341101402417,4.0205078125
107.41168400272727,4.0205078125
110.0088570092339,4.0205078125
107.60202200617641,4.0205078125
108.16217301180586,4.0205078125
107.15283901663497,4.0205078125
107.6122100057546,4.0205078125
107.59464799775742,4.0205078125
107.7947830199264,4.0205078125
107.56719601340592,4.0205078125
107.825941988267,4.0205078125
107.38944300101139,4.0205078125
109.15652799303643,4.0205078125
107.63887999928556,4.0205078125
107.64028300764039,4.0205078125
108.58854200341739,4.0205078125
107.93984500924125,4.0205078125
108.663382998202,4.0205078125
107.10543999448419,4.0205078125
108.84608500055037,4.0205078125
107.01864698785357,4.0205078125
108.292866992997,4.0205078125
107.40212700329721,4.0205078125
109.08334999112412,4.0205078125
107.06007399130613,4.0205078125
108.22932800510898,4.0205078125
108.27541499747895,4.0205078125
109.60023998632096,4.0205078125
107.5604040233884,4.0205078125
108.17033698549494,4.0205078125
107.74178299470805,4.0205078125
108.34999501821585,4.0205078125
107.70100701483898,4.0205078125
107.59635001886636,4.0205078125
107.29419402196072,4.0205078125
107.9453449929133,4.0205078125
107.38826100714505,4.0205078125
107.30386199429631,4.0205078125
107.52774198772386,4.0205078125
107.43552900385112,4.0205078125
107.37964400323108,4.0205078125
109.09391997847706,4.0205078125
107.80293901916593,4.0205078125
109.32935200980864,4.0205078125
108.06564197991975,4.0205078125
108.92993200104684,4.0205078125
108.11061502317898,4.0205078125
109.19383799773641,4.0205078125
107.99034000956453,4.0205078125
107.83914700732566,4.0205078125
108.17165998741984,4.0205078125
108.2128269772511,4.0205078125
107.64037401531823,4.0205078125
108.41605902533047,4.0205078125
107.27043900988065,4.0205078125
107.68080901470967,4.0205078125
107.87993299891241,4.0205078125
107.97599298530258,4.0205078125
108.35980297997594,4.0205078125
108.43299998668954,4.0205078125
108.16950598382391,4.0205078125
108.64451702218503,4.0205078125
108.07884600944817,4.0205078125
107.93820201070048,4.0205078125
108.04257800919004,4.0205078125
108.17684899666347,4.0205078125
109.36327601666562,4.0205078125
108.14049100736156,4.0205078125
107.53977499553002,4.0205078125
107.63183701783419,4.0205078125
109.30877400096506,4.0205078125
107.66168299596757,4.0205078125
109.0778700017836,4.0205078125
106.20693399687298,4.0205078125
108.51591499522328,4.0205078125
111.96856299648061,4.0205078125
108.53430099086836,4.0205078125
109.81785799958743,4.0205078125
107.70921301445924,4.0205078125
107.56255700835027,4.0205078125
107.9469490214251,4.0205078125
108.4407540038228,4.0205078125
108.01427499973215,4.0205078125
108.13060298096389,4.0205078125
106.67095400276594,4.0205078125
107.4582519941032,4.0205078125
108.2792519882787,4.0205078125
107.48741700081155,4.0205078125
108.19929200806655,4.0205078125
107.3096829932183,4.0205078125
108.54359800578095,4.0205078125
107.51570900902152,4.0205078125
107.62297100154683,4.0205078125
107.2889239876531,4.0205078125
107.63130598934367,4.0205078125
107.3528940032702,4.0205078125
107.05846198834479,4.0205078125
107.54528499091975,4.0205078125
107.37278099986725,4.0205078125
107.50841497792862,4.0205078125
107.24761700839736,4.0205078125
107.57995999301784,4.0205078125
107.97257599188015,4.0205078125
107.67352499533445,4.0205078125
109.66374899726361,4.0205078125
107.51878499286249,4.0205078125
107.58111198083498,4.0205078125
108.88717300258577,4.0205078125
108.02881201379932,4.0205078125
108.05943899322301,4.0205078125
108.57577799470164,4.0205078125
108.24159201001748,4.0205078125
108.37998098577373,4.0205078125
107.9595320043154,4.0205078125
108.21638401830569,4.0205078125
107.19608000363223,4.0205078125
108.18012501113117,4.0205078125
107.6322180160787,4.0205078125
108.57322398805991,4.0205078125
106.60041199298576,4.0205078125
108.5083219804801,4.0205078125
108.31199298263527,4.0205078125
109.14457499166019,4.0205078125
108.67057598079555,4.0205078125
106.93477900349535,4.0205078125
107.82121299416758,4.0205078125
106.95838398532942,4.0205078125
107.50424800789915,4.0205078125
107.92882399982773,4.0205078125
107.15081499074586,4.0205078125
107.97458098386414,4.0205078125
107.30559600051492,4.0205078125
108.04065500269644,4.0205078125
107.26455898839049,4.0205078125
107.65409900341183,4.0205078125
107.56610400858335,4.0205078125
106.908892019419,4.0205078125
107.81185497762635,4.0205078125
108.3558649988845,4.0205078125
107.88184599368833,4.0205078125
108.31905700615607,4.0205078125
106.56129900598899,4.0205078125
107.93510600342415,4.0205078125
108.63128199707717,4.0205078125
106.54312500264496,4.0205078125
107.83852601889521,4.0205078125
108.09462601901032,4.0205078125
106.74997299793176,4.0205078125
107.81682402011938,4.0205078125
107.58156300289556,4.0205078125
108.02666799281724,4.0205078125
108.69683499913663,4.0205078125
107.29520599124953,4.0205078125
109.5560870016925,4.0205078125
108.22217501117848,4.0205078125
106.57366199302487,4.0205078125
108.91301100491546,4.0205078125
107.94612599420361,4.0205078125
107.10778398788534,4.0205078125
107.37378298654221,4.0205078125
108.87169401394203,4.0205078125
107.19326499383897,4.0205078125
108.4385100111831,4.0205078125
108.27674699248746,4.0205078125
108.60959201818332,4.0205078125
107.74983899318613,4.0205078125
107.5480800063815,4.0205078125
107.88119499920867,4.0205078125
106.96776100667194,4.0205078125
107.86887200083584,4.0205078125
108.55532001005486,4.0205078125
106.21966799953952,4.0205078125
107.16195599525236,4.0205078125
106.75126599380746,4.0205078125
106.89262099913321,4.0205078125
106.65691900067031,4.0205078125
106.77071200916544,4.0205078125
107.47025499586016,4.0205078125
108.10638699331321,4.0205078125
107.91103201336227,4.0205078125
109.99921799520962,4.0205078125
109.24620600417256,4.0205078125
113.58295200625435,4.0205078125
106.70288497931324,4.0205078125
106.99125600513071,4.0205078125
106.24285097583197,4.0205078125
106.38694200315513,4.0205078125
106.10201800591312,4.0205078125
106.52148397639394,4.0205078125
107.40541300037876,4.0205078125
107.38389199832454,4.0205078125
106.61402801633812,4.0205078125
106.64534600800835,4.0205078125
107.05311200581491,4.0205078125
107.00961999827996,4.0205078125
105.98036900046282,4.0205078125
106.61035100929439,4.0205078125
105.98014900460839,4.0205078125
107.04162999172695,4.0205078125
106.18164701736532,4.0205078125
106.81477500475012,4.0205078125
106.41318099806085,4.0205078125
107.34613100066781,4.0205078125
106.27865899004973,4.0205078125
106.72246100148186,4.0205078125
105.82398599945009,4.0205078125
106.45868600113317,4.0205078125
106.13363698939793,4.0205078125
105.90051900362596,4.0205078125
107.06477399799041,4.0205078125
107.90540999732912,4.0205078125
106.87527799746022,4.0205078125
106.0731330071576,4.0205078125
105.77783899498172,4.0205078125
106.71672999160364,4.0205078125
106.18723699008115,4.0205078125
106.10644597909413,4.0205078125
106.41714799567126,4.0205078125
106.11717597930692,4.0205078125
105.5935529875569,4.0205078125
106.17884201928973,4.0205078125
106.67102501611225,4.0205078125
106.00277100456879,4.0205078125
105.62377001042478,4.0205078125
105.58147099800408,4.0205078125
105.55382899474353,4.0205078125
106.73743899678811,4.0205078125
106.87506798421964,4.0205078125
108.76990199903958,4.0205078125
108.50580700207502,4.0205078125
107.77365299873054,4.0205078125
108.03486299118958,4.0205078125
107.61358300806023,4.0205078125
107.61943401303142,4.0205078125
108.47110199392773,4.0205078125
107.81773601775058,4.0205078125
108.20272800629027,4.0205078125
107.46121700503863,4.0205078125
108.76247801934369,4.0205078125
107.43278401787393,4.0205078125
108.28495299210772,4.0205078125
107.79436200391501,4.0205078125
107.2373679780867,4.0205078125
106.42608502530493,4.0205078125
106.80115901050158,4.0205078125
106.20666400063783,4.0205078125
106.83381999842823,4.0205078125
108.20231700199656,4.0205078125
107.7618119888939,4.0205078125
107.53531599766575,4.0205078125
108.18450400256552,4.0205078125
107.13258097530343,4.0205078125
108.79621200729162,4.0205078125
108.49421500461176,4.0205078125
110.8190770028159,4.0205078125
110.41577000287361,4.0205078125
108.58622801606543,4.0205078125
108.4611629776191,4.0205078125
109.1308890026994,4.0205078125
108.29218599246815,4.0205078125
112.24961999687366,4.0205078125
109.05593901406974,4.0205078125
109.31578700547107,4.0205078125
108.67186798714101,4.0205078125
109.5541830000002,4.0205078125
108.70602299110033,4.0205078125
108.82110800594091,4.0205078125
110.03114801133052,4.0205078125
110.09657100657932,4.0205078125
110.60673900647089,4.0205078125
107.39966199616902,4.0205078125
106.78384700440802,4.0205078125
107.21602701232769,4.0205078125
107.34410700388253,4.0205078125
107.3775599943474,4.0205078125
107.78282000683248,4.0205078125
109.12948698387481,4.0205078125
109.43252500146627,4.0205078125
110.82051898119971,4.0205078125
109.89891097415239,4.0205078125
108.94913799711503,4.0205078125
108.61899898736738,4.0205078125
109.4759970146697,4.0205078125
109.81061501661316,4.0205078125
108.35467299330048,4.0205078125
108.29618398565799,4.0205078125
108.15017999266274,4.0205078125
107.52523801056668,4.0205078125
108.72486798325554,4.0205078125
109.50586301623844,4.0205078125
109.45576900849119,4.0205078125
110.25632100063376,4.0205078125
109.87669898895547,4.0205078125
109.64380099903792,4.0205078125
108.11279999325052,4.0205078125
109.20097099733539,4.0205078125
131.13124200026505,4.0205078125
128.98330300231464,4.0205078125
128.33005699212663,4.0205078125
120.19042699830607,4.0205078125
120.30607400811277,4.0205078125
121.51737601379864,4.0205078125
226.7744590062648,4.0205078125
115.09084000135772,4.0205078125
106.53254500357434,4.0205078125
105.7118349999655,4.0205078125
106.11481100204401,4.0205078125
105.50113997305743,4.0205078125
105.68413298460655,4.0205078125
106.37792502529919,4.0205078125
108.12443101895042,4.0205078125
106.35481198551133,4.0205078125
106.41861200565472,4.0205078125
105.94640599447303,4.0205078125
106.61663301289082,4.0205078125
106.49896200629883,4.0205078125
134.71365300938487,4.0205078125
138.24632001342252,4.0205078125
146.9710480014328,4.0205078125
149.10211498499848,4.0205078125
133.2358499930706,4.0205078125
130.93460397794843,4.0205078125
141.43035298911855,4.0205078125
136.47058900096454,4.0205078125
110.08363700238988,4.0205078125
106.10470297979191,4.0205078125
201.28425999428146,4.0205078125
207.4295380152762,4.0205078125
188.58318199636415,4.0205078125
189.96012600837275,4.0205078125
164.57316902233288,4.0205078125
124.20643100631423,4.0205078125
106.72572700423189,4.0205078125
107.66638201312162,4.0205078125
105.69470399059355,4.0205078125
105.8202389976941,4.0205078125
105.69735799799673,4.0205078125
105.39953000261448,4.0205078125
105.85337100201286,4.0205078125
105.57420802069828,4.0205078125
105.6308529805392,4.0205078125
107.01156299910508,4.0205078125
106.6404769953806,4.0205078125
105.52651798934676,4.0205078125
105.9047169983387,4.0205078125
105.92816100688651,4.0205078125
106.31702101090923,4.0205078125
106.07490700203925,4.0205078125
105.85191898280755,4.0205078125
105.7595850143116,4.0205078125
106.46115100826137,4.0205078125
105.53309100214392,4.0205078125
105.3702240169514,4.0205078125
105.62347900122404,4.0205078125
106.31434599054046,4.0205078125
106.4077309856657,4.0205078125
105.92648800229654,4.0205078125
106.10410099616274,4.0205078125
106.09285000828095,4.0205078125
105.9623549808748,4.0205078125
106.0231390001718,4.0205078125
105.60158899170347,4.0205078125
106.09697800828144,4.0205078125
106.0766200243961,4.0205078125
106.15245200460777,4.0205078125
105.48804502468556,4.0205078125
105.87289699469693,4.0205078125
105.9318780025933,4.0205078125
106.06290400028229,4.0205078125
106.92829798790626,4.0205078125
106.91692598629743,4.0205078125
106.70694199507125,4.0205078125
107.74329598643817,4.0205078125
107.93550699600019,4.0205078125
106.93579199141823,4.0205078125
110.69136700825766,4.0205078125
110.21511399303563,4.0205078125
106.24000601819716,4.0205078125
106.63110998575576,4.0205078125
106.30494798533618,4.0205078125
106.60334798740223,4.0205078125
105.59855299652554,4.0205078125
106.20676400139928,4.0205078125
106.12532100640237,4.0205078125
105.99876401829533,4.0205078125
105.78701700433157,4.0205078125
106.13114200532436,4.0205078125
105.75240201433189,4.0205078125
106.04379800497554,4.0205078125
105.50446598790586,4.0205078125
105.926829011878,4.0205078125
108.31814500852488,4.0205078125
107.19678102759644,4.0205078125
106.45714402198792,4.0205078125
106.21678299503401,4.0205078125
106.50156700285152,4.0205078125
106.40974398120306,4.0205078125
106.54351499397308,4.0205078125
106.74803899019025,4.0205078125
106.38725297758356,4.0205078125
106.21790500590578,4.0205078125
106.23228098847903,4.0205078125
106.41046598902903,4.0205078125
106.46665099193342,4.0205078125
108.16945598344319,4.0205078125
106.59271798795089,4.0205078125
106.71581898350269,4.0205078125
106.20423898217268,4.0205078125
106.44733600202017,4.0205078125
106.21469901525415,4.0205078125
106.14379600156099,4.0205078125
106.29308599163778,4.0205078125
106.2677190057002,4.0205078125
106.30568998749368,4.0205078125
106.43186600646004,4.0205078125
107.43776400340721,4.0205078125
106.16404298343696,4.0205078125
106.27657402073964,4.0205078125
106.28771601477638,4.0205078125
106.08078801305965,4.0205078125
106.48159001721069,4.0205078125
106.41361199668609,4.0205078125
107.903987984173,4.0205078125
105.79058300936595,4.0205078125
111.29405701649375,4.0205078125
106.28663399256766,4.0205078125
106.51753700221889,4.0205078125
106.61545000039041,4.0205078125
109.64789899298921,4.0205078125
107.08305798470974,4.0205078125
107.12480600341223,4.0205078125
107.86923198611476,4.0205078125
107.08077298477292,4.0205078125
106.85991900390945,4.0205078125
106.62109099212103,4.0205078125
108.2985780085437,4.0205078125
106.90244898432866,4.0205078125
107.08327800966799,4.0205078125
107.22653698758222,4.0205078125
106.35615399223752,4.0205078125
106.50634599733166,4.0205078125
106.0909369844012,4.0205078125
105.93158801202662,4.0205078125
105.7593039877247,4.0205078125
105.76295101782307,4.0205078125
105.76901299646124,4.0205078125
106.26707700430416,4.0205078125
105.9877130028326,4.0205078125
106.30117100663483,4.0205078125
106.124017998809,4.0205078125
106.0718510125298,4.0205078125
106.45977899548598,4.0205078125
106.20658300467767,4.0205078125
105.60525499749929,4.0205078125
105.70439099683426,4.0205078125
107.15962099493481,4.0205078125
109.24114601220936,4.0205078125
106.39020800590515,4.0205078125
106.34067497448996,4.0205078125
106.01243999553844,4.0205078125
106.3143250066787,4.0205078125
105.77344099874608,4.0205078125
106.03340901434422,4.0205078125
106.16805200697854,4.0205078125
105.89755399269052,4.0205078125
105.70043401094154,4.0205078125
106.1012860154733,4.0205078125
106.04586199042387,4.0205078125
106.12431899062358,4.0205078125
105.71069302386604,4.0205078125
108.25264200684614,4.0205078125
112.4875360110309,4.0205078125
114.07613698975183,4.0205078125
110.93193897977471,4.0205078125
109.3360350059811,4.0205078125
107.62471400084905,4.0205078125
107.29929298395291,4.0205078125
113.02752900519408,4.0205078125
107.04705002717674,4.0205078125
110.10845299460925,4.0205078125
109.53432699898258,4.0205078125
106.66916097397916,4.0205078125
106.68681398965418,4.0205078125
106.10537399770692,4.0205078125
106.78856499725953,4.0205078125
106.4506909751799,4.0205078125
106.49525502230972,4.0205078125
106.45885701524094,4.0205078125
106.13483900669962,4.0205078125
106.18853999767452,4.0205078125
106.31410501082428,4.0205078125
106.06639998150058,4.0205078125
106.27551298239268,4.0205078125
106.21103199082427,4.0205078125
107.3081599897705,4.0205078125
106.81748000206426,4.0205078125
107.90863700094633,4.0205078125
107.32124402420595,4.0205078125
106.83486200287007,4.0205078125
106.34306000429206,4.0205078125
106.21810500742868,4.0205078125
105.57283399975859,4.0205078125
106.46154201822355,4.0205078125
106.25185800017789,4.0205078125
107.15502299717627,4.0205078125
107.89355798624456,4.0205078125
107.34791500726715,4.0205078125
107.06400201888755,4.0205078125
108.02324197720736,4.0205078125
107.24614397622645,4.0205078125
106.8165069737006,4.0205078125
107.4662370083388,4.0205078125
106.38929600827396,4.0205078125
107.08974002045579,4.0205078125
106.71276299399324,4.0205078125
106.33418298675679,4.0205078125
106.22214199975133,4.0205078125
106.19909001979977,4.0205078125
106.55952600063756,4.0205078125
105.96775499288924,4.0205078125
106.58895102096722,4.0205078125
106.15544702159241,4.0205078125
106.28361802082509,4.0205078125
106.08864200185053,4.0205078125
106.67440199176781,4.0205078125
107.02884598867968,4.0205078125
106.82186801568605,4.0205078125
106.85531099443324,4.0205078125
107.63651601155289,4.0205078125
106.96846302016638,4.0205078125
107.42845499771647,4.0205078125
106.33825999684632,4.0205078125
106.84364900225773,4.0205078125
106.22577997855842,4.0205078125
106.4071690198034,4.0205078125
106.14471801090986,4.0205078125
106.27921001287177,4.0205078125
106.34623598889448,4.0205078125
106.18868001620285,4.0205078125
106.48628900526091,4.0205078125
106.45554101211019,4.0205078125
106.09108698554337,4.0205078125
106.8480369867757,4.0205078125
108.27672699815594,4.0205078125
106.3377799873706,4.0205078125
106.77742402185686,4.0205078125
106.25049599912018,4.0205078125
106.56815202673897,4.0205078125
107.33979000360705,4.0205078125
106.30934601067565,4.0205078125
106.64057798567228,4.0205078125
106.66575498180464,4.0205078125
106.49614699650556,4.0205078125
106.93753499072045,4.0205078125
107.69903301843442,4.0205078125
106.6548940143548,4.0205078125
107.95942199183628,4.0205078125
106.72955398331396,4.0205078125
106.45671299425885,4.0205078125
106.60777598968707,4.0205078125
105.94874000526033,4.0205078125
106.61456899833865,4.0205078125
106.99397101416253,4.0205078125
106.29026099923067,4.0205078125
107.0939979981631,4.0205078125
106.90766901825555,4.0205078125
106.53344698948786,4.0205078125
106.62119099288248,4.0205078125
106.60244600148872,4.0205078125
106.29146298742853,4.0205078125
106.69884699746035,4.0205078125
105.80821600160562,4.0205078125
106.36615299154073,4.0205078125
106.61208399687894,4.0205078125
109.67145400354639,4.0205078125
106.71439600992016,4.0205078125
114.34189599822275,4.0205078125
107.42339701391757,4.0205078125
109.54805198707618,4.0205078125
107.62219899334013,4.0205078125
106.21383698889986,4.0205078125
106.75696600810625,4.0205078125
109.46541698649526,4.0205078125
108.14402799587697,4.0205078125
108.3795000158716,4.0205078125
106.69328601215966,4.0205078125
106.95517697604373,4.0205078125
106.18545400211588,4.0205078125
106.41298099653795,4.0205078125
106.20895799365826,4.0205078125
106.72125898418017,4.0205078125
106.37830599443987,4.0205078125
106.20192397618666,4.0205078125
106.32669902406633,4.0205078125
106.1515299952589,4.0205078125
106.13718398963101,4.0205078125
106.39583799638785,4.0205078125
106.21376699418761,4.0205078125
107.31109499465674,4.0205078125
106.61454900400713,4.0205078125
107.50203402130865,4.0205078125
106.72309299116023,4.0205078125
106.86046999762766,4.0205078125
106.49599699536338,4.0205078125
107.70162800326943,4.0205078125
107.30563499964774,4.0205078125
106.57682799501345,4.0205078125
106.35671499767341,4.0205078125
106.41312098596245,4.0205078125
106.70943700824864,4.0205078125
110.92352200648747,4.0205078125
108.40454700519331,4.0205078125
107.16556198894978,4.0205078125
106.57763999188319,4.0205078125
107.61328297667205,4.0205078125
105.72095299721695,4.0205078125
106.90960200736299,4.0205078125
107.37344299559481,4.0205078125
107.1512260241434,4.0205078125
106.18831001920626,4.0205078125
107.32579298201017,4.0205078125
106.10475201974623,4.0205078125
106.44804601906799,4.0205078125
106.84851798578165,4.0205078125
106.35661499691196,4.0205078125
106.2091390194837,4.0205078125
106.41820999444462,4.0205078125
106.38514798483811,4.0205078125
106.96693998761475,4.0205078125
106.42082500271499,4.0205078125
106.82667698711157,4.0205078125
106.43035397515632,4.0205078125
107.07158598233946,4.0205078125
106.15935502573848,4.0205078125
106.4301330188755,4.0205078125
105.80170399043709,4.0205078125
106.60224501043558,4.0205078125
106.25364200677723,4.0205078125
108.29488100716844,4.0205078125
108.13472099835053,4.0205078125
108.12275798525661,4.0205078125
107.28639998706058,4.0205078125
106.07222098042257,4.0205078125
106.51507202419452,4.0205078125
106.57738900044933,4.0205078125
106.75439101760276,4.0205078125
107.0716769900173,4.0205078125
106.64863299462013,4.0205078125
106.97293101111427,4.0205078125
106.32784100016579,4.0205078125
106.34898001444526,4.0205078125
106.26211800263263,4.0205078125
106.51163599686697,4.0205078125
106.83390000485815,4.0205078125
107.31461201794446,4.0205078125
108.06929800310172,4.0205078125
107.22807998536155,4.0205078125
108.0518749949988,4.0205078125
106.91020399099216,4.0205078125
108.14440800459124,4.0205078125
108.21237601339817,4.0205078125
106.37736401986331,4.0205078125
107.9105400131084,4.0205078125
106.98237898759544,4.0205078125
106.04450001846999,4.0205078125
106.26705700997263,4.0205078125
106.65174899622798,4.0205078125
106.54495799099095,4.0205078125
106.80703999241814,4.0205078125
108.09733101632446,4.0205078125
108.320970000932,4.0205078125
106.4187019946985,4.0205078125
106.90646700095385,4.0205078125
106.35306799667887,4.0205078125
107.9905699880328,4.0205078125
106.55805299757048,4.0205078125
107.73085299297236,4.0205078125
107.51067000092007,4.0205078125
109.79207998025231,4.0205078125
108.80092100705951,4.0205078125
108.79802500130609,4.0205078125
107.20531700644642,4.0205078125
108.64839400164783,4.0205078125
108.47636198741384,4.0205078125
109.28857600083575,4.0205078125
109.36851499718614,4.0205078125
107.16008199960925,4.0205078125
106.39202201855369,4.0205078125
106.82794899912551,4.0205078125
106.38895601732656,4.0205078125
106.89271101728082,4.0205078125
106.30243399646133,4.0205078125
106.1315129918512,4.0205078125
106.571939017158,4.0205078125
106.7007799865678,4.0205078125
106.10917099984363,4.0205078125
107.72874901886098,4.0205078125
106.38563998509198,4.0205078125
108.18749997997656,4.0205078125
105.71906898985617,4.0205078125
106.47556898766197,4.0205078125
108.04535300121643,4.0205078125
108.8623059913516,4.0205078125
105.81336601171643,4.0205078125
108.22647300665267,4.0205078125
108.06153400335461,4.0205078125
106.91866898559965,4.0205078125
106.25812999205664,4.0205078125
106.50493402499706,4.0205078125
106.75509201246314,4.0205078125
106.8175499967765,4.0205078125
106.11470200819895,4.0205078125
106.63375500007533,4.0205078125
106.87104999669828,4.0205078125
107.23672597669065,4.0205078125
106.84603298432194,4.0205078125
106.52568200021051,4.0205078125
106.59724599099718,4.0205078125
106.53546001412906,4.0205078125
106.24937398824841,4.0205078125
106.55257198959589,4.0205078125
105.26918497635052,4.0205078125
106.7803899932187,4.0205078125
106.44387901993468,4.0205078125
106.6687610000372,4.0205078125
106.81460399064235,4.0205078125
106.9034609827213,4.0205078125
110.00654200324789,4.0205078125
107.97487100353464,4.0205078125
106.58768899156712,4.0205078125
106.11168501782231,4.0205078125
106.6980049945414,4.0205078125
106.82927200105041,4.0205078125
106.74281901447102,4.0205078125
106.97043701657094,4.0205078125
106.37083198525943,4.0205078125
106.49386298609897,4.0205078125
106.40781099209562,4.0205078125
106.6433230007533,4.0205078125
106.6814940131735,4.0205078125
106.55787200084887,4.0205078125
106.56502601341344,4.0205078125
106.24493600334972,4.0205078125
106.80421398137696,4.0205078125
106.94575001252815,4.0205078125
106.05674199177884,4.0205078125
106.4528760034591,4.0205078125
106.13557102624327,4.0205078125
106.78743300377391,4.0205078125
106.65431298548356,4.0205078125
106.9866569887381,4.0205078125
106.51648498605937,4.0205078125
106.91915001370944,4.0205078125
106.55624000355601,4.0205078125
106.72900301869959,4.0205078125
107.65679398900829,4.0205078125
108.56451699510217,4.0205078125
107.62330100988038,4.0205078125
108.08203200576827,4.0205078125
106.36739499750547,4.0205078125
106.14899601205252,4.0205078125
106.52672397554852,4.0205078125
106.97175899986178,4.0205078125
106.43259700736962,4.0205078125
106.30656100693159,4.0205078125
107.24916000617668,4.0205078125
106.07339401030913,4.0205078125
106.12685402156785,4.0205078125
106.60626299795695,4.0205078125
106.55463699367829,4.0205078125
106.41983401728794,4.0205078125
105.81094102235511,4.0205078125
106.12790600862354,4.0205078125
105.97589999088086,4.0205078125
106.04153398890048,4.0205078125
105.99700102466159,4.0205078125
106.4813990087714,4.0205078125
105.27533700224012,4.0205078125
105.94152600970119,4.0205078125
109.99090297264047,4.0205078125
107.75897500570863,4.0205078125
111.53105201083235,4.0205078125
108.90935399220325,4.0205078125
108.96991798654199,4.0205078125
109.21183199388906,4.0205078125
110.26661997311749,4.0205078125
108.00574900349602,4.0205078125
108.57541798031889,4.0205078125
114.5177049911581,4.0205078125
110.61405201326124,4.0205078125
108.07189298793674,4.0205078125
106.09219898469746,4.0205078125
106.3745379797183,4.0205078125
107.13892200146802,4.0205078125
107.4047319998499,4.0205078125
106.21972801163793,4.0205078125
107.15572402114049,4.0205078125
106.2085370067507,4.0205078125
106.47612900356762,4.0205078125
107.87780900136568,4.0205078125
107.2829730110243,4.0205078125
106.30937697715126,4.0205078125
108.89352500089444,4.0205078125
106.82644599000923,4.0205078125
106.47162099485286,4.0205078125
106.22806299943477,4.0205078125
107.01068199705333,4.0205078125
107.6184420089703,4.0205078125
106.47475699079223,4.0205078125
106.45946799195372,4.0205078125
109.01878000004217,4.0205078125
106.46346499561332,4.0205078125
107.16237599262968,4.0205078125
106.20008100522682,4.0205078125
107.26678199716844,4.0205078125
106.73767898697406,4.0205078125
106.72038700431585,4.0205078125
106.0153949947562,4.0205078125
106.7688679904677,4.0205078125
106.40480599249713,4.0205078125
106.74038500292227,4.0205078125
106.89256998011842,4.0205078125
107.36518702469766,4.0205078125
106.4156859938521,4.0205078125
107.02599998330697,4.0205078125
105.90284399222583,4.0205078125
106.4469949924387,4.0205078125
106.49012500653043,4.0205078125
106.75967100542039,4.0205078125
106.02787899551913,4.0205078125
107.18526001437567,4.0205078125
105.56372802238911,4.0205078125
105.87249699165113,4.0205078125
105.92976398766041,4.0205078125
106.09652698622085,4.0205078125
106.08996500377543,4.0205078125
106.29618199891411,4.0205078125
105.99304299103096,4.0205078125
106.07159999199212,4.0205078125
106.97784001240507,4.0205078125
106.5163949970156,4.0205078125
106.4258350234013,4.0205078125
106.70152201782912,4.0205078125
106.20808697422035,4.0205078125
105.99648900097236,4.0205078125
106.25537499436177,4.0205078125
106.21298500336707,4.0205078125
106.1281870061066,4.0205078125
106.31632900913246,4.0205078125
106.43761701066978,4.0205078125
106.35511201689951,4.0205078125
105.96177401021123,4.0205078125
107.19519900158048,4.0205078125
107.16340798535384,4.0205078125
107.30217900709249,4.0205078125
107.71730801207013,4.0205078125
106.15934399538673,4.0205078125
106.41620701062493,4.0205078125
105.98591901361942,4.0205078125
106.06175201246515,4.0205078125
106.32158897351474,4.0205078125
106.1008450051304,4.0205078125
106.28227499546483,4.0205078125
106.08556697843596,4.0205078125
106.16368299815804,4.0205078125
106.01574499742128,4.0205078125
105.87922000559047,4.0205078125
105.91234199819155,4.0205078125
105.97659202176146,4.0205078125
105.7552570127882,4.0205078125
106.29808498197235,4.0205078125
106.11699600121938,4.0205078125
106.4516130136326,4.0205078125
106.56767099862918,4.0205078125
105.83988498547114,4.0205078125
106.24163001193665,4.0205078125
106.05965799186379,4.0205078125
106.22837400296703,4.0205078125
106.4361050084699,4.0205078125
106.63458699127659,4.0205078125
109.49222699855454,4.0205078125
107.11241301032715,4.0205078125
110.08563998620957,4.0205078125
115.96004100283608,4.0205078125
112.7167459926568,4.0205078125
109.36864599352702,4.0205078125
108.7164019991178,4.0205078125
107.86120800185017,4.0205078125
111.0072800074704,4.0205078125
108.41784198419191,4.0205078125
108.32280397880822,4.0205078125
106.54513898771256,4.0205078125
107.2780340036843,4.0205078125
110.77109599136747,4.0205078125
108.3680989977438,4.0205078125
107.38691699225456,4.0205078125
106.93561099469662,4.0205078125
108.49853299441747,4.0205078125
108.90160000417382,4.0205078125
107.18354600248858,4.0205078125
105.98792400560342,4.0205078125
107.98566101584584,4.0205078125
108.39156198198907,4.0205078125
109.18308701366186,4.0205078125
109.9828380101826,4.0205078125
108.37822701432742,4.0205078125
107.41653299191967,4.0205078125
108.37514200829901,4.0205078125
109.65248799766414,4.0205078125
106.65429299115203,4.0205078125
106.98914199019782,4.0205078125
106.69349701493047,4.0205078125
109.35249499743804,4.0205078125
106.52999999001622,4.0205078125
106.21344699757174,4.0205078125
107.57063300115988,4.0205078125
106.03682600776665,4.0205078125
107.73143399273977,4.0205078125
107.0924149826169,4.0205078125
105.66170100355521,4.0205078125
107.28551799547859,4.0205078125
106.31668998394161,4.0205078125
106.11452101147734,4.0205078125
106.17800999898463,4.0205078125
106.24351300066337,4.0205078125
105.73486899374984,4.0205078125
106.48647797643207,4.0205078125
106.05718402075581,4.0205078125
106.67092399671674,4.0205078125
107.49399801716208,4.0205078125
105.92214998905547,4.0205078125
105.80165399005637,4.0205078125
107.71717701572925,4.0205078125
106.32611799519509,4.0205078125
106.7574470071122,4.0205078125
109.85486800200306,4.0205078125
107.78471399680711,4.0205078125
106.22334500658326,4.0205078125
107.72309801541269,4.0205078125
107.10353599279188,4.0205078125
107.15792799601331,4.0205078125
106.63409502012655,4.0205078125
106.81328101782128,4.0205078125
105.96325702499598,4.0205078125
106.28996000741608,4.0205078125
106.14217299735174,4.0205078125
106.63581799599342,4.0205078125
106.49495499092154,4.0205078125
106.23360401950777,4.0205078125
106.87153099570423,4.0205078125
107.35068999929354,4.0205078125
106.45123198628426,4.0205078125
107.57499100873247,4.0205078125
106.17856102180667,4.0205078125
106.89773998456076,4.0205078125
106.4830920076929,4.0205078125
106.46807399461977,4.0205078125
106.69683301239274,4.0205078125
106.7648499738425,4.0205078125
106.31366501911543,4.0205078125
106.33164798491634,4.0205078125
106.1806749785319,4.0205078125
108.08790300507098,4.0205078125
106.93853700649925,4.0205078125
106.22659098589793,4.0205078125
106.54018999775872,4.0205078125
107.00524199637584,4.0205078125
106.79102997528389,4.0205078125
106.36543101281859,4.0205078125
106.42967201420106,4.0205078125
106.7741790029686,4.0205078125
106.01210800814442,4.0205078125
106.64720999193378,4.0205078125
107.02842500177212,4.0205078125
106.59212598693557,4.0205078125
106.82990201166831,4.0205078125
106.63437598850578,4.0205078125
106.88988500623964,4.0205078125
105.93723799684085,4.0205078125
106.09871198539622,4.0205078125
106.27518201363273,4.0205078125
107.14330099290237,4.0205078125
106.46329500013962,4.0205078125
106.92692498560064,4.0205078125
107.2463339951355,4.0205078125
106.3507340149954,4.0205078125
111.30390598555095,4.0205078125
107.06070601008832,4.0205078125
108.39349700836465,4.0205078125
106.65617699851282,4.0205078125
107.29191900463775,4.0205078125
107.68717099563219,4.0205078125
108.94176497822627,4.0205078125
109.79830200085416,4.0205078125
107.99247401882894,4.0205078125
107.33884701039642,4.0205078125
106.22743199928664,4.0205078125
106.87161100213416,4.0205078125
106.44464998040348,4.0205078125
105.59856300824322,4.0205078125
105.81462900154293,4.0205078125
106.07205098494887,4.0205078125
106.07607799465768,4.0205078125
105.76057701837271,4.0205078125
106.16080797626637,4.0205078125
106.10205799457617,4.0205078125
106.21288500260562,4.0205078125
105.84034700877964,4.0205078125
106.04081299970858,4.0205078125
105.41893600020558,4.0205078125
106.21128301136196,4.0205078125
105.73676199419424,4.0205078125
106.43142499611713,4.0205078125
105.88816599920392,4.0205078125
106.36059200624004,4.0205078125
105.93773899017833,4.0205078125
106.1515600013081,4.0205078125
105.80337699502707,4.0205078125
105.58451700489968,4.0205078125
107.49026201665401,4.0205078125
107.14656699565239,4.0205078125
106.10780899878591,4.0205078125
105.98933600704186,4.0205078125
106.1903829977382,4.0205078125
106.32051699212752,4.0205078125
106.62829500506632,4.0205078125
106.02025399566628,4.0205078125
105.88796599768102,4.0205078125
106.01373200188391,4.0205078125
105.48680301872082,4.0205078125
106.15105897886679,4.0205078125
105.44132799259387,4.0205078125
105.79103397321887,4.0205078125
105.51299300277606,4.0205078125
105.6744960078504,4.0205078125
106.22393598896451,4.0205078125
106.90695702214725,4.0205078125
107.33009100658819,4.0205078125
106.77519999444485,4.0205078125
106.25988300307654,4.0205078125
107.09118301747367,4.0205078125
106.28651399747469,4.0205078125
106.13285598810762,4.0205078125
106.42730799736455,4.0205078125
108.21836700779386,4.0205078125
107.53994499100372,4.0205078125
107.12587798479944,4.0205078125
106.13291600020602,4.0205078125
106.2885669816751,4.0205078125
106.59447201760486,4.0205078125
106.62837498239242,4.0205078125
106.31598901818506,4.0205078125
106.88784101512283,4.0205078125
106.7194159841165,4.0205078125
106.29644201253541,4.0205078125
106.86595001607202,4.0205078125
106.56176999327727,4.0205078125
106.98192799463868,4.0205078125
106.31451601511799,4.0205078125
106.14978699595667,4.0205078125
105.54617500747554,4.0205078125
105.90604998287745,4.0205078125
106.80009698262438,4.0205078125
106.40846198657528,4.0205078125
106.45557098905556,4.0205078125
105.71859800256789,4.0205078125
106.60498100332916,4.0205078125
106.22023901669309,4.0205078125
106.75723699387163,4.0205078125
106.14899499341846,4.0205078125
106.57164800795726,4.0205078125
106.42120699048974,4.0205078125
108.09125899686478,4.0205078125
106.47385500487871,4.0205078125
107.12234099628404,4.0205078125
106.32846198859625,4.0205078125
106.90020400215872,4.0205078125
106.55341402161866,4.0205078125
106.71209200518206,4.0205078125
106.72146899742074,4.0205078125
106.81814097915776,4.0205078125
106.14273301325738,4.0205078125
106.81620700052008,4.0205078125
109.05608901521191,4.0205078125
106.88157999538817,4.0205078125
106.15611899993382,4.0205078125
106.88361301436089,4.0205078125
107.22888202872127,4.0205078125
107.38715800107457,4.0205078125
106.66628601029515,4.0205078125
107.01467999024317,4.0205078125
106.7491110006813,4.0205078125
106.92055299296044,4.0205078125
106.80213099112734,4.0205078125
106.83338899980299,4.0205078125
106.01322099682875,4.0205078125
107.1502540144138,4.0205078125
106.81204902357422,4.0205078125
106.609929993283,4.0205078125
107.29634802555665,4.0205078125
106.99055399163626,4.0205078125
105.9922710119281,4.0205078125
106.00843199063092,4.0205078125
105.98255301010795,4.0205078125
106.4563220134005,4.0205078125
105.82278299261816,4.0205078125
106.99463100172579,4.0205078125
106.09619700699113,4.0205078125
106.14069999428466,4.0205078125
105.93455299385823,4.0205078125
106.51749599492177,4.0205078125
105.98246299196035,4.0205078125
105.92063699732535,4.0205078125
105.90821399819106,4.0205078125
105.9055490186438,4.0205078125
105.76095699798316,4.0205078125
105.93152799992822,4.0205078125
105.33960702014156,4.0205078125
106.15732101723552,4.0205078125
106.63751201354899,4.0205078125
106.54832501313649,4.0205078125
106.20888799894601,4.0205078125
106.7198269884102,4.0205078125
106.18731798604131,4.0205078125
106.67161599849351,4.0205078125
106.36839698418044,4.0205078125
106.96106901741587,4.0205078125
106.72472498845309,4.0205078125
106.3965899811592,4.0205078125
106.20787600055337,4.0205078125
107.5573580164928,4.0205078125
106.9710369920358,4.0205078125
106.66331101674587,4.0205078125
106.71944500063546,4.0205078125
105.97801499534398,4.0205078125
106.39730098773725,4.0205078125
106.72323300968856,4.0205078125
106.50796900154091,4.0205078125
107.19319499912672,4.0205078125
107.12415500893258,4.0205078125
107.36614899360575,4.0205078125
106.15797198261134,4.0205078125
107.48461101320572,4.0205078125
107.1323909854982,4.0205078125
106.11335799330845,4.0205078125
107.21893300069496,4.0205078125
106.72891401918605,4.0205078125
106.31013801321387,4.0205078125
106.7238129908219,4.0205078125
106.31124998326413,4.0205078125
105.79952000989579,4.0205078125
106.14413701114245,4.0205078125
105.94742701505311,4.0205078125
105.35119898850098,4.0205078125
105.83208099706098,4.0205078125
107.08991100545973,4.0205078125
106.94953700294718,4.0205078125
106.350674002897,4.0205078125
106.75853898283094,4.0205078125
106.60360899055377,4.0205078125
106.68225600966252,4.0205078125
106.51851800503209,4.0205078125
106.5972959913779,4.0205078125
106.78021001513116,4.0205078125
106.6735600179527,4.0205078125
106.80732000037096,4.0205078125
106.34763797861524,4.0205078125
106.65046601206996,4.0205078125
106.55481697176583,4.0205078125
106.55216200393625,4.0205078125
106.80064800544642,4.0205078125
106.05446799308993,4.0205078125
106.8114279769361,4.0205078125
105.88112298864871,4.0205078125
106.2751519784797,4.0205078125
106.27994098467752,4.0205078125
107.2418249968905,4.0205078125
106.26492300070822,4.0205078125
106.81070599821396,4.0205078125
106.93463898496702,4.0205078125
106.56442499021068,4.0205078125
106.44125399994664,4.0205078125
106.24461498809978,4.0205078125
106.18278899346478,4.0205078125
106.39016798813827,4.0205078125
105.9353650198318,4.0205078125
107.02522000065073,4.0205078125
106.14140101824887,4.0205078125
106.12310699070804,4.0205078125
106.07661900576204,4.0205078125
106.42584401648492,4.0205078125
106.19870899245143,4.0205078125
106.85668300720863,4.0205078125
110.0114019936882,4.0205078125
106.67370998999104,4.0205078125
106.23079899232835,4.0205078125
106.80234100436792,4.0205078125
106.73703902284615,4.0205078125
106.3473480171524,4.0205078125
106.67559300782159,4.0205078125
106.59245800343342,4.0205078125
106.24589698272757,4.0205078125
106.88812198350206,4.0205078125
106.62360599962994,4.0205078125
106.61252500722185,4.0205078125
106.31850399659015,4.0205078125
106.93837702274323,4.0205078125
106.88481599208899,4.0205078125
106.67822798131965,4.0205078125
106.25055598211475,4.0205078125
106.70459797256626,4.0205078125
106.98787900037132,4.0205078125
106.73001501709223,4.0205078125
106.11826801323332,4.0205078125
106.95381500408985,4.0205078125
106.30824402323924,4.0205078125
106.28715399070643,4.0205078125
106.15742098889314,4.0205078125
106.7759920260869,4.0205078125
106.28574198926799,4.0205078125
106.50005401112139,4.0205078125
106.84030200354755,4.0205078125
106.29425800289027,4.0205078125
106.58235801383853,4.0205078125
106.61387699656188,4.0205078125
106.30956699606031,4.0205078125
106.08649798086844,4.0205078125
106.74058500444517,4.0205078125
106.42289000679739,4.0205078125
106.60078300861642,4.0205078125
106.2325919920113,4.0205078125
106.47880399483256,4.0205078125
106.89458399428986,4.0205078125
106.44614300690591,4.0205078125
106.76256701117381,4.0205078125
106.14220300340094,4.0205078125
106.41027599922381,4.0205078125
106.70521899010055,4.0205078125
106.62680197856389,4.0205078125
106.34652600856498,4.0205078125
106.55915501411073,4.0205078125
106.06375601491891,4.0205078125
106.94130198680796,4.0205078125
106.14231301588006,4.0205078125
106.5069769974798,4.0205078125
106.63415599265136,4.0205078125
106.35812801774591,4.0205078125
106.37898702407256,4.0205078125
106.92776599898934,4.0205078125
106.4290210197214,4.0205078125
106.63162099081092,4.0205078125
111.41942298854701,4.0205078125
108.14348800340667,4.0205078125
106.91318899625912,4.0205078125
106.75564399571158,4.0205078125
106.54690201045014,4.0205078125
106.9665790128056,4.0205078125
107.13541600853205,4.0205078125
106.8126900063362,4.0205078125
106.14019900094718,4.0205078125
106.37323599075899,4.0205078125
106.19740700349212,4.0205078125
107.08991100545973,4.0205078125
106.79449699819088,4.0205078125
106.67163599282503,4.0205078125
106.34255901095457,4.0205078125
106.65708899614401,4.0205078125
106.7306170007214,4.0205078125
106.37863702140749,4.0205078125
106.85994999948889,4.0205078125
106.64660899783485,4.0205078125
106.72943398822099,4.0205078125
106.83978098677471,4.0205078125
106.67916998500004,4.0205078125
106.94884599070065,4.0205078125
106.48576699895784,4.0205078125
106.88484599813819,4.0205078125
106.63028800627217,4.0205078125
106.47993598831818,4.0205078125
106.38483799993992,4.0205078125
106.96255200309679,4.0205078125
106.75207700114697,4.0205078125
106.61741500371136,4.0205078125
106.48229098296724,4.0205078125
106.49931197986007,4.0205078125
106.45608199411072,4.0205078125
106.80011700605974,4.0205078125
107.58341601467691,4.0205078125
106.52059299172834,4.0205078125
108.2037310115993,4.0205078125
106.20104300323874,4.0205078125
106.05674199177884,4.0205078125
106.06302399537526,4.0205078125
117.60985598084517,4.0205078125
109.31898298440501,4.0205078125
106.75099497893825,4.0205078125
106.9581939955242,4.0205078125
106.91324900835752,4.0205078125
107.11225200793706,4.0205078125
106.71412598458119,4.0205078125
106.62672101170756,4.0205078125
106.87248202157207,4.0205078125
106.70935697271489,4.0205078125
106.92125398782082,4.0205078125
106.7038559995126,4.0205078125
106.33722899365239,4.0205078125
106.62949702236801,4.0205078125
106.3427490007598,4.0205078125
107.44386501028202,4.0205078125
106.98884099838324,4.0205078125
107.20972501439974,4.0205078125
106.93214501952752,4.0205078125
107.08738598623313,4.0205078125
106.71103998902254,4.0205078125
106.54779299511574,4.0205078125
106.85683297924697,4.0205078125
106.5536750247702,4.0205078125
106.3104180211667,4.0205078125
106.34538397425786,4.0205078125
106.47916499874555,4.0205078125
106.26795899588615,4.0205078125
105.76350198243745,4.0205078125
106.28791598719545,4.0205078125
106.08743998454884,4.0205078125
106.07341397553682,4.0205078125
106.0278780059889,4.0205078125
105.87652400135994,4.0205078125
106.30475700600073,4.0205078125
106.29205399891362,4.0205078125
105.84817099152133,4.0205078125
105.94958098954521,4.0205078125
105.3655759897083,4.0205078125
106.05603200383484,4.0205078125
105.87914899224415,4.0205078125
106.1401889892295,4.0205078125
105.77065500547178,4.0205078125
105.94981198664755,4.0205078125
105.79554198193364,4.0205078125
105.68377299932763,4.0205078125
105.67492598784156,4.0205078125
106.3660729851108,4.0205078125
105.76405297615565,4.0205078125
105.87894901982509,4.0205078125
107.21594700589776,4.0205078125
105.69836999638937,4.0205078125
105.64511999837123,4.0205078125
106.92135500721633,4.0205078125
105.61307999887504,4.0205078125
105.86975200567394,4.0205078125
106.02748699602671,4.0205078125
105.84758999175392,4.0205078125
105.87426001438871,4.0205078125
105.9687869856134,4.0205078125
105.91543701593764,4.0205078125
105.81832498428412,4.0205078125
105.5536390049383,4.0205078125
106.24664899660274,4.0205078125
105.56123298010789,4.0205078125
106.89120698953047,4.0205078125
105.90792298899032,4.0205078125
106.23129998566583,4.0205078125
106.0184600064531,4.0205078125
107.45961399516091,4.0205078125
107.79804899357259,4.0205078125
106.21095201349817,4.0205078125
105.40155399939977,4.0205078125
108.7258089974057,4.0205078125
106.48310300894082,4.0205078125
107.07023399299942,4.0205078125
106.65236000204459,4.0205078125
107.52210198552348,4.0205078125
106.16345301968977,4.0205078125
105.86128599243239,4.0205078125
106.08261098968796,4.0205078125
106.03114499826916,4.0205078125
106.20288600330241,4.0205078125
106.50155699113384,4.0205078125
105.68987400620244,4.0205078125
105.90258400770836,4.0205078125
105.69494400988333,4.0205078125
105.99683001055382,4.0205078125
106.47910501575097,4.0205078125
106.05961800320074,4.0205078125
105.72935800882988,4.0205078125
126.79168101749383,4.0205078125
106.26769799273461,4.0205078125
105.9348639973905,4.0205078125
106.08111799228936,4.0205078125
106.21784400427714,4.0205078125
107.91485800291412,4.0205078125
106.16619797656313,4.0205078125
107.53887300961651,4.0205078125
113.07597000268288,4.0205078125
106.87290399800986,4.0205078125
106.5588450001087,4.0205078125
107.09327697986737,4.0205078125
106.29118198994547,4.0205078125
110.72123298072256,4.0205078125
109.30331301642582,4.0205078125
106.61229401011951,4.0205078125
106.60921898670495,4.0205078125
106.4115579938516,4.0205078125
106.04782600421458,4.0205078125
106.32057799375616,4.0205078125
106.44284699810669,4.0205078125
106.70859602396376,4.0205078125
106.50590498698875,4.0205078125
106.66774798301049,4.0205078125
106.3287429860793,4.0205078125
106.44115298055112,4.0205078125
106.37587099336088,4.0205078125
106.41271999338642,4.0205078125
105.90066999429837,4.0205078125
106.07349401107058,4.0205078125
105.84698902675882,4.0205078125
106.37758401571773,4.0205078125
105.92649798491038,4.0205078125
106.36319700279273,4.0205078125
106.24528597691096,4.0205078125
106.20810600812547,4.0205078125
106.64426500443369,4.0205078125
106.35688598267734,4.0205078125
106.19130497798324,4.0205078125
106.74768898752518,4.0205078125
105.9808999998495,4.0205078125
106.18989300564863,4.0205078125
105.8039479830768,4.0205078125
106.28710500895977,4.0205078125
106.16318197571672,4.0205078125
106.24476498924196,4.0205078125
105.71302799507976,4.0205078125
110.54565402446315,4.0205078125
107.39541298244148,4.0205078125
106.11072400934063,4.0205078125
105.92569701839238,4.0205078125
106.09265000675805,4.0205078125
106.07847300707363,4.0205078125
106.21304498636164,4.0205078125
106.17687797639519,4.0205078125
106.20788601227105,4.0205078125
105.73193299933337,4.0205078125
106.63873399607837,4.0205078125
106.04211501777172,4.0205078125
105.75383398099802,4.0205078125
106.2165719922632,4.0205078125
109.06554700341076,4.0205078125
106.68052299297415,4.0205078125
107.04712002188899,4.0205078125
106.2754419981502,4.0205078125
107.12978601804934,4.0205078125
107.29275201447308,4.0205078125
106.93945802631788,4.0205078125
106.39341399655677,4.0205078125
106.25441299634986,4.0205078125
105.68910301662982,4.0205078125
106.26468202099204,4.0205078125
106.12390900496393,4.0205078125
105.54262800724246,4.0205078125
105.73467900394462,4.0205078125
105.66808399744332,4.0205078125
105.63033298240043,4.0205078125
105.40451898123138,4.0205078125
105.3205209900625,4.0205078125
105.72910800692625,4.0205078125
105.38154499954544,4.0205078125
105.57347600115463,4.0205078125
105.40093199233525,4.0205078125
105.55035300785676,4.0205078125
105.59817199828103,4.0205078125
105.71620400878601,4.0205078125
106.19647498242557,4.0205078125
106.37985900393687,4.0205078125
105.74583898414858,4.0205078125
106.09387201839127,4.0205078125
106.03791702305898,4.0205078125
106.10218800138682,4.0205078125
105.5493799794931,4.0205078125
105.95147500862367,4.0205078125
105.68807099480182,4.0205078125
106.2360189971514,4.0205078125
106.15233099088073,4.0205078125
106.33258998859674,4.0205078125
105.53434200119227,4.0205078125
105.41445799754001,4.0205078125
105.53335101576522,4.0205078125
105.62064498662949,4.0205078125
106.11288799555041,4.0205078125
106.38772300444543,4.0205078125
105.84005599957891,4.0205078125
107.1524269937072,4.0205078125
106.20443901279941,4.0205078125
106.43193600117229,4.0205078125
105.72687402600423,4.0205078125
111.02871000184678,4.0205078125
116.41125800088048,4.0205078125
107.21534601179883,4.0205078125
107.41944899200462,4.0205078125
107.86321200430393,4.0205078125
107.95348099782132,4.0205078125
109.40792900510132,4.0205078125
109.98755600303411,4.0205078125
109.47710898471996,4.0205078125
106.40689902356826,4.0205078125
107.43271399405785,4.0205078125
106.2155710242223,4.0205078125
106.7625860159751,4.0205078125
107.25544102024287,4.0205078125
106.94134200457484,4.0205078125
106.7911800055299,4.0205078125
106.52539200964384,4.0205078125
106.68168499250896,4.0205078125
106.71232198365033,4.0205078125
106.57790998811834,4.0205078125
106.59492202103138,4.0205078125
106.18804898695089,4.0205078125
108.8546410028357,4.0205078125
107.92917499202304,4.0205078125
108.32175199175254,4.0205078125
107.02696299995296,4.0205078125
107.17569198459387,4.0205078125
106.50723800063133,4.0205078125
106.50019400054589,4.0205078125
106.34328000014648,4.0205078125
106.71924499911256,4.0205078125
106.23430600389838,4.0205078125
106.50536502362229,4.0205078125
106.28412899677642,4.0205078125
106.91307901288383,4.0205078125
106.59346901229583,4.0205078125
106.60289699444547,4.0205078125
106.51569298352115,4.0205078125
106.71320397523232,4.0205078125
106.57289999653585,4.0205078125
106.6513369733002,4.0205078125
106.50231799809262,4.0205078125
106.73582699382678,4.0205078125
106.010335002793,4.0205078125
106.55532800592482,4.0205078125
106.77562101045623,4.0205078125
106.73654801212251,4.0205078125
106.73761897487566,4.0205078125
106.41977400518954,4.0205078125
105.9279199980665,4.0205078125
108.34882198832929,4.0205078125
107.40848901332356,4.0205078125
106.99332901276648,4.0205078125
106.91351900459267,4.0205078125
106.72686999896541,4.0205078125
106.30301499622874,4.0205078125
106.46568998345174,4.0205078125
106.73055701772682,4.0205078125
106.71905498020351,4.0205078125
106.65725902072154,4.0205078125
106.21988898492418,4.0205078125
106.85499000828713,4.0205078125
106.50377097772434,4.0205078125
106.52283701347187,4.0205078125
106.66253897943534,4.0205078125
106.84547197888605,4.0205078125
106.45645199110731,4.0205078125
106.31374499644153,4.0205078125
106.78700299467891,4.0205078125
106.4163270057179,4.0205078125
106.6158110043034,4.0205078125
106.6616770112887,4.0205078125
106.50004399940372,4.0205078125
105.67084900685586,4.0205078125
106.1480340140406,4.0205078125
106.17216900573112,4.0205078125
106.26432200660929,4.0205078125
106.25621699728072,4.0205078125
106.1182180128526,4.0205078125
106.07086899108253,4.0205078125
107.823867991101,4.0205078125
107.68154100514948,4.0205078125
108.13887798576616,4.0205078125
107.78245999244973,4.0205078125
106.48984400904737,4.0205078125
106.72618797980249,4.0205078125
106.24835200724192,4.0205078125
106.80338300880976,4.0205078125
106.60028201527894,4.0205078125
106.5840809897054,4.0205078125
106.37662300723605,4.0205078125
106.3662729866337,4.0205078125
106.79239200544544,4.0205078125
106.48115901858546,4.0205078125
106.95797298103571,4.0205078125
106.71465602354147,4.0205078125
107.1629979996942,4.0205078125
106.5433349867817,4.0205078125
106.18203799822368,4.0205078125
105.70791800273582,4.0205078125
108.36477202246897,4.0205078125
106.46469797939062,4.0205078125
106.2896789808292,4.0205078125
107.78479400323704,4.0205078125
106.78657100652345,4.0205078125
106.40884301392362,4.0205078125
107.92039899388328,4.0205078125
109.61872502230108,4.0205078125
107.83513900241815,4.0205078125
107.81111300457269,4.0205078125
107.90219399495982,4.0205078125
109.92847598390654,4.0205078125
107.73752600653097,4.0205078125
106.32243100553751,4.0205078125
106.7108690040186,4.0205078125
106.2012339825742,4.0205078125
106.63685097824782,4.0205078125
106.46232299041003,4.0205078125
106.52358800871298,4.0205078125
106.60567201557569,4.0205078125
105.98216301877983,4.0205078125
106.79577899281867,4.0205078125
105.13482301030308,4.0205078125
105.7758160168305,4.0205078125
106.00021597929299,4.0205078125
105.74152099434286,4.0205078125
105.82246302510612,4.0205078125
105.99173099035397,4.0205078125
105.72323700762354,4.0205078125
105.39961000904441,4.0205078125
106.11223601154052,4.0205078125
105.79342901473865,4.0205078125
106.23802201007493,4.0205078125
106.18338998756371,4.0205078125
105.57243300718255,4.0205078125
105.26847300934605,4.0205078125
105.76300200773403,4.0205078125
105.80465898965485,4.0205078125
105.30246701091528,4.0205078125
105.61648599104956,4.0205078125
105.78250800608657,4.0205078125
105.8824649953749,4.0205078125
105.72469001635909,4.0205078125
105.31098299543373,4.0205078125
107.57156400359236,4.0205078125
106.2373610038776,4.0205078125
107.81919799046591,4.0205078125
106.27742699580267,4.0205078125
105.93549499753863,4.0205078125
105.9213179978542,4.0205078125
105.53541401168332,4.0205078125
105.75324299861677,4.0205078125
106.27617401769385,4.0205078125
106.25547598465346,4.0205078125
106.42355101299472,4.0205078125
105.83063800004311,4.0205078125
106.03257699403912,4.0205078125
106.05606200988404,4.0205078125
105.95527198165655,4.0205078125
105.96727399388328,4.0205078125
105.77410200494342,4.0205078125
105.78218699083664,4.0205078125
106.25455298577435,4.0205078125
106.61324701504782,4.0205078125
106.24217998702079,4.0205078125
105.39548197994009,4.0205078125
106.57566599547863,4.0205078125
105.57421701378189,4.0205078125
105.98401600145735,4.0205078125
105.36698799114674,4.0205078125
106.34012398077175,4.0205078125
106.07510601403192,4.0205078125
105.98308400949463,4.0205078125
106.08936299104244,4.0205078125
106.94774400326423,4.0205078125
107.00121402624063,4.0205078125
107.04241201165132,4.0205078125
106.63429598207586,4.0205078125
106.30620998563245,4.0205078125
106.52117399149574,4.0205078125
107.04233101569116,4.0205078125
107.6018410094548,4.0205078125
106.93547999835573,4.0205078125
106.07522699865513,4.0205078125
106.11460098880343,4.0205078125
106.1664680019021,4.0205078125
106.62895598215982,4.0205078125
106.39838399947621,4.0205078125
106.99030398973264,4.0205078125
106.17895200266503,4.0205078125
106.07951501151547,4.0205078125
106.42133699730039,4.0205078125
106.65621698717587,4.0205078125
106.30024899728596,4.0205078125
107.01317599159665,4.0205078125
106.68208601418883,4.0205078125
106.77207499975339,4.0205078125
106.0903450124897,4.0205078125
106.59589397255331,4.0205078125
106.46313498727977,4.0205078125
106.73991398653015,4.0205078125
106.41136797494255,4.0205078125
106.96444500354119,4.0205078125
106.68604300008155,4.0205078125
106.25475397682749,4.0205078125
106.20895802276209,4.0205078125
106.61934700328857,4.0205078125
105.74171200278215,4.0205078125
106.44925897940993,4.0205078125
106.92469999776222,4.0205078125
106.54435699689202,4.0205078125
106.61001998232678,4.0205078125
107.02101199422032,4.0205078125
106.41715899691917,4.0205078125
106.60152501077391,4.0205078125
106.55936499824747,4.0205078125
107.20766201848164,4.0205078125
106.96235200157389,4.0205078125
107.35849500633776,4.0205078125
106.58071498619393,4.0205078125
106.64685000665486,4.0205078125
106.7344140028581,4.0205078125
106.2566380132921,4.0205078125
106.41171800671145,4.0205078125
106.51845898246393,4.0205078125
106.07262200210243,4.0205078125
106.58697801409289,4.0205078125
106.2143580056727,4.0205078125
106.8416950001847,4.0205078125
106.47254198556766,4.0205078125
106.50231898762286,4.0205078125
106.43384998547845,4.0205078125
107.13174901320599,4.0205078125
106.7850989929866,4.0205078125
106.60923898103647,4.0205078125
106.89721899689175,4.0205078125
107.01122300815769,4.0205078125
106.34780800319277,4.0205078125
106.55508699710481,4.0205078125
106.55667001265101,4.0205078125
107.0009040122386,4.0205078125
106.40263100503944,4.0205078125
106.64385400013998,4.0205078125
106.38946699327789,4.0205078125
106.88944399589673,4.0205078125
106.27474097418599,4.0205078125
106.52114302502014,4.0205078125
106.280441978015,4.0205078125
106.24466501758434,4.0205078125
106.01873099221848,4.0205078125
106.50988199631684,4.0205078125
106.4157460059505,4.0205078125
106.39291300321929,4.0205078125
106.21207399526611,4.0205078125
106.23480600770563,4.0205078125
106.16151901194826,4.0205078125
106.37886699987575,4.0205078125
106.16043701884337,4.0205078125
107.01377800432965,4.0205078125
106.380769982934,4.0205078125
106.35530200670473,4.0205078125
105.76613698503934,4.0205078125
106.21131298830733,4.0205078125
106.03183601051569,4.0205078125
106.698977004271,4.0205078125
106.4852759882342,4.0205078125
106.43483101739548,4.0205078125
106.56774099334143,4.0205078125
106.41617700457573,4.0205078125
105.76588701223955,4.0205078125
106.16723899147473,4.0205078125
105.81398700014688,4.0205078125
106.57823100336827,4.0205078125
106.20479099452496,4.0205078125
106.44717499963008,4.0205078125
106.37951799435541,4.0205078125
106.51122502167709,4.0205078125
106.67624400230125,4.0205078125
106.07360498397611,4.0205078125
105.93216901179403,4.0205078125
106.34051501983777,4.0205078125
106.36206599883735,4.0205078125
106.74694701447152,4.0205078125
106.14217299735174,4.0205078125
106.53125200769864,4.0205078125
106.47433597478084,4.0205078125
106.45448899595067,4.0205078125
105.93896199134178,4.0205078125
106.32759000873193,4.0205078125
106.43780801910907,4.0205078125
106.46374599309638,4.0205078125
105.78042399720289,4.0205078125
109.21401498490013,4.0205078125
106.30462798872031,4.0205078125
107.02692301128991,4.0205078125
105.59906301205046,4.0205078125
105.92773099779151,4.0205078125
106.02082501281984,4.0205078125
106.54694199911319,4.0205078125
106.3490410160739,4.0205078125
106.45863600075245,4.0205078125
105.6967570038978,4.0205078125
107.01363798580132,4.0205078125
106.06814399943687,4.0205078125
105.50796301686205,4.0205078125
107.73855799925514,4.0205078125
106.44890798721462,4.0205078125
107.86669800290838,4.0205078125
106.87462601345032,4.0205078125
109.4743839930743,4.0205078125
110.14221698860638,4.0205078125
109.61101998691447,4.0205078125
108.50354298599996,4.0205078125
107.41056298138574,4.0205078125
107.43628098862246,4.0205078125
106.48844201932661,4.0205078125
110.8691010158509,4.0205078125
107.51726300804876,4.0205078125
107.38474401296116,4.0205078125
105.8895789901726,4.0205078125
106.46848499891348,4.0205078125
106.4637959934771,4.0205078125
106.70028001186438,4.0205078125
106.1456789902877,4.0205078125
106.4504109963309,4.0205078125
105.9498020040337,4.0205078125
106.40121801407076,4.0205078125
106.6853920056019,4.0205078125
106.23876401223242,4.0205078125
106.08569701435044,4.0205078125
105.97719298675656,4.0205078125
105.94079500879161,4.0205078125
106.0542479972355,4.0205078125
106.55568799120374,4.0205078125
106.28865798935294,4.0205078125
105.64710400649346,4.0205078125
106.27297800965607,4.0205078125
106.46532900864258,4.0205078125
106.07033799169585,4.0205078125
105.68420399795286,4.0205078125
105.93504400458187,4.0205078125
105.7261319947429,4.0205078125
105.80224500154145,4.0205078125
105.46474199509248,4.0205078125
106.90422198968008,4.0205078125
106.07721999986097,4.0205078125
106.78915597964078,4.0205078125
105.86811800021678,4.0205078125
106.12390798632987,4.0205078125
107.16053401120007,4.0205078125
106.74228801508434,4.0205078125
106.12996999407187,4.0205078125
106.10166701371782,4.0205078125
105.67318298853934,4.0205078125
106.16993400617503,4.0205078125
105.95909901894629,4.0205078125
105.97308599972166,4.0205078125
105.9503229917027,4.0205078125
106.70826499699615,4.0205078125
105.99447498680092,4.0205078125
107.45932400459424,4.0205078125
106.4341609890107,4.0205078125
107.48087399406359,4.0205078125
106.14686098415405,4.0205078125
107.61345300124958,4.0205078125
106.2950890045613,4.0205078125
107.25232501863502,4.0205078125
106.08162899734452,4.0205078125
105.77942201052792,4.0205078125
105.91104900231585,4.0205078125
106.30119100096636,4.0205078125
107.45519597548991,4.0205078125
107.35606000525877,4.0205078125
105.60893299407326,4.0205078125
106.16581697831862,4.0205078125
106.08244000468403,4.0205078125
106.36928901658393,4.0205078125
105.92682898277417,4.0205078125
106.11001201323234,4.0205078125
105.8197979873512,4.0205078125
106.3270389859099,4.0205078125
105.95636401558295,4.0205078125
106.22355499072,4.0205078125
106.00465501192957,4.0205078125
105.98238301463425,4.0205078125
106.12920898711309,4.0205078125
106.25667800195515,4.0205078125
106.30968699115328,4.0205078125
106.36534099467099,4.0205078125
105.66865399596281,4.0205078125
106.51300800964236,4.0205078125
106.10023399931379,4.0205078125
106.15803301334381,4.0205078125
106.08914299518801,4.0205078125
106.04806599440053,4.0205078125
105.82414598320611,4.0205078125
106.10992199508473,4.0205078125
105.68522498942912,4.0205078125
106.4978499780409,4.0205078125
106.5867569996044,4.0205078125
107.10938699776307,4.0205078125
106.6853319935035,4.0205078125
106.68084298959002,4.0205078125
107.03172200010158,4.0205078125
106.87111999141052,4.0205078125
107.50831497716717,4.0205078125
106.67488200124353,4.0205078125
106.49602700141259,4.0205078125
106.96684001595713,4.0205078125
106.87923597288318,4.0205078125
106.36070198961534,4.0205078125
107.16996100381948,4.0205078125
106.97510599857196,4.0205078125
107.50310600269586,4.0205078125
109.99734498909675,4.0205078125
109.7704489948228,4.0205078125
106.77276601199992,4.0205078125
111.62960701039992,4.0205078125
110.13237800216302,4.0205078125
106.03033300139941,4.0205078125
106.70679199392907,4.0205078125
106.63694102549925,4.0205078125
106.2596730189398,4.0205078125
105.47542100539431,4.0205078125
106.56758100958541,4.0205078125
106.69765499187633,4.0205078125
105.67673001787625,4.0205078125
105.79671498271637,4.0205078125
105.96708400407806,4.0205078125
106.07033799169585,4.0205078125
106.21359598007984,4.0205078125
106.01096699247137,4.0205078125
106.43287800485268,4.0205078125
106.1273249797523,4.0205078125
106.54636000981554,4.0205078125
106.35056300088763,4.0205078125
106.35597401414998,4.0205078125
106.29033099394292,4.0205078125
106.57337101292796,4.0205078125
106.12821599352174,4.0205078125
105.9114399831742,4.0205078125
105.724378983723,4.0205078125
105.77413300052285,4.0205078125
105.41980798006989,4.0205078125
105.39564199279994,4.0205078125
106.38920700876042,4.0205078125
107.17182399821468,4.0205078125
106.54381601489149,4.0205078125
106.75046299002133,4.0205078125
105.92150900629349,4.0205078125
105.89238398824818,4.0205078125
106.13930798717774,4.0205078125
105.92697901302017,4.0205078125
105.6946830067318,4.0205078125
105.26010798639618,4.0205078125
106.02909099543467,4.0205078125
105.45607600943185,4.0205078125
105.75252198032103,4.0205078125
105.87804799433798,4.0205078125
105.45035501127131,4.0205078125
108.91861098934896,4.0205078125
106.34709699661471,4.0205078125
106.1123370018322,4.0205078125
105.93277998850681,4.0205078125
106.39688998344354,4.0205078125
106.50810902006924,4.0205078125
106.22943702037446,4.0205078125
106.27918000682257,4.0205078125
106.39650997472927,4.0205078125
106.82407199055888,4.0205078125
105.93617599806748,4.0205078125
107.35373600618914,4.0205078125
109.21737100579776,4.0205078125
106.20595200452954,4.0205078125
106.11749699455686,4.0205078125
105.85599599289708,4.0205078125
107.27939699427225,4.0205078125
106.97219899157062,4.0205078125
107.89740600739606,4.0205078125
106.83424101443961,4.0205078125
107.22398199141026,4.0205078125
106.36083301506005,4.0205078125
105.96075200010091,4.0205078125
107.46419298811816,4.0205078125
106.61162398173474,4.0205078125
106.32720001740381,4.0205078125
107.00434999307618,4.0205078125
106.32360301679,4.0205078125
106.41314098029397,4.0205078125
105.91703001409769,4.0205078125
107.05329201300628,4.0205078125
107.07128600915894,4.0205078125
106.54438700294122,4.0205078125
105.80915797618218,4.0205078125
105.53593601798639,4.0205078125
106.63045902037993,4.0205078125
106.6172739956528,4.0205078125
106.15814200718887,4.0205078125
106.54067998984829,4.0205078125
106.93653300404549,4.0205078125
106.13589102285914,4.0205078125
105.66676099551842,4.0205078125
105.99860298680142,4.0205078125
106.10717698000371,4.0205078125
106.11335799330845,4.0205078125
105.96330699627288,4.0205078125
105.98152098827995,4.0205078125
105.81022000405937,4.0205078125
107.45918299653567,4.0205078125
108.01915399497375,4.0205078125
106.12338699866086,4.0205078125
107.19032902852632,4.0205078125
105.81097099930048,4.0205078125
105.45193799771369,4.0205078125
106.7269490158651,4.0205078125
106.11211601644754,4.0205078125
109.63745001936331,4.0205078125
108.62116300268099,4.0205078125
106.47197099751793,4.0205078125
112.05066699767485,4.0205078125
107.8886600153055,4.0205078125
108.45461100689135,4.0205078125
106.3780659751501,4.0205078125
106.24922401621006,4.0205078125
107.6591279997956,4.0205078125
108.04648499470204,4.0205078125
106.83353000786155,4.0205078125
106.45321599440649,4.0205078125
106.2895389914047,4.0205078125
106.51185602182522,4.0205078125
106.22701200190932,4.0205078125
106.05090198805556,4.0205078125
106.31636899779551,4.0205078125
105.41698199813254,4.0205078125
106.45180399296805,4.0205078125
106.1197410163004,4.0205078125
106.29969800356776,4.0205078125
105.81978800473735,4.0205078125
106.40041701844893,4.0205078125
105.61096598394215,4.0205078125
106.42452302272432,4.0205078125
105.90230199159123,4.0205078125
106.33748900727369,4.0205078125
106.31514698616229,4.0205078125
106.13704301067628,4.0205078125
105.9861299872864,4.0205078125
106.29051100113429,4.0205078125
106.72582700499333,4.0205078125
106.44880798645318,4.0205078125
107.76710099889897,4.0205078125
106.23875400051475,4.0205078125
106.03965001064353,4.0205078125
106.24232000554912,4.0205078125
106.36499099200591,4.0205078125
106.13741402630694,4.0205078125
105.66427698358893,4.0205078125
106.38191198813729,4.0205078125
106.16590798599645,4.0205078125
106.38773298705928,4.0205078125
106.5703259955626,4.0205078125
106.25727899605408,4.0205078125
106.24300100607798,4.0205078125
106.66799900354818,4.0205078125
106.03161601466127,4.0205078125
106.60063300747424,4.0205078125
106.15207100636326,4.0205078125
106.11967998556793,4.0205078125
106.52768600266427,4.0205078125
107.5169219984673,4.0205078125
106.0930409876164,4.0205078125
106.92586199729703,4.0205078125
105.53292999975383,4.0205078125
106.29208400496282,4.0205078125
105.98704099538736,4.0205078125
106.36185499606654,4.0205078125
105.6546879990492,4.0205078125
105.90209200745448,4.0205078125
105.33348601893522,4.0205078125
106.25647701090202,4.0205078125
106.17103698314168,4.0205078125
