response_time_ms,response_size_kb
121.58224801532924,3.833984375
122.54268999095075,3.833984375
119.47595700621605,3.833984375
118.90588697860949,3.833984375
120.15860801329836,3.833984375
120.90061898925342,3.833984375
120.53382099838927,3.833984375
124.00376098230481,3.833984375
118.98903400287963,3.833984375
118.42047702521086,3.833984375
120.27754099108279,3.833984375
122.58634198224172,3.833984375
123.13151502166875,3.833984375
127.95031498535536,3.833984375
119.23161800950766,3.833984375
118.94253597711213,3.833984375
118.63715300569311,3.833984375
118.37986099999398,3.833984375
122.04037798801437,3.833984375
125.13998200302012,3.833984375
118.84990200633183,3.833984375
119.26103397854604,3.833984375
122.71901001804508,3.833984375
123.42020598589443,3.833984375
119.04298499575816,3.833984375
124.82287801685743,3.833984375
119.36822402640246,3.833984375
121.75661601941101,3.833984375
133.23079099063762,3.833984375
123.18492500344291,3.833984375
121.81375297950581,3.833984375
134.4697060121689,3.833984375
126.78714201319963,3.833984375
121.24438499449752,3.833984375
120.28118802118115,3.833984375
119.21689097653143,3.833984375
122.6516840106342,3.833984375
129.16928101913072,3.833984375
121.14331501652487,3.833984375
120.5174700007774,3.833984375
123.0151769996155,3.833984375
119.79215001338162,3.833984375
120.77681699884124,3.833984375
127.67940701451153,3.833984375
119.64167800033465,3.833984375
119.34779601870105,3.833984375
119.77945698890835,3.833984375
121.89609699998982,3.833984375
120.75865300721489,3.833984375
138.56352501898073,3.833984375
121.46133198984899,3.833984375
119.21301399706863,3.833984375
120.09436698281206,3.833984375
119.06254102359526,3.833984375
119.56920198281296,3.833984375
123.71961798635311,3.833984375
119.54548701760359,3.833984375
119.15802001021802,3.833984375
120.75622798874974,3.833984375
119.78045798605308,3.833984375
120.44612702447921,3.833984375
122.58098198799416,3.833984375
119.16051499429159,3.833984375
118.9178499917034,3.833984375
118.87645299430005,3.833984375
118.83118702098727,3.833984375
118.32753199269064,3.833984375
122.97246602247469,3.833984375
119.0419830090832,3.833984375
118.52433197782375,3.833984375
119.11958799464628,3.833984375
118.4970400063321,3.833984375
118.34765001549385,3.833984375
124.03083199751563,3.833984375
120.23951899027452,3.833984375
118.88688200269826,3.833984375
118.96497799898498,3.833984375
118.90744999982417,3.833984375
121.57299101818353,3.833984375
123.98271198617294,3.833984375
119.0236679976806,3.833984375
119.51779498485848,3.833984375
119.6265300095547,3.833984375
118.36883000796661,3.833984375
123.2148009876255,3.833984375
121.88210099702701,3.833984375
119.33074399712496,3.833984375
118.30929800635204,3.833984375
120.30317902099341,3.833984375
122.79933199170046,3.833984375
119.67842699959874,3.833984375
118.90227097319439,3.833984375
119.99321699840948,3.833984375
118.99096699198708,3.833984375
124.99329799902625,3.833984375
119.8398400156293,3.833984375
119.68404799699783,3.833984375
119.09943001228385,3.833984375
118.90896302065812,3.833984375
124.46912401355803,3.833984375
119.3488490243908,3.833984375
117.98938800347969,3.833984375
119.06324300798588,3.833984375
118.13702501240186,3.833984375
120.75573799666017,3.833984375
123.6328849918209,3.833984375
131.57970301108435,3.833984375
123.62538100569509,3.833984375
122.02725300448947,3.833984375
119.59108299924992,3.833984375
119.31895301677287,3.833984375
122.91000899858773,3.833984375
120.5825420038309,3.833984375
119.69542899169028,3.833984375
120.09714200394228,3.833984375
119.12374600069597,3.833984375
134.85882501117885,3.833984375
123.78252600319684,3.833984375
128.39697298477404,3.833984375
120.6458609958645,3.833984375
123.52139601716772,3.833984375
121.3895569962915,3.833984375
124.75508102215827,3.833984375
121.43427101545967,3.833984375
131.5627809963189,3.833984375
125.86765800369903,3.833984375
121.45245500141755,3.833984375
120.71927898796275,3.833984375
120.96227501751855,3.833984375
120.60367301455699,3.833984375
123.54039199999534,3.833984375
118.92253899713978,3.833984375
119.5814450038597,3.833984375
121.60970998229459,3.833984375
123.47262402181514,3.833984375
121.04873699718155,3.833984375
127.15872999979183,3.833984375
124.24041499616578,3.833984375
120.4073840053752,3.833984375
119.58445000345819,3.833984375
120.00413701753132,3.833984375
119.14420500397682,3.833984375
124.53750299755484,3.833984375
122.09914799313992,3.833984375
119.71509500290267,3.833984375
118.90616800519638,3.833984375
119.22895300085656,3.833984375
118.80739300977439,3.833984375
123.79086099099368,3.833984375
121.55894498573616,3.833984375
118.76386098447256,3.833984375
118.84525400819257,3.833984375
118.45263701980002,3.833984375
118.11034500715323,3.833984375
122.68588901497424,3.833984375
118.44825898879208,3.833984375
119.11985898041166,3.833984375
119.6157590020448,3.833984375
119.3172589992173,3.833984375
118.48372602253221,3.833984375
123.03444297867827,3.833984375
119.22168001183309,3.833984375
118.74774101306684,3.833984375
118.74342302326113,3.833984375
118.97468598908745,3.833984375
119.85131099936552,3.833984375
122.14267899980769,3.833984375
118.83179898723029,3.833984375
118.87045099865645,3.833984375
118.8119410071522,3.833984375
119.30232201120816,3.833984375
118.82057800539769,3.833984375
122.17205498018302,3.833984375
119.90208600764163,3.833984375
121.07805200503208,3.833984375
119.46347399498336,3.833984375
119.83492999570444,3.833984375
119.43400799646042,3.833984375
125.74419600423425,3.833984375
118.52539301617071,3.833984375
118.48755300161429,3.833984375
118.31206400529481,3.833984375
118.46016100025736,3.833984375
119.24538400489837,3.833984375
124.12341599701904,3.833984375
119.00700701517053,3.833984375
121.55286301276647,3.833984375
119.21974699362181,3.833984375
118.23668199940585,3.833984375
118.4053189936094,3.833984375
134.45818299078383,3.833984375
118.55160299455747,3.833984375
118.93635499291122,3.833984375
118.10512500233017,3.833984375
118.42819198500365,3.833984375
118.92788900877349,3.833984375
121.83329899562523,3.833984375
118.23786498280242,3.833984375
118.50018700351939,3.833984375
118.11111599672586,3.833984375
118.30764499609359,3.833984375
118.82780099404044,3.833984375
121.50908101466484,3.833984375
118.24111998430453,3.833984375
120.9590689977631,3.833984375
119.23227901570499,3.833984375
118.66300198016688,3.833984375
121.44639401230961,3.833984375
118.67649701889604,3.833984375
120.85854998440482,3.833984375
120.56067198864184,3.833984375
136.12722500693053,3.833984375
137.6792860100977,3.833984375
120.77844000305049,3.833984375
119.84463801491074,3.833984375
118.97955599124543,3.833984375
118.4629459748976,3.833984375
128.7234350165818,3.833984375
123.4292529989034,3.833984375
118.68938102270477,3.833984375
119.10731499665417,3.833984375
119.18978998437524,3.833984375
122.36547798966058,3.833984375
118.89845301629975,3.833984375
121.15754099795595,3.833984375
119.73113601561636,3.833984375
119.96098700910807,3.833984375
119.62008799309842,3.833984375
118.7063230026979,3.833984375
119.20236400328577,3.833984375
119.47711900575086,3.833984375
124.72480398719199,3.833984375
119.01791699347086,3.833984375
119.4900639820844,3.833984375
118.80050000036135,3.833984375
118.99204898509197,3.833984375
123.70474002091214,3.833984375
119.63820099481381,3.833984375
120.03207000088878,3.833984375
118.94293699879199,3.833984375
119.82784699648619,3.833984375
121.69686300330795,3.833984375
119.03183400863782,3.833984375
118.85243799770251,3.833984375
119.3548790179193,3.833984375
118.74219001038,3.833984375
119.38310199184343,3.833984375
120.0349249993451,3.833984375
118.81513701518998,3.833984375
124.98111501918174,3.833984375
118.84899099823087,3.833984375
118.56560900923796,3.833984375
119.04797400347888,3.833984375
119.9357690056786,3.833984375
118.20522299967706,3.833984375
121.45300500560552,3.833984375
121.74928199965507,3.833984375
118.77852899488062,3.833984375
119.05344401020557,3.833984375
119.23989397473633,3.833984375
119.16770800598897,3.833984375
132.15261799632572,3.833984375
119.17658499442041,3.833984375
118.81604901282117,3.833984375
119.83976900228299,3.833984375
118.48170100711286,3.833984375
119.86606899881735,3.833984375
122.70686798729002,3.833984375
119.01751600089483,3.833984375
118.59490399365313,3.833984375
119.11260499618948,3.833984375
118.8764320104383,3.833984375
118.85273701045662,3.833984375
121.61632199422456,3.833984375
118.5618820018135,3.833984375
117.8507879958488,3.833984375
118.38109302334487,3.833984375
118.0792769882828,3.833984375
118.54745500022545,3.833984375
124.04878597590141,3.833984375
119.18764599249698,3.833984375
118.61491200397722,3.833984375
118.93186598899774,3.833984375
119.18232700554654,3.833984375
118.88891598209739,3.833984375
122.51733202720061,3.833984375
119.04230300569907,3.833984375
118.9512429991737,3.833984375
119.3062380189076,3.833984375
119.96448299032636,3.833984375
122.110499010887,3.833984375
122.47039398062043,3.833984375
119.55499500618316,3.833984375
119.14135902770795,3.833984375
119.25325900665484,3.833984375
118.76638501416892,3.833984375
121.09224899904802,3.833984375
121.78501900052652,3.833984375
119.33400999987498,3.833984375
120.67579699214548,3.833984375
119.87720997422002,3.833984375
119.00239801616408,3.833984375
118.81534699932672,3.833984375
126.1514300131239,3.833984375
119.30424498859793,3.833984375
119.8082199844066,3.833984375
118.97873398265801,3.833984375
118.82288099150173,3.833984375
119.21930499374866,3.833984375
123.73384498641826,3.833984375
119.99600200215355,3.833984375
118.35472399252467,3.833984375
118.98427500273101,3.833984375
119.0295190026518,3.833984375
119.3375879956875,3.833984375
128.7437129940372,3.833984375
120.86042400915176,3.833984375
118.944490008289,3.833984375
118.9462130132597,3.833984375
118.48230299074203,3.833984375
118.2858940155711,3.833984375
123.69394901907071,3.833984375
118.96028000046499,3.833984375
118.64415698801167,3.833984375
118.79219399997965,3.833984375
118.32677098573186,3.833984375
118.15478798234835,3.833984375
123.41276300139725,3.833984375
118.96846501622349,3.833984375
119.0134389908053,3.833984375
118.66132900468074,3.833984375
120.9049980097916,3.833984375
135.7603159849532,3.833984375
119.84156200196594,3.833984375
118.99134700070135,3.833984375
118.5890130000189,3.833984375
118.37305800872855,3.833984375
124.6622960024979,3.833984375
119.49785801698454,3.833984375
119.12142200162634,3.833984375
119.37281300197355,3.833984375
118.63027099752799,3.833984375
123.68740799138322,3.833984375
120.05489302100614,3.833984375
118.9259449893143,3.833984375
118.825717974687,3.833984375
118.6077180027496,3.833984375
122.10922600934282,3.833984375
118.69069401291199,3.833984375
118.93337898072787,3.833984375
119.61523801437579,3.833984375
119.59688400384039,3.833984375
119.09836801351048,3.833984375
118.75484400661662,3.833984375
118.77109398483299,3.833984375
118.56552900280803,3.833984375
127.4215730081778,3.833984375
119.31406302028336,3.833984375
118.92684700433165,3.833984375
120.77698798384517,3.833984375
119.45142099284567,3.833984375
123.68029399658553,3.833984375
119.70043799374253,3.833984375
119.21420600265265,3.833984375
119.18983000214212,3.833984375
118.64296399289742,3.833984375
122.37694900250062,3.833984375
119.13865400128998,3.833984375
119.18362800497562,3.833984375
118.92320998595096,3.833984375
118.75960297766142,3.833984375
120.04930301918648,3.833984375
120.24339698837139,3.833984375
119.66950999340042,3.833984375
128.1450499955099,3.833984375
119.18531099217944,3.833984375
119.62194999796338,3.833984375
118.7566379958298,3.833984375
119.23293099971488,3.833984375
119.12647099234164,3.833984375
124.97975199948996,3.833984375
120.70010299794376,3.833984375
119.9576900107786,3.833984375
119.25148600130342,3.833984375
122.1265790227335,3.833984375
119.90650498773903,3.833984375
125.28704799478874,3.833984375
120.53826998453587,3.833984375
119.66619399026968,3.833984375
119.31331100640818,3.833984375
118.77793798339553,3.833984375
119.15136798052117,3.833984375
124.77429697173648,3.833984375
122.49993902514689,3.833984375
120.92781098908745,3.833984375
122.51751200528815,3.833984375
120.87354800314642,3.833984375
120.37675699684769,3.833984375
126.61227499484085,3.833984375
119.96574499062262,3.833984375
124.95515600312501,3.833984375
120.49564998596907,3.833984375
120.76163900201209,3.833984375
120.38702599238604,3.833984375
122.72584400488995,3.833984375
138.1500790012069,3.833984375
120.40152298868634,3.833984375
119.95025599026121,3.833984375
119.65786799555644,3.833984375
119.82281698146835,3.833984375
119.38185000326484,3.833984375
123.61386898555793,3.833984375
123.79891698947176,3.833984375
119.96337099117227,3.833984375
121.16602799505927,3.833984375
119.09448102233,3.833984375
119.28982799872756,3.833984375
123.71137301670387,3.833984375
121.97494501015171,3.833984375
119.71145900315605,3.833984375
119.63467398891225,3.833984375
119.52206399291754,3.833984375
119.73393100197427,3.833984375
118.96099100704305,3.833984375
137.99348499742337,3.833984375
129.7464839881286,3.833984375
123.66849201498553,3.833984375
120.19396398682147,3.833984375
120.6096840032842,3.833984375
120.03400400863029,3.833984375
127.77524700504728,3.833984375
121.36793698300608,3.833984375
121.32071700762026,3.833984375
119.57938098930754,3.833984375
120.27020700043067,3.833984375
119.07023499952629,3.833984375
125.72199400165118,3.833984375
119.53991602058522,3.833984375
119.53160201665014,3.833984375
118.8347740098834,3.833984375
119.04832400614396,3.833984375
119.6868930128403,3.833984375
124.31374299922027,3.833984375
119.8087610246148,3.833984375
120.11196001549251,3.833984375
119.0356909937691,3.833984375
119.32798000634648,3.833984375
120.22663501556963,3.833984375
125.0883050088305,3.833984375
119.99879800714552,3.833984375
123.39896699995734,3.833984375
120.53911198745482,3.833984375
120.84276098175906,3.833984375
119.27029100479558,3.833984375
124.27292601205409,3.833984375
119.67775502125733,3.833984375
122.8123260079883,3.833984375
120.73584098834544,3.833984375
122.2253650194034,3.833984375
122.79962201137096,3.833984375
123.95335698965937,3.833984375
124.29401601548307,3.833984375
120.63319797744043,3.833984375
119.61788398912176,3.833984375
125.54132600780576,3.833984375
118.94050298724324,3.833984375
118.65645999205299,3.833984375
118.44979200395755,3.833984375
121.17910198867321,3.833984375
125.12583698844537,3.833984375
121.31144001614302,3.833984375
119.35321701457724,3.833984375
120.01272398629226,3.833984375
119.63087800540961,3.833984375
120.4375610104762,3.833984375
120.17658099648543,3.833984375
121.18256799294613,3.833984375
119.82805698062293,3.833984375
120.15279600745998,3.833984375
157.52761202747934,3.833984375
121.1565800185781,3.833984375
118.87909701908939,3.833984375
118.62836699583568,3.833984375
124.33359000715427,3.833984375
126.65247000404634,3.833984375
122.7054450137075,3.833984375
121.7919820046518,3.833984375
118.88755299150944,3.833984375
118.72844400932081,3.833984375
124.97240901575424,3.833984375
121.56117899576202,3.833984375
118.98454499896616,3.833984375
118.78315699868836,3.833984375
119.58439002046362,3.833984375
118.98610802018084,3.833984375
119.14654899737798,3.833984375
124.28176199318841,3.833984375
119.8005159967579,3.833984375
119.0869269776158,3.833984375
119.44943698472343,3.833984375
119.05554801342078,3.833984375
118.67874200106598,3.833984375
122.91004898725078,3.833984375
118.99087700294331,3.833984375
118.83634701371193,3.833984375
119.21354397782125,3.833984375
118.86887799482793,3.833984375
120.58167101349682,3.833984375
136.45494900993071,3.833984375
121.27118499483913,3.833984375
120.79067301237956,3.833984375
118.61354898428544,3.833984375
118.90249099815264,3.833984375
118.28993199742399,3.833984375
128.05844700778835,3.833984375
122.82795499777421,3.833984375
119.3639769917354,3.833984375
118.91670801560394,3.833984375
118.72382598812692,3.833984375
119.09477200242691,3.833984375
119.1318309865892,3.833984375
123.66288201883435,3.833984375
119.71194998477586,3.833984375
118.44039399875328,3.833984375
119.54717102344148,3.833984375
119.2579580238089,3.833984375
120.17637101234868,3.833984375
122.685737995198,3.833984375
118.40597001719289,3.833984375
118.9393299864605,3.833984375
118.72139098704793,3.833984375
118.67349100066349,3.833984375
118.72859499999322,3.833984375
123.19099699379876,3.833984375
119.32816001353785,3.833984375
118.16161099704914,3.833984375
118.37273699347861,3.833984375
120.6475049839355,3.833984375
119.19318602303974,3.833984375
122.57717500324361,3.833984375
119.40612600301392,3.833984375
118.51552600273862,3.833984375
119.26836700877175,3.833984375
118.00859399954788,3.833984375
118.5079510032665,3.833984375
122.8869860060513,3.833984375
121.26694701146334,3.833984375
119.1239659965504,3.833984375
118.52497298968956,3.833984375
119.17027301387861,3.833984375
119.39958401490003,3.833984375
136.36712500010617,3.833984375
119.64161801734008,3.833984375
118.77478199312463,3.833984375
119.30079801823013,3.833984375
118.95628200727515,3.833984375
118.37116398965009,3.833984375
123.0869909923058,3.833984375
118.90195999876596,3.833984375
118.94976001349278,3.833984375
118.44258802011609,3.833984375
118.55970800388604,3.833984375
118.39138198411092,3.833984375
123.20242798887193,3.833984375
120.23690500063822,3.833984375
119.05227199895307,3.833984375
119.14546700427309,3.833984375
117.60218098061159,3.833984375
118.32488697837107,3.833984375
122.07680600113235,3.833984375
119.36172199784778,3.833984375
118.29471099190414,3.833984375
118.76839000615291,3.833984375
118.77343902597204,3.833984375
119.66077401302755,3.833984375
130.56358697940595,3.833984375
122.81152399373241,3.833984375
121.02223798865452,3.833984375
122.04962500254624,3.833984375
120.69702701410279,3.833984375
128.12845900771208,3.833984375
120.38223698618822,3.833984375
119.21036901185289,3.833984375
118.34881201502867,3.833984375
118.4548509772867,3.833984375
120.79980000271462,3.833984375
118.20866900961846,3.833984375
117.97632402158342,3.833984375
119.71093699685298,3.833984375
118.3829460060224,3.833984375
121.45933698047884,3.833984375
119.0206820028834,3.833984375
118.8380399835296,3.833984375
118.09429500135593,3.833984375
119.16140699759126,3.833984375
121.88394501572475,3.833984375
120.68227998679504,3.833984375
122.27753302431665,3.833984375
121.25422299141064,3.833984375
121.33052598801441,3.833984375
119.21972600976005,3.833984375
118.78800700651482,3.833984375
118.6541759816464,3.833984375
126.9146419945173,3.833984375
118.75395299284719,3.833984375
118.18566601141356,3.833984375
118.43309999676421,3.833984375
119.70511701656505,3.833984375
126.05069199344143,3.833984375
119.16438298067078,3.833984375
118.59472398646176,3.833984375
118.65163099719211,3.833984375
118.71033100760542,3.833984375
121.53520999709144,3.833984375
118.6610079894308,3.833984375
118.23438698775135,3.833984375
118.53934000828303,3.833984375
117.86012598895468,3.833984375
118.28076498932205,3.833984375
118.24571900069714,3.833984375
118.38471898226999,3.833984375
118.75104700447991,3.833984375
138.99335102178156,3.833984375
119.86303300363943,3.833984375
118.49578801775351,3.833984375
118.92865001573227,3.833984375
118.79389701061882,3.833984375
117.13480501202866,3.833984375
166.60834700451232,3.833984375
120.46793798799627,3.833984375
119.73431101068854,3.833984375
118.64225298631936,3.833984375
120.52132800454274,3.833984375
118.38376801460981,3.833984375
118.3668960002251,3.833984375
118.02995498874225,3.833984375
118.49747100495733,3.833984375
121.1413110140711,3.833984375
118.22153397952206,3.833984375
117.68554800073616,3.833984375
117.9018729890231,3.833984375
118.61152498750016,3.833984375
118.59370200545527,3.833984375
122.44824299705215,3.833984375
119.10709500079975,3.833984375
118.49233097746037,3.833984375
118.238505005138,3.833984375
118.15182300051674,3.833984375
117.57021199446172,3.833984375
121.74908100860193,3.833984375
118.67076600901783,3.833984375
117.98220401396975,3.833984375
118.27102699317038,3.833984375
117.8973850037437,3.833984375
117.98858700785786,3.833984375
121.44305699621327,3.833984375
118.19535502581857,3.833984375
117.75921698426828,3.833984375
118.09482501121238,3.833984375
117.86997399758548,3.833984375
118.111988005694,3.833984375
123.8255470234435,3.833984375
119.2991950083524,3.833984375
119.50660400907509,3.833984375
122.3123779927846,3.833984375
125.25395597913302,3.833984375
118.80808399291709,3.833984375
124.67919799382798,3.833984375
118.94553201273084,3.833984375
117.9064419993665,3.833984375
118.58362299972214,3.833984375
117.5772050046362,3.833984375
119.63000500691123,3.833984375
121.12171400804073,3.833984375
118.41322298278101,3.833984375
123.36974102072418,3.833984375
119.93100101244636,3.833984375
118.52462199749425,3.833984375
118.383406981593,3.833984375
122.59345498750918,3.833984375
118.69392002699897,3.833984375
118.00647000200115,3.833984375
118.10691800201312,3.833984375
117.90548099088483,3.833984375
121.16498599061742,3.833984375
120.71140500484034,3.833984375
118.2307609997224,3.833984375
118.002572999103,3.833984375
118.1813389994204,3.833984375
117.53678898094222,3.833984375
121.66697697830386,3.833984375
118.21310801315121,3.833984375
118.72992702410556,3.833984375
118.2449070038274,3.833984375
120.1153370202519,3.833984375
133.1007869739551,3.833984375
119.09519298933446,3.833984375
119.80137700447813,3.833984375
119.23922298592515,3.833984375
118.81848302436993,3.833984375
121.07831297907978,3.833984375
117.74341700947843,3.833984375
118.52103500859812,3.833984375
117.87767897476442,3.833984375
118.31843500840478,3.833984375
120.53739800467156,3.833984375
117.62750899652019,3.833984375
118.60456198337488,3.833984375
118.90686900005676,3.833984375
118.263984011719,3.833984375
121.3842669967562,3.833984375
118.09095801436342,3.833984375
118.68313999730162,3.833984375
117.29127800208516,3.833984375
116.87614000402391,3.833984375
120.36013597389683,3.833984375
117.42582102306187,3.833984375
118.83499400573783,3.833984375
117.9176329751499,3.833984375
118.11132699949667,3.833984375
118.2835600047838,3.833984375
118.23206301778555,3.833984375
119.47207001503557,3.833984375
117.93034800211899,3.833984375
118.06835699826479,3.833984375
126.12540100235492,3.833984375
118.81616897881031,3.833984375
118.36168600711972,3.833984375
117.8828880074434,3.833984375
118.46687397337519,3.833984375
125.0128940155264,3.833984375
118.56055998941883,3.833984375
118.79695300012827,3.833984375
117.8438650094904,3.833984375
117.79909100732766,3.833984375
120.90654001804069,3.833984375
118.75687801511958,3.833984375
118.31427799188532,3.833984375
118.82259100093506,3.833984375
118.25172998942435,3.833984375
118.85172600159422,3.833984375
118.39595099445432,3.833984375
118.18906301050447,3.833984375
122.66684300266206,3.833984375
118.13857799279504,3.833984375
118.40483802370727,3.833984375
117.91000998346135,3.833984375
119.46981499204412,3.833984375
118.46195501857437,3.833984375
121.811106975656,3.833984375
118.00891501479782,3.833984375
117.83470801310614,3.833984375
121.34209799114615,3.833984375
119.645084021613,3.833984375
120.7795329974033,3.833984375
126.07205100357533,3.833984375
119.21710200840607,3.833984375
119.21940499451011,3.833984375
119.99850798747502,3.833984375
119.87298098392785,3.833984375
119.1600939782802,3.833984375
121.8703489867039,3.833984375
118.30514000030234,3.833984375
117.62213899055496,3.833984375
118.41592798009515,3.833984375
118.44966100761667,3.833984375
130.37554500624537,3.833984375
118.98091799230315,3.833984375
118.4886249830015,3.833984375
118.6791019863449,3.833984375
118.05523099610582,3.833984375
117.60247201891616,3.833984375
121.87034901580773,3.833984375
117.7902249910403,3.833984375
119.0390570263844,3.833984375
117.14477301575243,3.833984375
117.92765199788846,3.833984375
117.66370700206608,3.833984375
121.0974889982026,3.833984375
118.34982401342131,3.833984375
118.8936639809981,3.833984375
118.3841789897997,3.833984375
118.7993670173455,3.833984375
118.82509500719607,3.833984375
122.17916798545048,3.833984375
117.79970201314427,3.833984375
118.6332760262303,3.833984375
117.63264899491332,3.833984375
117.97174499952234,3.833984375
117.50854598358274,3.833984375
121.91938099567778,3.833984375
118.11736799427308,3.833984375
123.28133601113223,3.833984375
118.51320098503493,3.833984375
119.19206398306414,3.833984375
118.68570497608744,3.833984375
121.86114100040868,3.833984375
118.51263899006881,3.833984375
118.677860009484,3.833984375
118.69451098027639,3.833984375
118.34324200754054,3.833984375
117.93331301305443,3.833984375
122.1342229982838,3.833984375
120.50942500354722,3.833984375
118.68410199531354,3.833984375
118.09057797654532,3.833984375
118.2053140073549,3.833984375
118.06794599397108,3.833984375
122.53767097718082,3.833984375
119.85058902064338,3.833984375
118.633446021704,3.833984375
118.2714769965969,3.833984375
118.25259198667482,3.833984375
117.93552699964494,3.833984375
127.22789897816256,3.833984375
118.60697699012235,3.833984375
118.9087130187545,3.833984375
119.00389101356268,3.833984375
118.74624798656441,3.833984375
118.64382599014789,3.833984375
122.87816900061443,3.833984375
118.7316510186065,3.833984375
118.93178601167165,3.833984375
117.94908199226484,3.833984375
118.63916699076071,3.833984375
122.09149400587194,3.833984375
118.97939501795918,3.833984375
119.67629301943816,3.833984375
118.88592000468634,3.833984375
118.68246798985638,3.833984375
122.32496199430898,3.833984375
119.02324800030328,3.833984375
118.64805399090983,3.833984375
118.78842700389214,3.833984375
120.01684098504484,3.833984375
133.2317219930701,3.833984375
119.47877201600932,3.833984375
119.05891500646248,3.833984375
118.12801798805594,3.833984375
118.74978500418365,3.833984375
121.70902598882094,3.833984375
119.11378797958605,3.833984375
118.77180598094128,3.833984375
118.87673300225288,3.833984375
120.06306898547336,3.833984375
118.07320499792695,3.833984375
120.70975100505166,3.833984375
119.27083201589994,3.833984375
118.5560719750356,3.833984375
118.89126000460237,3.833984375
127.22838099580258,3.833984375
119.7471659979783,3.833984375
118.54160399525426,3.833984375
118.83338200277649,3.833984375
159.29868398234248,3.833984375
126.7118210089393,3.833984375
118.61939998925664,3.833984375
118.18793101701885,3.833984375
118.65727198892273,3.833984375
118.97824399056844,3.833984375
121.4862689957954,3.833984375
119.09559299238026,3.833984375
118.67319099837914,3.833984375
118.42089702258818,3.833984375
118.43843100359663,3.833984375
118.77193598775193,3.833984375
119.02026197640225,3.833984375
118.57715100632049,3.833984375
123.03066599997692,3.833984375
117.87282000295818,3.833984375
119.0151920018252,3.833984375
119.13762197946198,3.833984375
118.22625197237357,3.833984375
118.32122100167908,3.833984375
122.38789899856783,3.833984375
118.68768799467944,3.833984375
118.8655219739303,3.833984375
118.39866600348614,3.833984375
118.37679398013279,3.833984375
118.52504301350564,3.833984375
121.76449998514727,3.833984375
118.43616599799134,3.833984375
118.23620100039989,3.833984375
118.91622698749416,3.833984375
119.35703401104547,3.833984375
119.4221049954649,3.833984375
122.845026984578,3.833984375
119.35327600804158,3.833984375
118.3002210163977,3.833984375
117.40828800247982,3.833984375
118.51933199795894,3.833984375
117.35856501036324,3.833984375
121.76912900758907,3.833984375
117.8906130080577,3.833984375
118.24381499900483,3.833984375
118.48747299518436,3.833984375
118.34415298653767,3.833984375
118.46724399947561,3.833984375
121.97807099437341,3.833984375
118.61914899782278,3.833984375
119.89701699349098,3.833984375
119.48002502322197,3.833984375
118.90776100335643,3.833984375
118.29733601189218,3.833984375
125.15290698502213,3.833984375
119.10712500684895,3.833984375
120.07107300451025,3.833984375
119.62820199551061,3.833984375
119.0899919893127,3.833984375
118.09647901100107,3.833984375
137.44811198557727,3.833984375
118.13750601140782,3.833984375
117.68194200703874,3.833984375
117.49277700437233,3.833984375
119.94267199770547,3.833984375
118.33480600034818,3.833984375
122.92554799932986,3.833984375
118.29861800651997,3.833984375
118.58747000223957,3.833984375
118.4013609890826,3.833984375
118.82007599342614,3.833984375
119.20679197646677,3.833984375
119.05644999933429,3.833984375
123.39461900410242,3.833984375
119.03214399353601,3.833984375
118.96837499807589,3.833984375
118.57012799009681,3.833984375
121.46638100966811,3.833984375
120.25945700588636,3.833984375
122.26779499906115,3.833984375
118.45590398297645,3.833984375
117.87938201450743,3.833984375
118.84399101836607,3.833984375
118.44146600924432,3.833984375
117.80159597401507,3.833984375
125.55205600801855,3.833984375
118.19486299646087,3.833984375
118.37270701653324,3.833984375
119.56374198780395,3.833984375
118.30826598452404,3.833984375
118.04649498662911,3.833984375
123.39031998999417,3.833984375
119.53570900368504,3.833984375
117.83473799005151,3.833984375
117.86901301820762,3.833984375
117.96694601071067,3.833984375
118.61510199378245,3.833984375
122.65600298997015,3.833984375
118.03687698557042,3.833984375
118.08326400932856,3.833984375
118.33681899588555,3.833984375
119.7773730091285,3.833984375
122.55025398917496,3.833984375
119.17832799372263,3.833984375
119.04441798105836,3.833984375
119.58108399994671,3.833984375
118.02615798660554,3.833984375
121.79117000778206,3.833984375
119.31188899325207,3.833984375
117.71885099005885,3.833984375
118.67990301107056,3.833984375
118.36093498277478,3.833984375
122.67518800217658,3.833984375
118.20693599293008,3.833984375
117.99972702283412,3.833984375
118.16242299391888,3.833984375
118.18846198730171,3.833984375
121.94138200720772,3.833984375
117.57482000393793,3.833984375
117.90496998582967,3.833984375
118.10940399300307,3.833984375
117.82808499992825,3.833984375
117.7526040119119,3.833984375
118.66866299533285,3.833984375
117.82966798637062,3.833984375
125.47791699762456,3.833984375
121.26982197514735,3.833984375
118.7160809931811,3.833984375
118.27211800846271,3.833984375
117.3550579987932,3.833984375
135.49316601711325,3.833984375
118.69171599391848,3.833984375
118.35344097926281,3.833984375
117.6084429898765,3.833984375
118.1571030174382,3.833984375
121.93818599916995,3.833984375
119.1403069824446,3.833984375
119.00450201937929,3.833984375
118.11748801846988,3.833984375
119.30506600765511,3.833984375
119.036411982961,3.833984375
118.83105698507279,3.833984375
118.48665098659694,3.833984375
123.38404799811542,3.833984375
119.20975800603628,3.833984375
118.51088600815274,3.833984375
119.46967500261962,3.833984375
117.53678901004605,3.833984375
117.92925500776619,3.833984375
122.54897199454717,3.833984375
118.39225399307907,3.833984375
118.17229201551527,3.833984375
118.20718701346777,3.833984375
117.88832899765112,3.833984375
117.58934700628743,3.833984375
121.74613599199802,3.833984375
118.55221400037408,3.833984375
118.70321701280773,3.833984375
118.67143801646307,3.833984375
118.77353899762966,3.833984375
119.23774998285808,3.833984375
122.65593302436173,3.833984375
118.69859902071767,3.833984375
118.26893300167285,3.833984375
118.90570801915601,3.833984375
118.22450900217518,3.833984375
119.45637999451719,3.833984375
125.1853569992818,3.833984375
119.05647002276964,3.833984375
118.60220800735988,3.833984375
119.00776901165955,3.833984375
118.62721500801854,3.833984375
118.26211999868974,3.833984375
122.64432001393288,3.833984375
118.80153097445145,3.833984375
117.7971170109231,3.833984375
121.80495602660812,3.833984375
118.322101974627,3.833984375
121.04170399834402,3.833984375
124.35168301453814,3.833984375
119.8829099885188,3.833984375
121.01749901194125,3.833984375
121.44081300357357,3.833984375
118.59859098331071,3.833984375
117.64225701335818,3.833984375
123.15624099574052,3.833984375
118.1330980034545,3.833984375
117.64662500354461,3.833984375
117.72697599371895,3.833984375
117.59927598177455,3.833984375
118.20698602241464,3.833984375
122.75421700906008,3.833984375
118.89348397380672,3.833984375
117.58147299406119,3.833984375
117.58309497963637,3.833984375
117.34611098654568,3.833984375
117.55531400558539,3.833984375
117.44041802012362,3.833984375
123.29324800521135,3.833984375
117.99026001244783,3.833984375
117.61715999455191,3.833984375
118.47515997942537,3.833984375
118.71389701263979,3.833984375
117.77186000836082,3.833984375
133.90036701457575,3.833984375
118.76821002806537,3.833984375
118.28071399941109,3.833984375
117.73090300266631,3.833984375
117.55642600473948,3.833984375
117.19438701402396,3.833984375
123.50176999461837,3.833984375
117.69599802209996,3.833984375
117.42359699564986,3.833984375
117.30104699381627,3.833984375
117.53824198967777,3.833984375
116.99887999566272,3.833984375
122.10624100407586,3.833984375
118.28214701381512,3.833984375
118.33509602001868,3.833984375
117.67197301378474,3.833984375
117.48606400215067,3.833984375
118.03727800725028,3.833984375
122.89431999670342,3.833984375
117.96684600994922,3.833984375
117.79441201360896,3.833984375
117.93187100556679,3.833984375
118.00515800132416,3.833984375
121.27309798961505,3.833984375
118.2515500113368,3.833984375
117.84022799110971,3.833984375
118.04495198884979,3.833984375
117.97506100265309,3.833984375
122.64646499534138,3.833984375
118.40634001418948,3.833984375
117.85503599094227,3.833984375
117.54597598337568,3.833984375
118.18007598049007,3.833984375
121.86602101428434,3.833984375
117.80462099704891,3.833984375
117.99188301665708,3.833984375
118.01697901682928,3.833984375
117.68668002332561,3.833984375
122.40663499687798,3.833984375
118.04624501382932,3.833984375
118.39204299030825,3.833984375
118.16124999313615,3.833984375
117.79185698833317,3.833984375
117.49428897746839,3.833984375
117.40453101810999,3.833984375
117.47370101511478,3.833984375
126.17358201532625,3.833984375
119.21359499683604,3.833984375
118.0301450076513,3.833984375
120.49798399675637,3.833984375
120.23828702513129,3.833984375
123.86008200701326,3.833984375
119.04951700125821,3.833984375
118.14792500808835,3.833984375
118.61956000211649,3.833984375
118.0039260070771,3.833984375
121.9712279853411,3.833984375
118.00721101462841,3.833984375
119.3996139918454,3.833984375
117.81961901579052,3.833984375
117.74834600510076,3.833984375
117.4945599923376,3.833984375
118.37107499013655,3.833984375
119.61603900999762,3.833984375
129.27778498851694,3.833984375
121.617213007994,3.833984375
120.35564699908718,3.833984375
122.74115200852975,3.833984375
118.46908798906952,3.833984375
119.26097399555147,3.833984375
135.85136699839495,3.833984375
118.72432701056823,3.833984375
118.58475499320775,3.833984375
118.42352300300263,3.833984375
118.3922240161337,3.833984375
118.78461000742391,3.833984375
123.23381600435823,3.833984375
118.48650098545477,3.833984375
117.93394401320256,3.833984375
118.49524700664915,3.833984375
118.00684098852798,3.833984375
118.03722797776572,3.833984375
122.80563300009817,3.833984375
118.55399797786959,3.833984375
117.98094201367348,3.833984375
118.32198200863786,3.833984375
119.09613499301486,3.833984375
118.53008298203349,3.833984375
124.40301000606269,3.833984375
118.74295200686902,3.833984375
118.52515299688093,3.833984375
118.65843299892731,3.833984375
118.2592750119511,3.833984375
119.02737600030378,3.833984375
125.32106199068949,3.833984375
118.97553800372407,3.833984375
119.54713999875821,3.833984375
118.88472700957209,3.833984375
118.71295599848963,3.833984375
117.92804300785065,3.833984375
123.95796499913558,3.833984375
119.07672800589353,3.833984375
118.56161098694429,3.833984375
117.79505299637094,3.833984375
117.96098499326035,3.833984375
118.37076401570812,3.833984375
123.27615698450245,3.833984375
118.13126399647444,3.833984375
122.03456700081006,3.833984375
117.84496699692681,3.833984375
118.06761502521113,3.833984375
117.6659619959537,3.833984375
124.44161300663836,3.833984375
118.3411379752215,3.833984375
117.86823000875302,3.833984375
118.2501369912643,3.833984375
118.1293910194654,3.833984375
117.67530898214318,3.833984375
118.06336700101383,3.833984375
124.16018400108442,3.833984375
119.06015599379316,3.833984375
117.94642702443525,3.833984375
118.39992797467858,3.833984375
118.45376901328564,3.833984375
118.2223450159654,3.833984375
123.35658702068031,3.833984375
118.3666959987022,3.833984375
118.27662700670771,3.833984375
118.05168498540297,3.833984375
119.96551600168459,3.833984375
118.53203701321036,3.833984375
124.24673698842525,3.833984375
118.550220009638,3.833984375
117.94952300260775,3.833984375
118.2379950187169,3.833984375
118.80920600378886,3.833984375
118.2285969844088,3.833984375
122.19045899109915,3.833984375
119.19881700305268,3.833984375
118.24438700568862,3.833984375
117.88225697819144,3.833984375
117.4295480013825,3.833984375
118.40427599963732,3.833984375
132.54860098822974,3.833984375
118.50886300089769,3.833984375
118.02362199523486,3.833984375
118.4183619916439,3.833984375
117.51140200067312,3.833984375
120.90123098460026,3.833984375
118.16717099281959,3.833984375
118.28996200347319,3.833984375
117.95342099503614,3.833984375
117.64173599658534,3.833984375
121.89429401769303,3.833984375
120.02313300035894,3.833984375
119.40003398922272,3.833984375
120.81755400868133,3.833984375
119.50944998534396,3.833984375
123.44211700838059,3.833984375
119.78712098789401,3.833984375
125.64986999495886,3.833984375
118.43211902305484,3.833984375
117.813627992291,3.833984375
121.5930079924874,3.833984375
118.57554700691253,3.833984375
117.90911699063145,3.833984375
117.9482509905938,3.833984375
117.73538199486211,3.833984375
117.50540000502951,3.833984375
117.50238499371335,3.833984375
117.74306601728313,3.833984375
123.44953100546263,3.833984375
118.14353699446656,3.833984375
118.22946899337694,3.833984375
118.11130700516514,3.833984375
117.68513699644245,3.833984375
121.52666397741996,3.833984375
118.5292910085991,3.833984375
118.35120699834079,3.833984375
118.4291029931046,3.833984375
117.75998800294474,3.833984375
121.35636399034411,3.833984375
119.48483300511725,3.833984375
118.03919202066027,3.833984375
118.52817898034118,3.833984375
117.4819559964817,3.833984375
118.24879501364194,3.833984375
118.15539898816496,3.833984375
118.08363499585539,3.833984375
124.45378501433879,3.833984375
119.23421299434267,3.833984375
118.76337000285275,3.833984375
118.52331898990087,3.833984375
118.31519901170395,3.833984375
118.83005499839783,3.833984375
123.15710299299099,3.833984375
119.17678598547354,3.833984375
118.34988399641588,3.833984375
118.05606298730709,3.833984375
118.49372400320135,3.833984375
118.41732100583613,3.833984375
122.82190402038395,3.833984375
118.76055499305949,3.833984375
118.74207999790087,3.833984375
120.31219599884935,3.833984375
118.97486698580906,3.833984375
118.97124000824988,3.833984375
123.36983199929819,3.833984375
118.57292300555855,3.833984375
118.29162499634549,3.833984375
118.93863801378757,3.833984375
118.00627000047825,3.833984375
117.89113300619647,3.833984375
134.02743599726819,3.833984375
119.49029401876032,3.833984375
119.70901399035938,3.833984375
118.95847599953413,3.833984375
117.7859760064166,3.833984375
118.09519698726945,3.833984375
123.31914698006585,3.833984375
118.99697798071429,3.833984375
118.10445398441516,3.833984375
118.07923699961975,3.833984375
117.56065400550142,3.833984375
118.17006699857302,3.833984375
122.50651200884022,3.833984375
118.74421397806145,3.833984375
118.72610001591966,3.833984375
118.5286889958661,3.833984375
118.15070098964497,3.833984375
118.5183199995663,3.833984375
122.72352899890393,3.833984375
119.1334140021354,3.833984375
118.30778498551808,3.833984375
118.63940799958073,3.833984375
118.61827701795846,3.833984375
118.00179100828245,3.833984375
122.39832899649628,3.833984375
118.75971299014054,3.833984375
118.53197598247789,3.833984375
118.38296600035392,3.833984375
118.31594101386145,3.833984375
118.61493199830875,3.833984375
117.45288199745119,3.833984375
122.66933801583946,3.833984375
119.17331899167039,3.833984375
126.60050200065598,3.833984375
120.09672200656496,3.833984375
123.97918500937521,3.833984375
124.78765100240707,3.833984375
129.66260698158294,3.833984375
121.41030599013902,3.833984375
121.73110799631104,3.833984375
119.78915397776291,3.833984375
118.85132500901818,3.833984375
118.06541998521425,3.833984375
124.094670987688,3.833984375
118.82530699949712,3.833984375
119.0864960080944,3.833984375
118.54692400083877,3.833984375
118.75692798639648,3.833984375
118.76338999718428,3.833984375
123.40732201118954,3.833984375
119.33532301918603,3.833984375
118.73278298298828,3.833984375
118.44097499852069,3.833984375
118.76508401473984,3.833984375
118.15102101536468,3.833984375
122.73066298803315,3.833984375
118.68004300049506,3.833984375
118.39344701729715,3.833984375
118.00483698607422,3.833984375
118.27378100133501,3.833984375
121.94219301454723,3.833984375
118.14318699180149,3.833984375
118.25389400473796,3.833984375
117.68618901260197,3.833984375
117.65072200796567,3.833984375
121.68607299099676,3.833984375
117.98599199391901,3.833984375
117.98332599573769,3.833984375
117.76740101049654,3.833984375
117.69186999299563,3.833984375
132.48001199099235,3.833984375
118.63779500708915,3.833984375
117.81207501189783,3.833984375
117.86106700310484,3.833984375
117.8262619941961,3.833984375
121.43232699600048,3.833984375
118.39697300456464,3.833984375
117.92561801848933,3.833984375
117.52305398113094,3.833984375
119.69558900455013,3.833984375
117.54503499832936,3.833984375
117.7059659967199,3.833984375
117.6108370127622,3.833984375
125.43305201688781,3.833984375
121.24156902427785,3.833984375
117.80090400134213,3.833984375
117.71188798593357,3.833984375
117.41452899877913,3.833984375
121.48558697663248,3.833984375
117.89961898466572,3.833984375
117.9806609870866,3.833984375
117.86329100141302,3.833984375
117.79625501367263,3.833984375
117.86805099109188,3.833984375
117.11035901680589,3.833984375
117.43275300250389,3.833984375
125.36913200165145,3.833984375
118.5051049978938,3.833984375
117.67566899652593,3.833984375
117.50378800206818,3.833984375
117.79028401360847,3.833984375
117.68893501721323,3.833984375
122.84969599568285,3.833984375
119.09902899060398,3.833984375
118.12821798957884,3.833984375
117.85556699032895,3.833984375
118.00856402260251,3.833984375
117.55384100251831,3.833984375
122.29672900866717,3.833984375
118.67137800436467,3.833984375
118.64643101580441,3.833984375
118.20455099223182,3.833984375
117.75653099175543,3.833984375
117.84766201162711,3.833984375
117.64794698683545,3.833984375
123.70922800619155,3.833984375
118.7180150009226,3.833984375
118.01892297808081,3.833984375
120.44164800317958,3.833984375
121.43217600532807,3.833984375
119.08326001139358,3.833984375
125.95451099332422,3.833984375
119.98960102209821,3.833984375
119.12684098933823,3.833984375
124.52644199947827,3.833984375
118.28080500708893,3.833984375
117.8501169779338,3.833984375
123.63620198448189,3.833984375
118.72545798541978,3.833984375
117.67538901767693,3.833984375
117.52333299955353,3.833984375
118.06941797840409,3.833984375
117.66558099770918,3.833984375
122.59008901310153,3.833984375
118.27380102477036,3.833984375
117.93722098809667,3.833984375
117.41717398399487,3.833984375
118.01518601714633,3.833984375
117.76405599084683,3.833984375
123.84516300517134,3.833984375
119.0973169868812,3.833984375
119.28001898922957,3.833984375
118.50225998205133,3.833984375
121.1432539857924,3.833984375
119.65710599906743,3.833984375
138.1475449888967,3.833984375
118.20570399868302,3.833984375
118.46673398395069,3.833984375
118.17743099527434,3.833984375
118.9451310201548,3.833984375
118.01744098193012,3.833984375
121.60291700274684,3.833984375
118.23738401290029,3.833984375
119.46334299864247,3.833984375
120.33964702277444,3.833984375
118.90916299307719,3.833984375
118.34622800233774,3.833984375
123.68648601113819,3.833984375
119.41501300316304,3.833984375
118.06942799012177,3.833984375
117.89517200668342,3.833984375
118.24437600444071,3.833984375
118.41291200835258,3.833984375
123.39506897842512,3.833984375
118.53137498837896,3.833984375
119.18793601216748,3.833984375
118.7127250013873,3.833984375
118.31753398291767,3.833984375
118.23528999229893,3.833984375
123.64221300231293,3.833984375
119.17063398868777,3.833984375
118.44984200433828,3.833984375
118.29824800952338,3.833984375
119.06873297994025,3.833984375
117.86114700953476,3.833984375
123.4112799866125,3.833984375
118.6575910251122,3.833984375
118.29948000377044,3.833984375
118.22262601344846,3.833984375
118.54465000214987,3.833984375
121.42207700526342,3.833984375
118.54621302336454,3.833984375
118.28137599513866,3.833984375
118.00182098522782,3.833984375
119.04768299427815,3.833984375
124.67647300218232,3.833984375
119.7005279827863,3.833984375
118.91983399982564,3.833984375
118.33910399582237,3.833984375
118.88925600214861,3.833984375
121.96886300807819,3.833984375
119.183378003072,3.833984375
118.21429000701755,3.833984375
118.30157399526797,3.833984375
118.7503150140401,3.833984375
122.14098600088619,3.833984375
119.52005000784993,3.833984375
121.36143498355523,3.833984375
118.96588999661617,3.833984375
119.05320399091579,3.833984375
118.08686100994237,3.833984375
118.98120900150388,3.833984375
117.9224019870162,3.833984375
126.20211599278264,3.833984375
119.15802099974826,3.833984375
118.43359199701808,3.833984375
118.07966799824499,3.833984375
119.12647099234164,3.833984375
122.37629797891714,3.833984375
118.74162999447435,3.833984375
118.78244602121413,3.833984375
118.3533710136544,3.833984375
117.97281701001339,3.833984375
132.1684480062686,3.833984375
118.38308698497713,3.833984375
118.12853900482878,3.833984375
118.79379700985737,3.833984375
118.06545002036728,3.833984375
118.35149800754152,3.833984375
118.19220799952745,3.833984375
118.12438099877909,3.833984375
117.75467797997408,3.833984375
118.06896701455116,3.833984375
124.62473602499813,3.833984375
118.77264801296405,3.833984375
117.9587010119576,3.833984375
117.828015005216,3.833984375
118.26177898910828,3.833984375
118.63154300954193,3.833984375
121.84804701246321,3.833984375
118.16690099658445,3.833984375
118.13776599592529,3.833984375
117.9348059813492,3.833984375
118.50545697961934,3.833984375
117.60863399831578,3.833984375
121.4769410144072,3.833984375
118.135672993958,3.833984375
117.95826000161469,3.833984375
118.0032140109688,3.833984375
119.01930000749417,3.833984375
118.38100300519727,3.833984375
126.08073800220154,3.833984375
119.79748998419382,3.833984375
119.3801170156803,3.833984375
119.81497300439514,3.833984375
119.27932800608687,3.833984375
118.78949898527935,3.833984375
123.48925601691008,3.833984375
119.38231097883545,3.833984375
119.86834299750626,3.833984375
119.39312098547816,3.833984375
119.59357699379325,3.833984375
118.65915500675328,3.833984375
123.13883900060318,3.833984375
119.05058898264542,3.833984375
118.69251701864414,3.833984375
118.96224299562164,3.833984375
118.7472390010953,3.833984375
118.60159700154327,3.833984375
123.05062302039005,3.833984375
120.1161979988683,3.833984375
119.12125197704881,3.833984375
118.69927000952885,3.833984375
119.38868399010971,3.833984375
119.17657501180656,3.833984375
119.14396399515681,3.833984375
123.62956898869015,3.833984375
119.70927499351092,3.833984375
118.89730099937879,3.833984375
119.14233100833371,3.833984375
119.01263799518347,3.833984375
118.78362801508047,3.833984375
123.72290398343466,3.833984375
119.54809201415628,3.833984375
118.59230897971429,3.833984375
118.82235098164529,3.833984375
118.99916201946326,3.833984375
118.62098198616877,3.833984375
122.51980698783882,3.833984375
119.69338401104324,3.833984375
118.6875170096755,3.833984375
119.71465399255976,3.833984375
118.70289701619186,3.833984375
119.52388699864969,3.833984375
122.61302201659419,3.833984375
119.63315200409852,3.833984375
119.12143198424019,3.833984375
118.65181100438349,3.833984375
119.18918901938014,3.833984375
119.38791198190302,3.833984375
134.95077699190006,3.833984375
119.28134199115448,3.833984375
118.69849800132215,3.833984375
119.42841799464077,3.833984375
118.81192098371685,3.833984375
118.97440601023845,3.833984375
123.4070009959396,3.833984375
118.99735900806263,3.833984375
119.13489701692015,3.833984375
119.37985697295517,3.833984375
119.01413998566568,3.833984375
120.02844299422577,3.833984375
127.70340198767371,3.833984375
119.96465400443412,3.833984375
120.0301969947759,3.833984375
121.22140100109391,3.833984375
119.7566939808894,3.833984375
127.73284700233489,3.833984375
119.54703100491315,3.833984375
119.24065600032918,3.833984375
118.75865099136718,3.833984375
119.18642398086376,3.833984375
122.23129600170068,3.833984375
119.01878999196924,3.833984375
119.10806698142551,3.833984375
118.99477397673763,3.833984375
119.18417000561021,3.833984375
123.6491049930919,3.833984375
119.54852301278152,3.833984375
119.42399901454337,3.833984375
119.23237997689284,3.833984375
120.83617900498211,3.833984375
125.019696977688,3.833984375
118.69585400563665,3.833984375
118.07377598597668,3.833984375
118.63403802271932,3.833984375
117.87888099206612,3.833984375
118.29615401802585,3.833984375
122.53769001108594,3.833984375
118.80864499835297,3.833984375
118.00383601803333,3.833984375
118.87614201987162,3.833984375
117.78079599025659,3.833984375
123.64483799319714,3.833984375
118.7871849979274,3.833984375
118.30061199725606,3.833984375
118.18906301050447,3.833984375
119.41413098247722,3.833984375
126.6634599887766,3.833984375
118.9372259832453,3.833984375
119.59968900191598,3.833984375
120.28379199909978,3.833984375
118.05427999934182,3.833984375
117.48116501257755,3.833984375
118.55985800502822,3.833984375
118.14987901016138,3.833984375
118.66537600872107,3.833984375
127.87459301762283,3.833984375
122.78174899984151,3.833984375
120.13016399578191,3.833984375
119.31149900192395,3.833984375
119.20011902111582,3.833984375
119.16764799389057,3.833984375
125.22538300254382,3.833984375
119.64491399703547,3.833984375
118.98076799116097,3.833984375
118.44764798297547,3.833984375
118.93106397474185,3.833984375
118.1315750000067,3.833984375
136.5031099994667,3.833984375
119.74600300891325,3.833984375
118.98835198371671,3.833984375
118.53297799825668,3.833984375
118.50303199025802,3.833984375
118.5097649868112,3.833984375
118.47854498773813,3.833984375
123.95291597931646,3.833984375
119.53051001182757,3.833984375
119.33493302785791,3.833984375
119.01532302726991,3.833984375
118.47304500406608,3.833984375
119.0376440063119,3.833984375
118.35201800568029,3.833984375
124.0174760168884,3.833984375
118.75521400361322,3.833984375
118.94544199458323,3.833984375
118.74972502118908,3.833984375
118.5876709932927,3.833984375
118.42112801969051,3.833984375
118.45178497605957,3.833984375
123.95817501237616,3.833984375
119.45977600407787,3.833984375
118.95367701072246,3.833984375
119.2699600069318,3.833984375
118.86373802553862,3.833984375
118.32736199721694,3.833984375
118.30288599594496,3.833984375
123.05526199634187,3.833984375
118.00539799151011,3.833984375
118.25089799822308,3.833984375
118.07688200497068,3.833984375
117.57530100294389,3.833984375
118.03805900854059,3.833984375
118.75298101222143,3.833984375
124.57013298990205,3.833984375
118.17377401166596,3.833984375
117.77229097788222,3.833984375
117.9849699838087,3.833984375
117.65500099863857,3.833984375
118.4402740036603,3.833984375
118.06171399075538,3.833984375
123.91494502662681,3.833984375
118.56269399868324,3.833984375
119.26570200012065,3.833984375
119.63152899988927,3.833984375
118.7120640242938,3.833984375
118.65790199954063,3.833984375
118.78893797984347,3.833984375
124.94043799233623,3.833984375
119.78725099470466,3.833984375
118.39267401956022,3.833984375
119.48463300359435,3.833984375
119.17182698380202,3.833984375
119.10532097681426,3.833984375
117.97725499491207,3.833984375
124.96502499561757,3.833984375
119.11633200361393,3.833984375
119.52952700085007,3.833984375
118.80815398762934,3.833984375
118.91340097645298,3.833984375
118.22006001602858,3.833984375
118.73951499001123,3.833984375
124.8558190127369,3.833984375
118.49661899032071,3.833984375
118.06692302343436,3.833984375
118.7588109751232,3.833984375
118.29704500269145,3.833984375
118.5658189933747,3.833984375
124.38059801934287,3.833984375
118.96342498948798,3.833984375
117.96244699507952,3.833984375
118.14377800328657,3.833984375
118.92725701909512,3.833984375
122.46366200270131,3.833984375
118.38582099881023,3.833984375
118.60171699663624,3.833984375
118.36778800352477,3.833984375
118.54022199986503,3.833984375
133.98690000758506,3.833984375
118.68109498755075,3.833984375
118.50241100182757,3.833984375
117.96491200220771,3.833984375
118.28147599590011,3.833984375
122.46876102290116,3.833984375
118.46919899107888,3.833984375
118.30635301885195,3.833984375
117.95293999603018,3.833984375
117.69380301120691,3.833984375
118.42055700253695,3.833984375
118.34581699804403,3.833984375
117.94467500294559,3.833984375
118.20999198243953,3.833984375
118.0753489898052,3.833984375
126.8948339857161,3.833984375
119.88114699488506,3.833984375
119.04271398088895,3.833984375
118.29614400630817,3.833984375
118.11501398915425,3.833984375
122.39555400446989,3.833984375
118.92880097730085,3.833984375
118.37432099855505,3.833984375
118.22978901909664,3.833984375
117.94000599184074,3.833984375
118.70325799100101,3.833984375
118.13697501202114,3.833984375
118.66430399823003,3.833984375
125.37441201857291,3.833984375
119.35609200736508,3.833984375
118.23074100539088,3.833984375
118.3129950077273,3.833984375
118.67126799188554,3.833984375
118.64434700692073,3.833984375
118.21652401704341,3.833984375
124.21466701198369,3.833984375
118.51726801251061,3.833984375
118.4123620041646,3.833984375
120.59604801470414,3.833984375
121.64769100490957,3.833984375
120.80947900540195,3.833984375
118.9273280033376,3.833984375
128.85899899993092,3.833984375
119.01367901009507,3.833984375
118.48451700643636,3.833984375
118.34694902063347,3.833984375
118.82307199994102,3.833984375
119.86929501290433,3.833984375
118.36240798584186,3.833984375
124.25429100403562,3.833984375
118.15651197684929,3.833984375
118.47135200514458,3.833984375
119.00358999264427,3.833984375
118.62048198236153,3.833984375
118.09872300364077,3.833984375
118.6773480148986,3.833984375
123.57155999052338,3.833984375
119.48911097715609,3.833984375
119.37870498513803,3.833984375
119.38306299271062,3.833984375
118.98753099376336,3.833984375
118.89828299172223,3.833984375
118.57733101351187,3.833984375
124.78800202370621,3.833984375
118.9945729856845,3.833984375
119.1577700083144,3.833984375
118.53531200904399,3.833984375
118.65037798997946,3.833984375
119.05971600208431,3.833984375
126.71599999885075,3.833984375
119.30205102544278,3.833984375
119.4629020174034,3.833984375
118.21684497408569,3.833984375
118.09108901070431,3.833984375
117.94585699681193,3.833984375
123.77160502364859,3.833984375
118.58779098838568,3.833984375
118.33709999336861,3.833984375
118.1219269928988,3.833984375
118.46784499357454,3.833984375
118.43520399997942,3.833984375
135.43849301640876,3.833984375
118.59822997939773,3.833984375
119.03783501475118,3.833984375
118.64916599006392,3.833984375
118.46753497957252,3.833984375
118.23009001091123,3.833984375
118.35786001756787,3.833984375
123.4726450056769,3.833984375
118.68022399721667,3.833984375
118.28751699067652,3.833984375
118.34807100240141,3.833984375
118.18423398653977,3.833984375
118.47759399097413,3.833984375
118.13506198814139,3.833984375
123.39751402032562,3.833984375
118.13557302230038,3.833984375
119.5871050003916,3.833984375
118.12288902001455,3.833984375
118.52171699865721,3.833984375
117.56541297654621,3.833984375
118.068026000401,3.833984375
124.84733300516382,3.833984375
118.52141600684263,3.833984375
118.40045900316909,3.833984375
118.73479600762948,3.833984375
118.04995199781843,3.833984375
118.32695102202706,3.833984375
122.70654801977798,3.833984375
118.53079398861155,3.833984375
118.57861300813965,3.833984375
117.94004499097355,3.833984375
117.80977100715972,3.833984375
121.76222598645836,3.833984375
118.91234898939729,3.833984375
118.48623998230323,3.833984375
118.51113601005636,3.833984375
118.5134410043247,3.833984375
123.03604601765983,3.833984375
119.43289599730633,3.833984375
118.40516800293699,3.833984375
118.86464001145214,3.833984375
118.42947397963144,3.833984375
122.53563597914763,3.833984375
118.96956598502584,3.833984375
118.91198900411837,3.833984375
118.39478797628544,3.833984375
118.15301497699693,3.833984375
122.25780502194539,3.833984375
118.71794500621036,3.833984375
121.13396701170132,3.833984375
120.95224598306231,3.833984375
122.15355000807904,3.833984375
123.57071897713467,3.833984375
126.32889300584793,3.833984375
124.45103999925777,3.833984375
121.328473003814,3.833984375
120.23393900017254,3.833984375
119.86964498646557,3.833984375
122.74946802062914,3.833984375
119.08243899233639,3.833984375
119.14056798559614,3.833984375
118.72740200487897,3.833984375
118.49561700364575,3.833984375
123.20516299223527,3.833984375
119.70455601112917,3.833984375
118.87212400324643,3.833984375
119.0472430025693,3.833984375
119.00154702016152,3.833984375
118.41802200069651,3.833984375
119.29226198117249,3.833984375
118.92680698656477,3.833984375
137.54023500951007,3.833984375
119.55571599537507,3.833984375
118.28643499757163,3.833984375
118.125342996791,3.833984375
118.34643798647448,3.833984375
118.89753100695089,3.833984375
117.94356198515743,3.833984375
123.63633199129254,3.833984375
118.4919809747953,3.833984375
118.45739599084482,3.833984375
118.02728901966475,3.833984375
118.19242901401594,3.833984375
117.65982999349944,3.833984375
118.47004998708144,3.833984375
123.39374597650021,3.833984375
118.75552497804165,3.833984375
118.1592869979795,3.833984375
117.94262999319471,3.833984375
118.36232797941193,3.833984375
117.97850800212473,3.833984375
117.89684399263933,3.833984375
123.04671600577421,3.833984375
118.45015198923647,3.833984375
119.20478797401302,3.833984375
122.54579499131069,3.833984375
120.65336600062437,3.833984375
119.69290400156751,3.833984375
120.27927400777116,3.833984375
125.93685701722279,3.833984375
120.29813902336173,3.833984375
119.14795098709874,3.833984375
119.08829901949503,3.833984375
118.79561998648569,3.833984375
119.13893499877304,3.833984375
118.67399199400097,3.833984375
123.67212801473215,3.833984375
123.19339098758064,3.833984375
120.40430901106447,3.833984375
118.69852899690159,3.833984375
119.47288198280148,3.833984375
118.51128700072877,3.833984375
119.32026498834603,3.833984375
123.93254702328704,3.833984375
119.28674200316891,3.833984375
118.19892100174911,3.833984375
118.12391999410465,3.833984375
118.8888660108205,3.833984375
118.50125799537636,3.833984375
118.12021301011555,3.833984375
123.70624300092459,3.833984375
118.33069898420945,3.833984375
118.40406601550058,3.833984375
118.49197099218145,3.833984375
118.37480100803077,3.833984375
118.23443800676614,3.833984375
118.6852130049374,3.833984375
124.28223399911076,3.833984375
118.4555130021181,3.833984375
117.99952702131122,3.833984375
118.62814699998125,3.833984375
118.40406601550058,3.833984375
118.17575801978819,3.833984375
117.79357100022025,3.833984375
123.28953100950457,3.833984375
118.89488701126538,3.833984375
119.07918300130405,3.833984375
118.13426000298932,3.833984375
118.68945098831318,3.833984375
118.71021101251245,3.833984375
119.96630698558874,3.833984375
145.59294198988937,3.833984375
120.50973597797565,3.833984375
119.89087500842288,3.833984375
119.41950101754628,3.833984375
119.59753499832004,3.833984375
119.56924200057983,3.833984375
118.79759398289025,3.833984375
125.50374498823658,3.833984375
118.73687998740934,3.833984375
119.09598400234245,3.833984375
118.27719799475744,3.833984375
118.43181800213642,3.833984375
133.7959810043685,3.833984375
119.1112820233684,3.833984375
118.60613501630723,3.833984375
118.49748200620525,3.833984375
118.58988500898704,3.833984375
121.97740000556223,3.833984375
118.96277399500832,3.833984375
118.92506401636638,3.833984375
120.37647599936463,3.833984375
118.39316500118002,3.833984375
121.58132699551061,3.833984375
120.04132798756473,3.833984375
117.71105602383614,3.833984375
118.5749460128136,3.833984375
118.51782002486289,3.833984375
122.49714398058131,3.833984375
119.10214598174207,3.833984375
118.66157900658436,3.833984375
121.46847500116564,3.833984375
122.8301789960824,3.833984375
119.03966800309718,3.833984375
118.52022400125861,3.833984375
118.04518298595212,3.833984375
118.57754099764861,3.833984375
128.8504029798787,3.833984375
119.43956898176111,3.833984375
118.60738700488582,3.833984375
118.58777998713776,3.833984375
118.55075199855492,3.833984375
122.41757599986158,3.833984375
118.81157002062537,3.833984375
118.69000300066546,3.833984375
118.83525500888936,3.833984375
118.55029102298431,3.833984375
121.82031499105506,3.833984375
119.42241599899717,3.833984375
118.25701998895966,3.833984375
118.16020801779814,3.833984375
118.61458100611344,3.833984375
119.27347700111568,3.833984375
118.01982502220199,3.833984375
118.42348199570552,3.833984375
118.03083500126377,3.833984375
117.99674201756716,3.833984375
125.25752300280146,3.833984375
118.83756899624132,3.833984375
118.32633000449277,3.833984375
118.19645599462092,3.833984375
117.6801580004394,3.833984375
118.32901500747539,3.833984375
118.29392000799999,3.833984375
123.01880397717468,3.833984375
118.66794101661071,3.833984375
118.77479098620825,3.833984375
117.87792900577188,3.833984375
118.24174199136905,3.833984375
118.05733499932103,3.833984375
117.99706201418303,3.833984375
123.05892899166793,3.833984375
118.95352700958028,3.833984375
118.38638200424612,3.833984375
117.98439899575897,3.833984375
118.08261199621484,3.833984375
118.11403199681081,3.833984375
118.07033899822272,3.833984375
122.99011999857612,3.833984375
118.77036301302724,3.833984375
118.94531198777258,3.833984375
118.42409300152212,3.833984375
118.49121897830628,3.833984375
117.96144599793479,3.833984375
118.05995102622546,3.833984375
123.5513020073995,3.833984375
119.73439197754487,3.833984375
118.93401000997983,3.833984375
118.52374102454633,3.833984375
119.44489800953306,3.833984375
133.44981201225892,3.833984375
121.11577298492193,3.833984375
139.95268099824898,3.833984375
119.34688501060009,3.833984375
118.37740600458346,3.833984375
120.23291600053199,3.833984375
118.70651299250312,3.833984375
118.81145101506263,3.833984375
118.84087600628845,3.833984375
123.8197349885013,3.833984375
118.54877698351629,3.833984375
118.31337597686797,3.833984375
118.55553099303506,3.833984375
118.37755600572564,3.833984375
119.81598500278778,3.833984375
122.97892800415866,3.833984375
118.50189999677241,3.833984375
118.64095000782982,3.833984375
118.28692597919144,3.833984375
118.04207699606195,3.833984375
118.20167599944398,3.833984375
118.23227399145253,3.833984375
124.05092900735326,3.833984375
118.03809899720363,3.833984375
118.23997800820507,3.833984375
118.00901501555927,3.833984375
118.45819698646665,3.833984375
117.72127501899377,3.833984375
118.16985701443627,3.833984375
122.74074202287011,3.833984375
118.17643899121322,3.833984375
118.03229799261317,3.833984375
118.01465498865582,3.833984375
118.13213600544259,3.833984375
117.66814498696476,3.833984375
117.95366098522209,3.833984375
123.39441801304929,3.833984375
118.53315800544806,3.833984375
118.58743001357652,3.833984375
117.81843801145442,3.833984375
117.50769399804994,3.833984375
117.2262970067095,3.833984375
117.92343397974037,3.833984375
122.53852299181744,3.833984375
117.77852298109792,3.833984375
117.82868701266125,3.833984375
117.51877501956187,3.833984375
117.70627700025216,3.833984375
117.40184598602355,3.833984375
122.16699501732364,3.833984375
118.46937902737409,3.833984375
117.73656401783228,3.833984375
118.17071799305268,3.833984375
117.87267899489962,3.833984375
121.6661749931518,3.833984375
118.19422300322913,3.833984375
118.18474499159493,3.833984375
118.20460198214278,3.833984375
118.04734598263167,3.833984375
121.50975200347602,3.833984375
118.91399198793806,3.833984375
117.98579100286588,3.833984375
118.49837301997468,3.833984375
117.75226300233044,3.833984375
121.92222598241642,3.833984375
122.29691899847239,3.833984375
118.75135701848194,3.833984375
118.84564399952069,3.833984375
118.71727398829535,3.833984375
118.55480898520909,3.833984375
118.74816101044416,3.833984375
118.94996001501568,3.833984375
119.55816100817174,3.833984375
126.92445001448505,3.833984375
119.08901098649949,3.833984375
118.63355597597547,3.833984375
119.0529029991012,3.833984375
119.1092990047764,3.833984375
133.20037399535067,3.833984375
119.48545501218177,3.833984375
118.75754897482693,3.833984375
118.51061601191759,3.833984375
118.00136000965722,3.833984375
121.40708000515588,3.833984375
118.72990700067021,3.833984375
118.15171301714145,3.833984375
118.38948898366652,3.833984375
117.46617697644979,3.833984375
118.1659490102902,3.833984375
120.36312199779786,3.833984375
120.9449720045086,3.833984375
119.34021202614531,3.833984375
126.43669499084353,3.833984375
119.22695001703687,3.833984375
119.85788401216269,3.833984375
118.62976898555644,3.833984375
119.09693598863669,3.833984375
117.9935960099101,3.833984375
118.52478299988434,3.833984375
124.07687798258848,3.833984375
118.79751400556415,3.833984375
118.65306299296208,3.833984375
118.73489699792117,3.833984375
118.24751200038008,3.833984375
118.66688900045119,3.833984375
118.76721700537018,3.833984375
124.41456198575906,3.833984375
119.058693991974,3.833984375
119.16019400814548,3.833984375
118.33917401963845,3.833984375
121.12908897688612,3.833984375
118.59084700699896,3.833984375
118.79194300854579,3.833984375
123.08826300431974,3.833984375
119.22995501663536,3.833984375
118.67781900218688,3.833984375
118.72644099639729,3.833984375
119.02961999294348,3.833984375
118.30472899600863,3.833984375
122.96091500320472,3.833984375
118.76430199481547,3.833984375
118.33908400149085,3.833984375
118.33764202310704,3.833984375
118.78634299500845,3.833984375
120.1980320038274,3.833984375
118.26770001789555,3.833984375
124.03452899889089,3.833984375
118.86645399499685,3.833984375
118.86852700263262,3.833984375
118.66619798820466,3.833984375
119.70792198553681,3.833984375
118.51108600967564,3.833984375
119.1416899964679,3.833984375
123.92763799289241,3.833984375
118.75586598762311,3.833984375
118.18064702674747,3.833984375
117.50825599301606,3.833984375
117.32794699491933,3.833984375
118.00601897994056,3.833984375
117.61914400267415,3.833984375
123.19173797732219,3.833984375
118.44080500304699,3.833984375
118.31325601087883,3.833984375
118.11882100300863,3.833984375
118.15540899988264,3.833984375
118.05397900752723,3.833984375
118.21222599246539,3.833984375
123.53811800130643,3.833984375
118.61973002669401,3.833984375
117.9676569881849,3.833984375
117.5433819880709,3.833984375
118.48507798276842,3.833984375
117.986873985501,3.833984375
117.75620101252571,3.833984375
124.73787800990976,3.833984375
118.91834100242704,3.833984375
117.94911298784427,3.833984375
118.19239900796674,3.833984375
118.53960002190433,3.833984375
118.36848998791538,3.833984375
117.90293600643054,3.833984375
134.1422100085765,3.833984375
118.93034400418401,3.833984375
118.04071499500424,3.833984375
117.967456986662,3.833984375
118.21635399246588,3.833984375
117.85292200511321,3.833984375
118.32500799209811,3.833984375
123.12022299738601,3.833984375
118.05907799862325,3.833984375
117.9382320260629,3.833984375
117.91813501622528,3.833984375
117.80689598526806,3.833984375
121.92557199159637,3.833984375
118.78081201575696,3.833984375
118.33930399734527,3.833984375
117.87412202102132,3.833984375
117.85336301545613,3.833984375
121.80290199466981,3.833984375
118.68882999988273,3.833984375
117.92506801430136,3.833984375
117.64789800508879,3.833984375
119.44689298979938,3.833984375
121.98632600484416,3.833984375
123.40247302199714,3.833984375
119.04607099131681,3.833984375
126.26104601076804,3.833984375
120.12428298476152,3.833984375
123.93697601510212,3.833984375
120.76524499570951,3.833984375
120.31119401217438,3.833984375
119.1077159892302,3.833984375
118.82101799710654,3.833984375
119.13693099631928,3.833984375
118.72994800796732,3.833984375
118.40286399819888,3.833984375
118.66555700544268,3.833984375
117.72142502013594,3.833984375
128.51786901592277,3.833984375
118.73581900727004,3.833984375
118.72685101116076,3.833984375
118.57144001987763,3.833984375
118.58706999919377,3.833984375
122.12062798789702,3.833984375
118.8809710147325,3.833984375
118.04174599819817,3.833984375
118.43782002688386,3.833984375
118.75649698777124,3.833984375
122.15076500433497,3.833984375
118.00817301264033,3.833984375
118.24223198345862,3.833984375
117.91918601375073,3.833984375
118.3056209993083,3.833984375
119.84770497656427,3.833984375
119.76109197712503,3.833984375
119.47133799549192,3.833984375
118.40254298294894,3.833984375
129.454606998479,3.833984375
119.35639299917966,3.833984375
118.62932800431736,3.833984375
119.83285599853843,3.833984375
118.10689902631566,3.833984375
118.16881500999443,3.833984375
118.29356802627444,3.833984375
124.51195399626158,3.833984375
118.66246099816635,3.833984375
118.33359400043264,3.833984375
118.43981398851611,3.833984375
118.42723001609556,3.833984375
118.24318501749076,3.833984375
124.19648200739175,3.833984375
118.73770202510059,3.833984375
118.346969014965,3.833984375
118.02091699792072,3.833984375
118.33806298091076,3.833984375
117.92502799653448,3.833984375
134.89308999851346,3.833984375
119.06861298484728,3.833984375
118.49490599706769,3.833984375
118.0256060033571,3.833984375
118.22384799597785,3.833984375
118.66621798253618,3.833984375
118.81753100897186,3.833984375
124.92991800536402,3.833984375
118.80523900617845,3.833984375
122.01283598551527,3.833984375
117.84667099709623,3.833984375
118.15159200341441,3.833984375
118.2731399894692,3.833984375
119.02552199899219,3.833984375
126.77825600258075,3.833984375
119.48466298053972,3.833984375
119.14803201216273,3.833984375
118.97203099215403,3.833984375
118.66692997864448,3.833984375
117.97601298894733,3.833984375
118.64594998769462,3.833984375
124.23478401615284,3.833984375
119.19691399089061,3.833984375
118.49165099556558,3.833984375
118.85551302111708,3.833984375
118.29327899613418,3.833984375
118.5047350008972,3.833984375
119.09001300227828,3.833984375
128.39149200590327,3.833984375
120.4813230142463,3.833984375
119.01477200444788,3.833984375
119.49071500566788,3.833984375
118.9917589945253,3.833984375
119.24085600185208,3.833984375
118.80383599782363,3.833984375
125.11941400589421,3.833984375
118.83828998543322,3.833984375
118.79544999101199,3.833984375
120.75484602246433,3.833984375
119.72335100290366,3.833984375
120.62968098325655,3.833984375
122.35253400285728,3.833984375
129.18125398573466,3.833984375
121.20271701132879,3.833984375
120.70286899688654,3.833984375
119.82234599418007,3.833984375
118.55333598214202,3.833984375
118.68031401536427,3.833984375
118.32281399983913,3.833984375
125.2316749887541,3.833984375
120.22245698608458,3.833984375
119.72146699554287,3.833984375
118.23798401746899,3.833984375
117.5167909823358,3.833984375
118.47143198247068,3.833984375
118.17486601648852,3.833984375
124.91690399474464,3.833984375
118.40614999528043,3.833984375
118.54871799005195,3.833984375
118.56170199462213,3.833984375
117.8682210156694,3.833984375
122.32656497508287,3.833984375
118.76241798745468,3.833984375
118.6707460146863,3.833984375
118.60995201277547,3.833984375
118.34213900147006,3.833984375
123.12589399516582,3.833984375
117.92654998134822,3.833984375
117.55574500421062,3.833984375
117.85361301735975,3.833984375
118.05613301112317,3.833984375
123.4443009889219,3.833984375
119.201241992414,3.833984375
118.85785800404847,3.833984375
118.73257198021747,3.833984375
118.98618799750693,3.833984375
133.80172199686058,3.833984375
119.5981559867505,3.833984375
119.28781398455612,3.833984375
118.69734601350501,3.833984375
118.39510902063921,3.833984375
118.92888101283461,3.833984375
119.17834897758439,3.833984375
118.31068099127151,3.833984375
119.08998299622908,3.833984375
117.61378400842659,3.833984375
128.49294298212044,3.833984375
119.0039410139434,3.833984375
118.97489702096209,3.833984375
118.494977010414,3.833984375
118.83624602342024,3.833984375
122.25094300811179,3.833984375
118.87874701642431,3.833984375
118.13801701646298,3.833984375
118.33766201743856,3.833984375
118.25098897679709,3.833984375
123.2732409844175,3.833984375
119.05178101733327,3.833984375
118.89980599517003,3.833984375
118.21255699032918,3.833984375
118.73128899605945,3.833984375
118.30361699685454,3.833984375
118.01405402366072,3.833984375
118.57240198878571,3.833984375
118.68497301475145,3.833984375
117.98361700493842,3.833984375
128.61275800969452,3.833984375
119.50676501146518,3.833984375
119.04487901483662,3.833984375
118.31436801003292,3.833984375
118.20430099032819,3.833984375
118.21893902379088,3.833984375
123.14914798480459,3.833984375
118.20492299739271,3.833984375
118.72455800767057,3.833984375
117.95721799717285,3.833984375
118.0399630102329,3.833984375
118.00566897727549,3.833984375
118.57220099773258,3.833984375
123.77783699776046,3.833984375
119.11844598944299,3.833984375
118.37324799853377,3.833984375
118.24414602597244,3.833984375
117.88857899955474,3.833984375
118.13582299510017,3.833984375
117.96264801523648,3.833984375
124.3294519954361,3.833984375
118.34962401189841,3.833984375
117.72608399041928,3.833984375
118.85869898833334,3.833984375
118.62580198794603,3.833984375
119.03994900058024,3.833984375
122.84889500006102,3.833984375
127.83924699760973,3.833984375
121.01535499095917,3.833984375
120.59265200514346,3.833984375
119.30888399365358,3.833984375
120.18038798123598,3.833984375
119.32442200486548,3.833984375
125.70623497595079,3.833984375
118.95054098567925,3.833984375
118.40535898227245,3.833984375
118.24212200008333,3.833984375
117.91093097417615,3.833984375
118.15379597828723,3.833984375
117.75819500326179,3.833984375
124.58934000460431,3.833984375
118.1249619985465,3.833984375
118.13766599516384,3.833984375
117.85025699646212,3.833984375
117.74943699128926,3.833984375
118.2524019968696,3.833984375
123.07917699217796,3.833984375
118.17015701672062,3.833984375
118.06288600200787,3.833984375
117.88983101723716,3.833984375
118.48772299708799,3.833984375
118.1366539967712,3.833984375
134.28474799729884,3.833984375
118.15934701007791,3.833984375
120.5241929856129,3.833984375
122.46395199326798,3.833984375
119.54379398957826,3.833984375
119.77831402327865,3.833984375
118.91442400519736,3.833984375
126.8014190136455,3.833984375
118.73058797209524,3.833984375
117.97151400242001,3.833984375
118.07840500841849,3.833984375
117.97491100151092,3.833984375
118.15897599444725,3.833984375
117.96080498606898,3.833984375
124.61580900708213,3.833984375
118.02105800597928,3.833984375
118.00711101386696,3.833984375
118.17177099874243,3.833984375
118.13799600349739,3.833984375
117.31496301945299,3.833984375
118.36491202120669,3.833984375
124.77830500574782,3.833984375
118.89331397833303,3.833984375
117.79395100893453,3.833984375
118.07867599418387,3.833984375
118.04375998326577,3.833984375
118.54771600337699,3.833984375
122.94569599907845,3.833984375
118.78858698764816,3.833984375
118.07464799494483,3.833984375
118.06925799464807,3.833984375
117.65568199916743,3.833984375
121.9307630090043,3.833984375
117.80139498296194,3.833984375
118.28423099359497,3.833984375
117.83800402190536,3.833984375
118.44439199194312,3.833984375
122.13312200037763,3.833984375
118.99804999120533,3.833984375
121.05366599280387,3.833984375
119.29322400828823,3.833984375
118.5960260045249,3.833984375
123.83489398052916,3.833984375
118.80084100994281,3.833984375
118.07456801761873,3.833984375
117.84547800198197,3.833984375
118.91307099722326,3.833984375
125.63998100813478,3.833984375
121.52794699068181,3.833984375
119.30715999915265,3.833984375
118.47735301125795,3.833984375
118.26925299828872,3.833984375
118.79988899454474,3.833984375
118.25863298145123,3.833984375
124.46798200835474,3.833984375
119.35675301356241,3.833984375
119.9718470161315,3.833984375
118.86425901320763,3.833984375
119.09820800065063,3.833984375
122.57279598270543,3.833984375
119.5346669992432,3.833984375
118.37382899830118,3.833984375
118.94285699236207,3.833984375
119.21900499146432,3.833984375
123.05428000399843,3.833984375
119.1043900034856,3.833984375
120.38635500357486,3.833984375
117.8223250026349,3.833984375
124.13808298879303,3.833984375
118.97477699676529,3.833984375
119.22631799825467,3.833984375
118.87587100500241,3.833984375
139.01712599908933,3.833984375
118.76149702584371,3.833984375
118.7721070018597,3.833984375
118.09112899936736,3.833984375
118.31690298276953,3.833984375
117.79224898782559,3.833984375
137.92970700887963,3.833984375
118.5119480069261,3.833984375
117.85749101545662,3.833984375
119.53302400070243,3.833984375
118.76495301839896,3.833984375
118.34636799176224,3.833984375
118.75771899940446,3.833984375
123.98401400423609,3.833984375
119.15323199355043,3.833984375
118.38063201867044,3.833984375
118.27625602018088,3.833984375
118.0126620165538,3.833984375
118.18294099066406,3.833984375
118.02766000619158,3.833984375
124.38732999726199,3.833984375
118.9195729966741,3.833984375
118.45773700042628,3.833984375
118.56734202592634,3.833984375
117.96221701661125,3.833984375
118.2920660066884,3.833984375
118.0764909950085,3.833984375
123.46798600628972,3.833984375
118.96789399906993,3.833984375
118.73496600310318,3.833984375
119.23608698998578,3.833984375
118.2977560092695,3.833984375
118.06565098231658,3.833984375
123.58781098737381,3.833984375
119.3511729943566,3.833984375
118.29524199129082,3.833984375
118.89460598467849,3.833984375
118.3739390107803,3.833984375
118.12873999588192,3.833984375
118.48593899048865,3.833984375
125.91948499903083,3.833984375
119.3588370224461,3.833984375
119.29295398294926,3.833984375
118.8088950002566,3.833984375
119.28111201268621,3.833984375
120.64720399212092,3.833984375
119.82711500604637,3.833984375
123.88489799923263,3.833984375
119.07590599730611,3.833984375
118.49575801170431,3.833984375
118.27129701850936,3.833984375
118.87727401335724,3.833984375
118.93517299904488,3.833984375
118.39034000877291,3.833984375
124.79525597882457,3.833984375
118.86037199292332,3.833984375
118.68120598956011,3.833984375
119.47888199938461,3.833984375
118.86973900254816,3.833984375
118.83304099319503,3.833984375
123.36422101361677,3.833984375
119.21325500588864,3.833984375
119.10649400670081,3.833984375
118.48977699992247,3.833984375
118.52446201373823,3.833984375
118.73455598833971,3.833984375
118.75210801372305,3.833984375
124.70829198719002,3.833984375
119.12635099724866,3.833984375
118.27379200258292,3.833984375
118.99632701533847,3.833984375
117.71286898874678,3.833984375
118.6077979800757,3.833984375
117.98309598816559,3.833984375
124.57256799098104,3.833984375
119.14078801055439,3.833984375
119.23042600392364,3.833984375
118.4743880003225,3.833984375
118.32828397746198,3.833984375
118.14279601094313,3.833984375
135.59697000891902,3.833984375
121.40685002668761,3.833984375
122.72237701108679,3.833984375
118.4322889894247,3.833984375
127.60151998372748,3.833984375
127.25207500625402,3.833984375
121.78680198849179,3.833984375
118.4856990003027,3.833984375
118.44209799892269,3.833984375
117.72875898168422,3.833984375
122.95092598651536,3.833984375
118.77126499894075,3.833984375
117.92170099215582,3.833984375
118.09436499606818,3.833984375
118.61244699684903,3.833984375
122.10331598180346,3.833984375
118.75010500079952,3.833984375
118.7322519836016,3.833984375
118.94451998523436,3.833984375
118.1334680004511,3.833984375
125.08637199061923,3.833984375
119.44242400932126,3.833984375
120.41868502274156,3.833984375
119.06651899334975,3.833984375
118.83628700161353,3.833984375
118.27987298602238,3.833984375
118.63979799090885,3.833984375
126.39122997643426,3.833984375
118.86044198763557,3.833984375
118.58268099604174,3.833984375
118.6120760103222,3.833984375
117.35177200171165,3.833984375
123.47320598200895,3.833984375
118.45734599046409,3.833984375
117.93531599687412,3.833984375
118.04232798749581,3.833984375
118.26932299300097,3.833984375
122.2030830103904,3.833984375
118.28626500209793,3.833984375
119.4176479766611,3.833984375
120.14777699369006,3.833984375
119.1433829953894,3.833984375
120.08189398329705,3.833984375
118.96429699845612,3.833984375
118.20949101820588,3.833984375
125.68185001146048,3.833984375
118.94660402322188,3.833984375
117.91768399416469,3.833984375
119.17840901878662,3.833984375
117.77672899188474,3.833984375
118.4209669881966,3.833984375
117.41034197621047,3.833984375
125.79652399290353,3.833984375
118.48597001517192,3.833984375
118.79857600433752,3.833984375
117.92965600034222,3.833984375
118.0468559905421,3.833984375
117.46565499925055,3.833984375
118.2776789937634,3.833984375
124.29409602191299,3.833984375
119.06372298835777,3.833984375
118.20181700750254,3.833984375
118.52429099963047,3.833984375
118.82447500829585,3.833984375
117.81649402109906,3.833984375
117.60299300658517,3.833984375
127.91256300988607,3.833984375
118.77629399532452,3.833984375
118.25927399331704,3.833984375
117.80777800595388,3.833984375
119.34604300768115,3.833984375
118.22457899688743,3.833984375
118.16720201750286,3.833984375
137.45848200051114,3.833984375
118.7014140014071,3.833984375
118.42460400657728,3.833984375
118.18405301892199,3.833984375
117.98641199129634,3.833984375
117.83390599885024,3.833984375
118.05258700042032,3.833984375
124.64696800452657,3.833984375
117.95090598752722,3.833984375
118.0061699997168,3.833984375
118.01609801477753,3.833984375
117.79378101346083,3.833984375
117.7733030053787,3.833984375
118.01635898882523,3.833984375
124.29142100154422,3.833984375
118.66642799577676,3.833984375
118.24209199403413,3.833984375
117.94672801624984,3.833984375
118.0334709933959,3.833984375
122.66090197954327,3.833984375
125.06693598697893,3.833984375
128.80759299150668,3.833984375
123.16421599825844,3.833984375
128.90599798993208,3.833984375
118.5287400148809,3.833984375
120.66851402050816,3.833984375
119.01098399539478,3.833984375
120.39487101719715,3.833984375
127.31562397675589,3.833984375
119.05547801870853,3.833984375
118.48667098092847,3.833984375
118.57675001374446,3.833984375
118.18915299954824,3.833984375
118.85356000857428,3.833984375
122.3394189728424,3.833984375
118.92075499054044,3.833984375
117.74161300854757,3.833984375
117.74216400226578,3.833984375
117.79231898253784,3.833984375
118.17833199165761,3.833984375
117.2607209882699,3.833984375
123.81974601885304,3.833984375
119.01699600275606,3.833984375
121.56086802133359,3.833984375
119.74399999598972,3.833984375
119.85498797730543,3.833984375
118.48502798238769,3.833984375
117.77649898431264,3.833984375
126.30051898304373,3.833984375
118.65798200597055,3.833984375
118.69912000838667,3.833984375
119.3203050061129,3.833984375
118.08400601148605,3.833984375
118.03257997962646,3.833984375
124.60589100373909,3.833984375
118.9429159858264,3.833984375
117.78465399402194,3.833984375
117.96247801976278,3.833984375
117.91839500074275,3.833984375
122.81593200168572,3.833984375
118.3807130146306,3.833984375
118.17763198632747,3.833984375
119.91017099353485,3.833984375
119.78668998926878,3.833984375
125.92134802252986,3.833984375
119.19807500089519,3.833984375
118.21442999644205,3.833984375
118.36307897465304,3.833984375
118.98749999818392,3.833984375
128.12619400210679,3.833984375
119.11109302309342,3.833984375
118.74262100900523,3.833984375
118.46521098050289,3.833984375
118.80025902064517,3.833984375
118.07286500697955,3.833984375
117.93972499435768,3.833984375
118.93319900264032,3.833984375
119.46237098891288,3.833984375
140.60735900420696,3.833984375
119.41712701809593,3.833984375
118.13647401868366,3.833984375
118.28347001574002,3.833984375
118.32110999966972,3.833984375
122.78820099891163,3.833984375
119.13045900291763,3.833984375
118.81756098591723,3.833984375
118.31292501301505,3.833984375
118.57206097920425,3.833984375
122.78980400878936,3.833984375
119.45879500126466,3.833984375
117.65012200339697,3.833984375
118.400900013512,3.833984375
117.83779299003072,3.833984375
118.29424000461586,3.833984375
118.0157579947263,3.833984375
117.86318098893389,3.833984375
117.75778298033401,3.833984375
118.62126298365183,3.833984375
127.92568799341097,3.833984375
119.46816300041974,3.833984375
118.39433800196275,3.833984375
117.97337798634544,3.833984375
117.63502398389392,3.833984375
117.91707199881785,3.833984375
118.64422698272392,3.833984375
124.9267230159603,3.833984375
119.19915798353031,3.833984375
118.52343002101406,3.833984375
118.35697802598588,3.833984375
118.78838701522909,3.833984375
119.28401599288918,3.833984375
122.88782699033618,3.833984375
127.31213797815144,3.833984375
119.19449901324697,3.833984375
118.98455501068383,3.833984375
118.20136601454578,3.833984375
117.83888598438352,3.833984375
118.9243420085404,3.833984375
118.44963202020153,3.833984375
126.90884098992683,3.833984375
118.72107101953588,3.833984375
118.66944399662316,3.833984375
118.38117300067097,3.833984375
118.7012440059334,3.833984375
118.38979899766855,3.833984375
125.37500401958823,3.833984375
119.00920100742951,3.833984375
118.96409600740299,3.833984375
118.92684700433165,3.833984375
118.89092999626882,3.833984375
118.54136301553808,3.833984375
118.13188600353897,3.833984375
125.24711401783861,3.833984375
118.72592000872828,3.833984375
118.40244301129133,3.833984375
120.17923599341884,3.833984375
119.8163749941159,3.833984375
118.57697000959888,3.833984375
118.30522000673227,3.833984375
126.94576100329868,3.833984375
119.34068298432976,3.833984375
119.07150800107047,3.833984375
118.27119599911384,3.833984375
118.83134799427353,3.833984375
118.30301699228585,3.833984375
118.44718700740486,3.833984375
123.83417200180702,3.833984375
119.3229400087148,3.833984375
117.96790699008852,3.833984375
118.0319479899481,3.833984375
119.87324198707938,3.833984375
118.12535300850868,3.833984375
118.00875500193797,3.833984375
124.60672200541012,3.833984375
118.97033799323253,3.833984375
118.800630007172,3.833984375
118.13236601301469,3.833984375
118.11960200429894,3.833984375
117.9190459952224,3.833984375
118.37566300528124,3.833984375
135.65947700408287,3.833984375
119.3874099990353,3.833984375
118.27286999323405,3.833984375
117.71629599388689,3.833984375
118.28842901741154,3.833984375
118.05998100317083,3.833984375
123.53162502404302,3.833984375
118.29903902253136,3.833984375
117.72517298231833,3.833984375
117.7097029867582,3.833984375
118.30913799349219,3.833984375
118.14782497822307,3.833984375
118.41456600814126,3.833984375
123.68643598165363,3.833984375
118.50320198573172,3.833984375
118.19555499823764,3.833984375
117.44167999131605,3.833984375
118.48628000007011,3.833984375
117.87900098715909,3.833984375
123.34571700193919,3.833984375
118.33487599506043,3.833984375
117.97487101284787,3.833984375
117.59701199480332,3.833984375
117.92796300142072,3.833984375
122.11293401196599,3.833984375
118.90983500052243,3.833984375
118.27511401497759,3.833984375
118.43141799909063,3.833984375
118.31662198528647,3.833984375
122.53214998054318,3.833984375
118.6249700258486,3.833984375
118.0511329730507,3.833984375
117.84796300344169,3.833984375
118.56263401568867,3.833984375
121.64249099441804,3.833984375
118.06247499771416,3.833984375
117.78473400045186,3.833984375
117.9135860002134,3.833984375
117.64416098594666,3.833984375
118.32927601062693,3.833984375
118.15071001183242,3.833984375
117.97232599928975,3.833984375
117.4261019914411,3.833984375
126.46351600415073,3.833984375
119.26619298174046,3.833984375
118.48053900757805,3.833984375
117.97116399975494,3.833984375
117.89489100920036,3.833984375
122.88285800605081,3.833984375
118.81016701227054,3.833984375
118.3913120185025,3.833984375
117.95053500100039,3.833984375
117.86813999060541,3.833984375
122.58515998837538,3.833984375
118.47485898761079,3.833984375
118.5037329851184,3.833984375
120.1453720277641,3.833984375
118.54936799500138,3.833984375
118.03166798199527,3.833984375
118.64302502362989,3.833984375
118.61057401983999,3.833984375
118.6343580193352,3.833984375
125.97774399910122,3.833984375
118.6315729864873,3.833984375
119.2003299947828,3.833984375
118.43249999219552,3.833984375
118.52208699565381,3.833984375
117.75053999735974,3.833984375
118.19845001446083,3.833984375
123.90418502036482,3.833984375
119.25981100648642,3.833984375
118.42213000636548,3.833984375
117.86818000837229,3.833984375
118.12712700339034,3.833984375
117.718690977199,3.833984375
118.25368402060121,3.833984375
136.67521200841293,3.833984375
119.7979410062544,3.833984375
118.03799998597242,3.833984375
118.83380200015381,3.833984375
118.78764498396777,3.833984375
118.37268699309789,3.833984375
118.5843940183986,3.833984375
123.75663701095618,3.833984375
119.09016297431663,3.833984375
119.19352700351737,3.833984375
118.44289899454452,3.833984375
118.71676199370995,3.833984375
118.12076400383376,3.833984375
119.13419599295594,3.833984375
124.14345299475826,3.833984375
119.02423898573034,3.833984375
119.12502901395783,3.833984375
119.08258800394833,3.833984375
118.42683801660314,3.833984375
118.61510199378245,3.833984375
118.18319099256769,3.833984375
124.81033397489227,3.833984375
118.98146898602135,3.833984375
118.55030999868177,3.833984375
118.90991500695236,3.833984375
118.58505601412617,3.833984375
118.3017440198455,3.833984375
118.91324198222719,3.833984375
123.61449099262245,3.833984375
119.57844998687506,3.833984375
119.04949598829262,3.833984375
119.0350390097592,3.833984375
118.4565840230789,3.833984375
118.75509400852025,3.833984375
124.2200970009435,3.833984375
118.73916399781592,3.833984375
118.66132798604667,3.833984375
118.65364402183332,3.833984375
118.56755299959332,3.833984375
118.23674201150425,3.833984375
117.94261998147704,3.833984375
123.80992699763738,3.833984375
119.07348100794479,3.833984375
119.58332799258642,3.833984375
119.12401701556519,3.833984375
118.4303549816832,3.833984375
118.36334998952225,3.833984375
118.41875300160609,3.833984375
123.57410497497767,3.833984375
118.81765199359506,3.833984375
117.81509101274423,3.833984375
117.84013800206594,3.833984375
118.21370897814631,3.833984375
117.93563701212406,3.833984375
118.23191301664338,3.833984375
123.6624299781397,3.833984375
118.74661801266484,3.833984375
117.85667898948304,3.833984375
117.77398301637731,3.833984375
119.60485900635831,3.833984375
117.8651450027246,3.833984375
118.0613030155655,3.833984375
127.2297429968603,3.833984375
120.4407969780732,3.833984375
118.10902299475856,3.833984375
118.36407097871415,3.833984375
117.57750599645078,3.833984375
118.63363700103946,3.833984375
123.21514199720696,3.833984375
118.43605598551221,3.833984375
118.55131198535673,3.833984375
118.00574799417518,3.833984375
118.1200229912065,3.833984375
122.81562201678753,3.833984375
119.25702600274235,3.833984375
118.93448099726811,3.833984375
118.19867099984549,3.833984375
118.46995900850743,3.833984375
134.78689998737536,3.833984375
120.51376400631852,3.833984375
119.04200300341472,3.833984375
119.1621580219362,3.833984375
118.95545999868773,3.833984375
173.4746290021576,3.833984375
118.97848299122415,3.833984375
118.97698100074194,3.833984375
124.0672400163021,3.833984375
119.2755100200884,3.833984375
118.85855899890885,3.833984375
118.97161000524648,3.833984375
118.87618197943084,3.833984375
119.27422799635679,3.833984375
122.67082999460399,3.833984375
118.3644309930969,3.833984375
118.6541450151708,3.833984375
118.47993798437528,3.833984375
118.27097702189349,3.833984375
121.09126697760075,3.833984375
118.73748200014234,3.833984375
118.61669502104633,3.833984375
118.02247999003157,3.833984375
118.20683599216864,3.833984375
121.11508200177923,3.833984375
119.10513101611286,3.833984375
119.15333199431188,3.833984375
118.73865401139483,3.833984375
118.35412302752957,3.833984375
118.4856990003027,3.833984375
117.7581240190193,3.833984375
118.36050500278361,3.833984375
122.98594100866467,3.833984375
118.40636099805124,3.833984375
119.98787699849345,3.833984375
118.0207270081155,3.833984375
117.26802500197664,3.833984375
117.90830601239577,3.833984375
120.91084898565896,3.833984375
118.45733600785024,3.833984375
117.57162399590015,3.833984375
118.32558800233528,3.833984375
119.03695299406536,3.833984375
118.36890000267886,3.833984375
121.4412139961496,3.833984375
117.83461799495853,3.833984375
117.9395749932155,3.833984375
117.98903701128438,3.833984375
118.28498297836632,3.833984375
122.0290070050396,3.833984375
121.84555199928582,3.833984375
118.48878499586135,3.833984375
117.891394009348,3.833984375
118.05374899995513,3.833984375
118.14261600375175,3.833984375
118.20854898542166,3.833984375
122.70376199739985,3.833984375
120.28397299582139,3.833984375
118.16319398349151,3.833984375
118.423182022525,3.833984375
117.8229360084515,3.833984375
121.20526100625284,3.833984375
117.96454197610728,3.833984375
118.22685299557634,3.833984375
117.67048999899998,3.833984375
118.29748598393053,3.833984375
118.10989497462288,3.833984375
121.91325900494121,3.833984375
118.54263598797843,3.833984375
118.73098000069149,3.833984375
118.08735199156217,3.833984375
120.12026598677039,3.833984375
137.7949629968498,3.833984375
120.12979298015125,3.833984375
117.92673097806983,3.833984375
123.15954800578766,3.833984375
118.17805201280862,3.833984375
117.963980010245,3.833984375
122.67221297952347,3.833984375
118.76638597459532,3.833984375
118.07014001533389,3.833984375
118.88104098034091,3.833984375
118.31684299977496,3.833984375
118.7344350037165,3.833984375
121.77662301110104,3.833984375
119.39149801037274,3.833984375
118.50594700081274,3.833984375
118.74181998427957,3.833984375
118.2024680019822,3.833984375
118.2753749890253,3.833984375
121.4417539886199,3.833984375
119.40897098975256,3.833984375
118.48991698934697,3.833984375
118.93926002085209,3.833984375
118.04563298937865,3.833984375
118.12000299687497,3.833984375
123.05845797527581,3.833984375
118.83963298168965,3.833984375
119.26810699515045,3.833984375
118.31575000542216,3.833984375
118.3623079850804,3.833984375
117.86022601881996,3.833984375
121.69582099886611,3.833984375
118.18728901562281,3.833984375
118.14800600404851,3.833984375
118.43252999824472,3.833984375
117.91381699731573,3.833984375
117.76407598517835,3.833984375
121.32130801910535,3.833984375
118.54636299540289,3.833984375
117.82063098507933,3.833984375
118.35388100007549,3.833984375
117.7534649905283,3.833984375
118.10412400518544,3.833984375
121.60844798199832,3.833984375
119.55682799452916,3.833984375
117.88856901694089,3.833984375
118.53839800460264,3.833984375
117.9222619975917,3.833984375
121.35357898660004,3.833984375
117.83605100936256,3.833984375
118.16512802033685,3.833984375
117.7807460189797,3.833984375
118.3308589970693,3.833984375
121.39924499206245,3.833984375
118.10123801114969,3.833984375
117.80357899260707,3.833984375
118.27008399995975,3.833984375
118.12613499932922,3.833984375
121.22184201143682,3.833984375
118.7986769946292,3.833984375
118.58787000528537,3.833984375
118.86380900978111,3.833984375
118.7958309892565,3.833984375
121.47460601408966,3.833984375
118.24773301486857,3.833984375
118.68476300151087,3.833984375
118.50372300250456,3.833984375
117.94406300759874,3.833984375
118.41116900905035,3.833984375
131.13993901060894,3.833984375
118.67038600030355,3.833984375
118.02973397425376,3.833984375
118.14021097961813,3.833984375
117.86969398963265,3.833984375
121.74585502361879,3.833984375
118.15592099446803,3.833984375
118.18566601141356,3.833984375
117.9786580032669,3.833984375
118.07644201326184,3.833984375
120.64013100462034,3.833984375
118.78178498591296,3.833984375
117.90642299456522,3.833984375
118.15866598044522,3.833984375
117.9653330182191,3.833984375
118.0335610115435,3.833984375
118.26080697937869,3.833984375
117.92967602377757,3.833984375
122.71966200205497,3.833984375
118.6128480185289,3.833984375
118.67676800466143,3.833984375
119.32685697684065,3.833984375
118.49001797963865,3.833984375
119.7111289948225,3.833984375
122.31489300029352,3.833984375
118.25618901639245,3.833984375
119.28712300141342,3.833984375
126.1519209947437,3.833984375
120.29038500622846,3.833984375
118.67211901699193,3.833984375
125.54417998762801,3.833984375
118.82899299962446,3.833984375
118.58268099604174,3.833984375
118.69485201896168,3.833984375
119.39092801185325,3.833984375
118.4664329921361,3.833984375
122.52287301816978,3.833984375
118.6809649807401,3.833984375
119.09084400394931,3.833984375
119.00355000398122,3.833984375
118.62533100065775,3.833984375
118.78135398728773,3.833984375
122.9643710248638,3.833984375
118.58362299972214,3.833984375
118.39332600357011,3.833984375
119.05648998799734,3.833984375
118.66381298750639,3.833984375
118.37856797501445,3.833984375
122.8183580096811,3.833984375
118.41392400674522,3.833984375
118.01850300980732,3.833984375
118.72172201401554,3.833984375
117.87610600003973,3.833984375
118.65038800169714,3.833984375
122.84377499599941,3.833984375
118.3165019901935,3.833984375
118.19062600261532,3.833984375
118.14470001263544,3.833984375
118.37038301746361,3.833984375
118.12929998268373,3.833984375
122.45644800714217,3.833984375
118.88167200959288,3.833984375
118.37954999646172,3.833984375
118.2945700129494,3.833984375
117.94184899190441,3.833984375
118.58145802398212,3.833984375
123.0755099968519,3.833984375
119.35511999763548,3.833984375
118.08809300418943,3.833984375
118.02681899280287,3.833984375
119.23642799956724,3.833984375
120.30103500001132,3.833984375
143.14815599936992,3.833984375
119.03106298996136,3.833984375
119.30098899756558,3.833984375
119.42516200360842,3.833984375
118.64585900912061,3.833984375
118.71871602488682,3.833984375
123.37208702228963,3.833984375
121.97481500334106,3.833984375
121.79203200503252,3.833984375
119.94025800959207,3.833984375
118.88684099540114,3.833984375
119.02072199154645,3.833984375
125.81819400656968,3.833984375
117.94439400546253,3.833984375
117.43650000425987,3.833984375
117.44588799774647,3.833984375
117.64428101014346,3.833984375
118.01123898476362,3.833984375
122.85632899147458,3.833984375
117.76155102415942,3.833984375
117.47908100369386,3.833984375
118.95611198269762,3.833984375
117.92878498090431,3.833984375
118.58765099896118,3.833984375
124.48459301958792,3.833984375
117.569280002499,3.833984375
117.79893102357164,3.833984375
117.93522699736059,3.833984375
117.10508898249827,3.833984375
120.99053800920956,3.833984375
117.6290620060172,3.833984375
117.86379202385433,3.833984375
117.5390729913488,3.833984375
117.4902209895663,3.833984375
121.17086601210758,3.833984375
117.55374100175686,3.833984375
117.68624000251293,3.833984375
117.65445000492036,3.833984375
117.50146199483424,3.833984375
121.9443780137226,3.833984375
122.84947599982843,3.833984375
118.9809879870154,3.833984375
119.75014099152759,3.833984375
120.23954899632372,3.833984375
127.7162850019522,3.833984375
119.16817000019364,3.833984375
122.98604098032229,3.833984375
118.7723370094318,3.833984375
118.75669701839797,3.833984375
118.32722101826221,3.833984375
118.76380100147799,3.833984375
118.34811099106446,3.833984375
118.1797250173986,3.833984375
127.12609898881055,3.833984375
118.52175701642409,3.833984375
118.62423899583519,3.833984375
118.21461102226749,3.833984375
118.7384230142925,3.833984375
121.0364350117743,3.833984375
118.36353997932747,3.833984375
118.00011800369248,3.833984375
117.97606301843189,3.833984375
118.0978310003411,3.833984375
121.3313170010224,3.833984375
121.33639698731713,3.833984375
118.03839000640437,3.833984375
117.75419701007195,3.833984375
117.87353100953624,3.833984375
118.43652700190432,3.833984375
118.2542150199879,3.833984375
117.64936000690795,3.833984375
136.87374501023442,3.833984375
118.91279998235404,3.833984375
117.64376901555806,3.833984375
118.11926201335154,3.833984375
118.33528699935414,3.833984375
117.67387599684298,3.833984375
121.96859298273921,3.833984375
118.97505697561428,3.833984375
118.47992800176144,3.833984375
118.2594949787017,3.833984375
118.27034599264152,3.833984375
118.19856998044997,3.833984375
121.61768498481251,3.833984375
118.05131399887614,3.833984375
118.4560639958363,3.833984375
119.77216298691928,3.833984375
118.4773130225949,3.833984375
117.86547600058839,3.833984375
122.04067799029872,3.833984375
118.35322098340839,3.833984375
118.24701199657284,3.833984375
117.70471400814131,3.833984375
118.05078299948946,3.833984375
117.62628698488697,3.833984375
121.93927800399251,3.833984375
118.23140300111845,3.833984375
117.9905199969653,3.833984375
117.85606798366643,3.833984375
117.98070199438371,3.833984375
117.36933499923907,3.833984375
121.92035198677331,3.833984375
118.09694999828935,3.833984375
118.4649700007867,3.833984375
118.02767001790926,3.833984375
118.27379200258292,3.833984375
117.99403600161895,3.833984375
122.29682898032479,3.833984375
117.92781300027855,3.833984375
118.4481389936991,3.833984375
118.02218900993466,3.833984375
117.83462800667621,3.833984375
118.067784991581,3.833984375
122.39220802439377,3.833984375
118.03475298802368,3.833984375
118.01862300490029,3.833984375
117.8105020080693,3.833984375
118.33493600715883,3.833984375
117.89436000981368,3.833984375
118.09360299957916,3.833984375
122.49106401577592,3.833984375
118.76329997903667,3.833984375
118.0695380026009,3.833984375
118.31538000842556,3.833984375
117.94625699985772,3.833984375
118.40825399849564,3.833984375
121.72454499523155,3.833984375
118.32367500755936,3.833984375
117.80564300715923,3.833984375
118.01887297770008,3.833984375
118.08587901759893,3.833984375
119.20249401009642,3.833984375
124.79412398533896,3.833984375
120.56091200793162,3.833984375
118.13912901561707,3.833984375
118.72868498903699,3.833984375
118.34344200906344,3.833984375
118.74831200111657,3.833984375
123.89252198045142,3.833984375
118.73473701416515,3.833984375
117.6996240101289,3.833984375
117.78113699983805,3.833984375
118.10614701244049,3.833984375
118.02682798588648,3.833984375
133.4991240000818,3.833984375
118.3631099993363,3.833984375
117.85873299231753,3.833984375
117.77792102657259,3.833984375
117.75416601449251,3.833984375
118.0875419813674,3.833984375
121.62342498777434,3.833984375
117.9315290064551,3.833984375
118.18970399326645,3.833984375
117.93439500615932,3.833984375
117.61578801088035,3.833984375
120.77984301140532,3.833984375
117.7419839950744,3.833984375
118.0629059963394,3.833984375
117.29008602560498,3.833984375
118.26502499752678,3.833984375
121.30935600725934,3.833984375
117.83559998730198,3.833984375
118.09093799092807,3.833984375
118.35424299351871,3.833984375
117.87997299688868,3.833984375
121.60444998880848,3.833984375
117.35160098760389,3.833984375
118.41692999587394,3.833984375
117.75998800294474,3.833984375
118.5228890099097,3.833984375
121.06239300919697,3.833984375
117.89334699278697,3.833984375
117.52454598899931,3.833984375
118.26093701529317,3.833984375
117.68353500519879,3.833984375
118.32319397944957,3.833984375
117.90648300666362,3.833984375
117.9687199764885,3.833984375
118.18175899679773,3.833984375
126.13768401206471,3.833984375
118.18613699870184,3.833984375
117.81798698939383,3.833984375
117.69625800661743,3.833984375
118.17885399796069,3.833984375
120.88628302444704,3.833984375
117.93105799006298,3.833984375
118.2468909828458,3.833984375
117.57345800288022,3.833984375
117.6207970129326,3.833984375
120.85138697875664,3.833984375
118.15761399338953,3.833984375
118.14219498774037,3.833984375
117.9358469962608,3.833984375
118.10880198027007,3.833984375
117.90871698758565,3.833984375
117.64129498624243,3.833984375
118.03239901200868,3.833984375
119.13314400590025,3.833984375
127.0704840135295,3.833984375
118.16773298778571,3.833984375
118.18016599863768,3.833984375
117.83681201632135,3.833984375
118.19642601767555,3.833984375
117.94254000415094,3.833984375
122.46455400600098,3.833984375
118.21434099692851,3.833984375
117.7182600076776,3.833984375
118.39229401084594,3.833984375
121.79031802224927,3.833984375
117.90975899202749,3.833984375
122.07696700352244,3.833984375
117.91502800770104,3.833984375
117.56139498902485,3.833984375
117.74824600433931,3.833984375
117.5646310148295,3.833984375
117.97350901179016,3.833984375
132.84842402208596,3.833984375
118.00696098362096,3.833984375
117.1360669832211,3.833984375
119.52080100309104,3.833984375
118.04819799726829,3.833984375
118.33161997492425,3.833984375
122.32491100439802,3.833984375
118.50219999905676,3.833984375
117.70213901763782,3.833984375
117.71113600116223,3.833984375
117.82697401940823,3.833984375
117.7676520019304,3.833984375
122.92004801565781,3.833984375
117.78700799914077,3.833984375
117.9034470114857,3.833984375
117.25000099977478,3.833984375
117.00473100063391,3.833984375
118.0565340036992,3.833984375
122.3375250119716,3.833984375
119.06259099487215,3.833984375
118.21138401865028,3.833984375
118.39077100739814,3.833984375
118.5864980216138,3.833984375
118.59313098830171,3.833984375
122.31615500058979,3.833984375
118.74189000809565,3.833984375
118.60026398790069,3.833984375
118.68197700823657,3.833984375
116.8809589871671,3.833984375
117.41092300508171,3.833984375
120.83302202518098,3.833984375
117.53959499765188,3.833984375
116.98652600171044,3.833984375
118.01510601071641,3.833984375
117.45690897805616,3.833984375
117.73973001982085,3.833984375
123.29682498238981,3.833984375
118.24582002009265,3.833984375
118.05370799265802,3.833984375
118.3134360180702,3.833984375
117.54974297946319,3.833984375
117.61081797885709,3.833984375
121.41277099726722,3.833984375
118.5376769863069,3.833984375
118.78160401829518,3.833984375
118.61312898690812,3.833984375
118.54378797579557,3.833984375
119.0935889899265,3.833984375
123.32455700379796,3.833984375
119.16439302149229,3.833984375
118.20299900136888,3.833984375
117.96665599104017,3.833984375
117.78435399173759,3.833984375
118.1692149839364,3.833984375
121.71508799656294,3.833984375
118.52088599698618,3.833984375
118.07155201677233,3.833984375
117.84428599639796,3.833984375
118.02245999570005,3.833984375
118.41016801190563,3.833984375
118.0212780018337,3.833984375
122.84241200541146,3.833984375
118.75539500033483,3.833984375
118.18228001357056,3.833984375
118.19364098482765,3.833984375
118.00052897888236,3.833984375
121.06789299286902,3.833984375
118.2215040025767,3.833984375
117.80430097132921,3.833984375
117.90747498162091,3.833984375
118.3654939814005,3.833984375
131.86952701653354,3.833984375
118.08820298756473,3.833984375
118.33753099199384,3.833984375
117.93777102138847,3.833984375
118.62059301347472,3.833984375
121.31823299569078,3.833984375
119.00239801616408,3.833984375
117.97856699558906,3.833984375
117.93645899160765,3.833984375
117.76715100859292,3.833984375
121.47819300298579,3.833984375
119.54748100833967,3.833984375
118.79786499775946,3.833984375
118.07352601317689,3.833984375
117.92907500057481,3.833984375
118.10464397422038,3.833984375
117.94600597932003,3.833984375
117.99217297811992,3.833984375
124.04531901120208,3.833984375
119.0198109834455,3.833984375
122.17602197779343,3.833984375
120.63624398433603,3.833984375
118.51718899561092,3.833984375
122.96753699774854,3.833984375
118.7911219894886,3.833984375
117.92129999957979,3.833984375
118.11121701612137,3.833984375
118.88439700123854,3.833984375
125.43577700853348,3.833984375
122.71926199900918,3.833984375
120.284584001638,3.833984375
119.03023099876009,3.833984375
118.65155099076219,3.833984375
117.60398600017652,3.833984375
119.94707101257518,3.833984375
118.94368898356333,3.833984375
123.8454740087036,3.833984375
117.65487099182792,3.833984375
118.73053901945241,3.833984375
117.7546480030287,3.833984375
119.28958698990755,3.833984375
118.13567200442776,3.833984375
122.00443999608979,3.833984375
119.11579099250957,3.833984375
118.94552200101316,3.833984375
118.43877099454403,3.833984375
119.11191398394294,3.833984375
119.11211401456967,3.833984375
122.87738799932413,3.833984375
119.26478997338563,3.833984375
118.4307359799277,3.833984375
118.7208199989982,3.833984375
118.96499802242033,3.833984375
118.68896000669338,3.833984375
123.15674201818183,3.833984375
118.76581501564942,3.833984375
119.21933499979787,3.833984375
119.08410099567845,3.833984375
119.34299700078554,3.833984375
118.48407599609345,3.833984375
122.76076900889166,3.833984375
118.75560600310564,3.833984375
119.10549199092202,3.833984375
119.03802599408664,3.833984375
119.14549701032229,3.833984375
119.42250601714477,3.833984375
123.29291697824374,3.833984375
119.06488597742282,3.833984375
120.20894201123156,3.833984375
119.79665901162662,3.833984375
120.44254000647925,3.833984375
119.08899099216796,3.833984375
135.0583790044766,3.833984375
118.82985499687493,3.833984375
119.02990998351015,3.833984375
118.69082399061881,3.833984375
119.09844900947064,3.833984375
118.71289598639123,3.833984375
122.86172798485495,3.833984375
119.14730002172291,3.833984375
119.2925930081401,3.833984375
119.16871997527778,3.833984375
119.06747100874782,3.833984375
119.0614300139714,3.833984375
122.1302860067226,3.833984375
119.32229800731875,3.833984375
119.94273299933411,3.833984375
119.3370670080185,3.833984375
117.87875002482906,3.833984375
118.03329002577811,3.833984375
122.12893401738256,3.833984375
118.42781098675914,3.833984375
118.40040900278836,3.833984375
117.93668899917975,3.833984375
117.82722399220802,3.833984375
118.3794500248041,3.833984375
122.62317101703957,3.833984375
119.13881500368007,3.833984375
119.24260898376815,3.833984375
118.15524898702279,3.833984375
118.46811600844376,3.833984375
118.00675999256782,3.833984375
121.78364599822089,3.833984375
118.53731601149775,3.833984375
117.9525789921172,3.833984375
118.29434998799115,3.833984375
118.06240500300191,3.833984375
118.0478580063209,3.833984375
118.71338699711487,3.833984375
122.65635398216546,3.833984375
119.16765800560825,3.833984375
118.643174006138,3.833984375
118.533849978121,3.833984375
117.81098300707527,3.833984375
118.38107299990952,3.833984375
121.70200300170109,3.833984375
118.56827398878522,3.833984375
117.9757519857958,3.833984375
120.68867200287059,3.833984375
119.45594899589196,3.833984375
127.21957400208339,3.833984375
124.58656399394386,3.833984375
122.34625100973062,3.833984375
118.96395598887466,3.833984375
118.55812498833984,3.833984375
126.98584600002505,3.833984375
118.9695369976107,3.833984375
118.22325698449276,3.833984375
118.02366300253198,3.833984375
117.81275700195692,3.833984375
125.51645800704136,3.833984375
118.20332999923266,3.833984375
118.05901900515892,3.833984375
117.94470399036072,3.833984375
118.51960199419409,3.833984375
122.30822999845259,3.833984375
118.74065798474476,3.833984375
117.5906699791085,3.833984375
118.29678498907015,3.833984375
117.684516008012,3.833984375
118.64653098746203,3.833984375
117.88118499680422,3.833984375
118.03741799667478,3.833984375
137.9681380058173,3.833984375
119.20545899192803,3.833984375
118.04875897360034,3.833984375
117.88100501871668,3.833984375
117.9176929872483,3.833984375
121.60834702081047,3.833984375
118.39313598466106,3.833984375
118.11802999000065,3.833984375
117.82605198095553,3.833984375
118.3540920028463,3.833984375
122.0483829965815,3.833984375
118.07185297948308,3.833984375
117.83030998776667,3.833984375
118.7206500035245,3.833984375
117.29672801448032,3.833984375
117.47978199855424,3.833984375
117.23519299994223,3.833984375
117.86960301105864,3.833984375
117.3341179965064,3.833984375
124.73070502164774,3.833984375
118.0968800035771,3.833984375
118.3440739987418,3.833984375
117.3493769892957,3.833984375
117.85709898686036,3.833984375
117.61497598490678,3.833984375
123.24678100412712,3.833984375
118.22259600739926,3.833984375
118.0511640268378,3.833984375
117.37930297385901,3.833984375
117.74230501032434,3.833984375
117.46422300348058,3.833984375
125.17083997954614,3.833984375
118.05487098172307,3.833984375
118.4332609991543,3.833984375
120.86128501687199,3.833984375
119.15131798014045,3.833984375
118.55053101317026,3.833984375
124.52838500030339,3.833984375
118.87701298110187,3.833984375
118.64803402568214,3.833984375
118.87507897336036,3.833984375
119.29059997783042,3.833984375
118.54491999838501,3.833984375
123.77957999706268,3.833984375
119.56696701236069,3.833984375
119.35412799357437,3.833984375
119.06669900054112,3.833984375
118.70385802467354,3.833984375
118.69283800479025,3.833984375
124.43369699758478,3.833984375
124.21174201881513,3.833984375
120.63770697568543,3.833984375
123.94591301563196,3.833984375
119.70199100323953,3.833984375
118.83433299954049,3.833984375
117.70757898921147,3.833984375
124.44880598923191,3.833984375
118.56858499231748,3.833984375
122.46850100927986,3.833984375
123.1225979863666,3.833984375
122.37459400785156,3.833984375
124.8981489916332,3.833984375
129.0778499969747,3.833984375
124.92824500077404,3.833984375
122.54426299477927,3.833984375
123.01894399570301,3.833984375
121.89419299829751,3.833984375
123.43613599659875,3.833984375
132.40805797977373,3.833984375
125.19813200924546,3.833984375
123.41330299386755,3.833984375
124.44102100562304,3.833984375
125.23474998306483,3.833984375
122.65121401287615,3.833984375
146.1265939869918,3.833984375
124.41676601883955,3.833984375
123.50843200692907,3.833984375
123.84256900986657,3.833984375
123.51125699933618,3.833984375
122.99956701463088,3.833984375
130.8995469880756,3.833984375
124.26970998058096,3.833984375
122.77470499975607,3.833984375
123.51882102666423,3.833984375
123.19587499951012,3.833984375
123.0967189767398,3.833984375
129.8628129879944,3.833984375
123.68277899804525,3.833984375
122.86088700057007,3.833984375
123.07169300038368,3.833984375
122.31195799540728,3.833984375
123.0480580125004,3.833984375
129.90332799381576,3.833984375
124.2869520210661,3.833984375
121.471972001018,3.833984375
122.75606000912376,3.833984375
121.97697901865467,3.833984375
122.61824100278318,3.833984375
130.2473440009635,3.833984375
123.85805699159391,3.833984375
122.13283099117689,3.833984375
122.22396198194474,3.833984375
122.10685200989246,3.833984375
129.83449999592267,3.833984375
123.47654200857505,3.833984375
123.09922397253104,3.833984375
122.48958999407478,3.833984375
123.008975002449,3.833984375
128.9868190069683,3.833984375
125.70592400152236,3.833984375
123.180577007588,3.833984375
124.01170597877353,3.833984375
123.69991099694744,3.833984375
128.91513502108864,3.833984375
122.97575297998264,3.833984375
122.428986011073,3.833984375
122.42928700288758,3.833984375
122.49142400105484,3.833984375
122.43945602676831,3.833984375
123.2343680167105,3.833984375
122.95157701009884,3.833984375
123.17865298246033,3.833984375
122.97316797776148,3.833984375
133.99945298442617,3.833984375
124.40393099677749,3.833984375
123.09213099069893,3.833984375
122.30218900367618,3.833984375
123.03184799384326,3.833984375
128.92648699926212,3.833984375
122.31488301767968,3.833984375
121.25214899424464,3.833984375
121.25578499399126,3.833984375
122.9720750125125,3.833984375
128.55331599712372,3.833984375
121.81922298623249,3.833984375
120.96890798420645,3.833984375
119.53979701502249,3.833984375
118.94360798760317,3.833984375
118.69193601887673,3.833984375
121.18411200935952,3.833984375
127.6881730009336,3.833984375
120.72659298428334,3.833984375
118.99436399107799,3.833984375
119.88007501349784,3.833984375
120.26130000595003,3.833984375
120.202029007487,3.833984375
138.4054490190465,3.833984375
121.56747098197229,3.833984375
121.10659599420615,3.833984375
126.93136400775984,3.833984375
121.75767798908055,3.833984375
121.31956600933336,3.833984375
124.90801798412576,3.833984375
133.73310401220806,3.833984375
126.90049500088207,3.833984375
126.88480599899776,3.833984375
127.83050001598895,3.833984375
128.0190940015018,3.833984375
132.1774749958422,3.833984375
136.5301100013312,3.833984375
141.1175970279146,3.833984375
132.52389398985542,3.833984375
131.37157302116975,3.833984375
130.19556700601242,3.833984375
130.00912699499168,3.833984375
130.8395649830345,3.833984375
129.85898600891232,3.833984375
138.3409170084633,3.833984375
129.43966800230555,3.833984375
129.34280699118972,3.833984375
128.92430200008675,3.833984375
128.75870100106113,3.833984375
128.5646370088216,3.833984375
130.52030600374565,3.833984375
139.67319700168446,3.833984375
130.69772900780663,3.833984375
129.6809420164209,3.833984375
131.0685350035783,3.833984375
129.46970501798205,3.833984375
131.4175800071098,3.833984375
131.47795299300924,3.833984375
140.4430310067255,3.833984375
132.49818599433638,3.833984375
131.0290600231383,3.833984375
130.80808601807803,3.833984375
131.46377602242865,3.833984375
131.43614400178194,3.833984375
142.42450898746029,3.833984375
131.3559240079485,3.833984375
129.931070987368,3.833984375
129.9188580014743,3.833984375
129.79600700782612,3.833984375
128.73329399735667,3.833984375
130.66567899659276,3.833984375
136.09816000098363,3.833984375
127.5182339886669,3.833984375
125.8335139718838,3.833984375
126.53160298941657,3.833984375
126.37192299007438,3.833984375
126.58298999303952,3.833984375
126.86840500100516,3.833984375
136.19193600607105,3.833984375
126.6709650226403,3.833984375
126.2774869974237,3.833984375
125.78686600318179,3.833984375
127.24057299783453,3.833984375
126.62925600307062,3.833984375
127.39968200912699,3.833984375
134.09665500512347,3.833984375
127.7550479862839,3.833984375
126.61106200539507,3.833984375
127.15663597919047,3.833984375
127.12359399301931,3.833984375
128.2473619794473,3.833984375
137.09180502337404,3.833984375
129.19501998112537,3.833984375
128.21373899350874,3.833984375
129.84875601250678,3.833984375
129.4461310026236,3.833984375
138.32630999968387,3.833984375
131.38750198413618,3.833984375
130.9994149778504,3.833984375
130.4006309946999,3.833984375
130.39854800445028,3.833984375
154.11001999746077,3.833984375
130.22942098905332,3.833984375
129.81696700444445,3.833984375
129.36463800724596,3.833984375
129.80353098828346,3.833984375
138.92850000411272,3.833984375
129.932103009196,3.833984375
128.57558799441904,3.833984375
128.55659201159142,3.833984375
128.37904901243746,3.833984375
137.7603180008009,3.833984375
130.44459398952313,3.833984375
129.7814300050959,3.833984375
129.88493501325138,3.833984375
131.00048698834144,3.833984375
129.24885100801475,3.833984375
132.02092100982554,3.833984375
148.3106900122948,3.833984375
136.32834199233912,3.833984375
135.7765469874721,3.833984375
134.64797000051476,3.833984375
135.23675399483182,3.833984375
149.40590498736128,3.833984375
135.35149898962118,3.833984375
133.87670202064328,3.833984375
131.81664800504223,3.833984375
133.84036399656907,3.833984375
131.88380398787558,3.833984375
132.14246899588034,3.833984375
132.25511999917217,3.833984375
132.1851399843581,3.833984375
125.52000500727445,3.833984375
140.8638409920968,3.833984375
127.79528298415244,3.833984375
125.90353499399498,3.833984375
127.63802899280563,3.833984375
127.05109801026992,3.833984375
125.54344901582226,3.833984375
133.83808999788016,3.833984375
127.9507459839806,3.833984375
127.98786500934511,3.833984375
129.05055898590945,3.833984375
128.72693198733032,3.833984375
129.51085300301202,3.833984375
129.92563101579435,3.833984375
139.1823859885335,3.833984375
130.18400498549454,3.833984375
128.94094301736914,3.833984375
128.98365297587588,3.833984375
130.40506999823265,3.833984375
129.6781160053797,3.833984375
130.42039799620397,3.833984375
141.3330009963829,3.833984375
130.69583498872817,3.833984375
130.22385898511857,3.833984375
129.67257600394078,3.833984375
133.02379299420863,3.833984375
129.93362499400973,3.833984375
138.7855810171459,3.833984375
131.6912420152221,3.833984375
129.78433599346317,3.833984375
129.83326698304154,3.833984375
128.95899699651636,3.833984375
129.97671600896865,3.833984375
129.67678302084096,3.833984375
141.99070501490496,3.833984375
130.77969299047254,3.833984375
130.29917198582552,3.833984375
129.92247397778556,3.833984375
129.43185400217772,3.833984375
128.92786800512113,3.833984375
128.24739201460034,3.833984375
139.29188100155443,3.833984375
129.72403300227597,3.833984375
128.11348101240583,3.833984375
127.72689497796819,3.833984375
134.49169701198116,3.833984375
128.66986499284394,3.833984375
126.85870702262037,3.833984375
153.65890398970805,3.833984375
127.71710800006986,3.833984375
126.5995709982235,3.833984375
125.69255899870768,3.833984375
127.16887900023721,3.833984375
126.25105699407868,3.833984375
132.779543986544,3.833984375
125.9213580051437,3.833984375
127.49816599534824,3.833984375
126.86319497879595,3.833984375
127.31765798525885,3.833984375
125.8477609953843,3.833984375
134.95168898953125,3.833984375
128.29333799891174,3.833984375
128.02991399075836,3.833984375
128.29766600043513,3.833984375
128.04223701823503,3.833984375
128.67933299276046,3.833984375
137.5429010076914,3.833984375
130.3129970037844,3.833984375
129.96747900615446,3.833984375
128.92397100222297,3.833984375
130.3057839977555,3.833984375
129.39199901302345,3.833984375
143.1331979983952,3.833984375
131.18457200471312,3.833984375
137.9281530098524,3.833984375
136.86559000052512,3.833984375
133.2403889973648,3.833984375
139.74098401376978,3.833984375
134.73878998775035,3.833984375
135.04218999878503,3.833984375
130.6175079953391,3.833984375
130.28285099426284,3.833984375
138.26121800229885,3.833984375
131.48250200902112,3.833984375
130.47864800319076,3.833984375
129.95386301190592,3.833984375
131.75682502333075,3.833984375
135.42658000369556,3.833984375
129.27465900429524,3.833984375
128.90943401725963,3.833984375
128.36930001503788,3.833984375
128.4883639891632,3.833984375
136.76761600072496,3.833984375
130.26359499781393,3.833984375
129.03163401642814,3.833984375
128.18743000389077,3.833984375
128.037418005988,3.833984375
127.55905100493692,3.833984375
127.92226200690493,3.833984375
127.35219197929837,3.833984375
139.35200401465409,3.833984375
128.66420397767797,3.833984375
127.98798500443809,3.833984375
127.09500000346452,3.833984375
126.27130499458872,3.833984375
134.38270200276747,3.833984375
128.2853029842954,3.833984375
128.77659499645233,3.833984375
129.45147100253962,3.833984375
129.48618602240458,3.833984375
129.61461700615473,3.833984375
128.12258797930554,3.833984375
129.1472309967503,3.833984375
128.33300200873055,3.833984375
128.52259798091836,3.833984375
144.13348500966094,3.833984375
131.8641570105683,3.833984375
130.15737498062663,3.833984375
130.24613200104795,3.833984375
129.69331498607062,3.833984375
130.0884960219264,3.833984375
129.9746820004657,3.833984375
155.72171300300397,3.833984375
131.17377198068425,3.833984375
131.03997099096887,3.833984375
129.86871399334632,3.833984375
131.31816202076152,3.833984375
130.4538109980058,3.833984375
140.00367699190974,3.833984375
131.54878598288633,3.833984375
131.06470700586215,3.833984375
130.32704399665818,3.833984375
131.39657999272458,3.833984375
129.1835479787551,3.833984375
131.0365140088834,3.833984375
141.41065700096078,3.833984375
130.2098229934927,3.833984375
128.85764701059088,3.833984375
129.49034399935044,3.833984375
129.35535100405104,3.833984375
129.5444350107573,3.833984375
139.43250599550083,3.833984375
131.78044100641273,3.833984375
128.98968398803845,3.833984375
129.2003899870906,3.833984375
129.76383700151928,3.833984375
128.79898701794446,3.833984375
127.65199600835331,3.833984375
138.27954200678505,3.833984375
129.2338130006101,3.833984375
128.68435098789632,3.833984375
128.07507900288329,3.833984375
127.95052499859594,3.833984375
127.09808599902317,3.833984375
126.47441599983722,3.833984375
135.0319900084287,3.833984375
128.89953498961404,3.833984375
128.57774199801497,3.833984375
127.58927798131481,3.833984375
129.32814899249934,3.833984375
128.53360900771804,3.833984375
127.42632199660875,3.833984375
137.4315419816412,3.833984375
132.75547901866958,3.833984375
127.62090700562112,3.833984375
127.17835602234118,3.833984375
128.08669099467807,3.833984375
130.19995501963422,3.833984375
126.36742502218112,3.833984375
137.26959799532779,3.833984375
129.92369700805284,3.833984375
127.85778101533651,3.833984375
127.9277819849085,3.833984375
127.10205398616381,3.833984375
128.54083298589103,3.833984375
127.74402799550444,3.833984375
138.7525199970696,3.833984375
129.73738799337298,3.833984375
129.28121202276088,3.833984375
127.9818540206179,3.833984375
128.41659900732338,3.833984375
128.13308800105006,3.833984375
127.97638398478739,3.833984375
140.21579499240033,3.833984375
130.08937798440456,3.833984375
129.41449199570343,3.833984375
129.50731499586254,3.833984375
129.74609399680048,3.833984375
129.09651501104236,3.833984375
138.3146079897415,3.833984375
130.11901298887096,3.833984375
128.5996529913973,3.833984375
129.17493199347518,3.833984375
129.2730059940368,3.833984375
137.151595990872,3.833984375
129.74267700337805,3.833984375
128.67035600356758,3.833984375
127.49036200693808,3.833984375
127.98239500261843,3.833984375
152.7032410085667,3.833984375
129.4316640123725,3.833984375
128.61656400491484,3.833984375
128.07412701658905,3.833984375
127.75340501684695,3.833984375
134.40512400120497,3.833984375
127.62817100156099,3.833984375
126.63886399241164,3.833984375
127.23372998880222,3.833984375
126.38173199957237,3.833984375
132.98452901653945,3.833984375
127.70349200582132,3.833984375
126.88922398956493,3.833984375
128.1116179889068,3.833984375
128.49281300441362,3.833984375
126.46849500015378,3.833984375
134.49890998890623,3.833984375
128.73995598056354,3.833984375
127.23348999861628,3.833984375
129.0906439826358,3.833984375
127.75289500132203,3.833984375
135.49419699120335,3.833984375
128.103671973804,3.833984375
127.97214501188137,3.833984375
127.84665101207793,3.833984375
128.3243960060645,3.833984375
127.46721899020486,3.833984375
128.29339801101014,3.833984375
127.59640099829994,3.833984375
129.22379400697537,3.833984375
128.38781598838978,3.833984375
128.0963979952503,3.833984375
145.51448498968966,3.833984375
130.45204800437205,3.833984375
129.36726299813017,3.833984375
130.0104999972973,3.833984375
128.74065799405798,3.833984375
129.49064502026886,3.833984375
140.3102219919674,3.833984375
130.47974999062717,3.833984375
129.14379299036227,3.833984375
129.34497199603356,3.833984375
130.96569199115038,3.833984375
130.91527699725702,3.833984375
142.8494149877224,3.833984375
132.0647039974574,3.833984375
131.69796598958783,3.833984375
130.15917799202725,3.833984375
130.58276299852878,3.833984375
136.52707400615327,3.833984375
129.31350199505687,3.833984375
143.1461220199708,3.833984375
129.30854299338534,3.833984375
128.54888799483888,3.833984375
128.6141000164207,3.833984375
127.90761500946246,3.833984375
127.02342600096017,3.833984375
135.58922498486936,3.833984375
128.39500900008716,3.833984375
128.0465459858533,3.833984375
126.87495700083673,3.833984375
127.32509200577624,3.833984375
126.67457200586796,3.833984375
126.93027101340704,3.833984375
135.19642798928544,3.833984375
126.8805880099535,3.833984375
125.55791699560359,3.833984375
125.84566598525271,3.833984375
124.55582700204104,3.833984375
126.29935800214298,3.833984375
126.00107799516991,3.833984375
134.05344501370564,3.833984375
125.56829600362107,3.833984375
126.74450199119747,3.833984375
127.90471999323927,3.833984375
129.54580801306292,3.833984375
127.47061499976553,3.833984375
167.60808302205987,3.833984375
156.82551401550882,3.833984375
129.88373098778538,3.833984375
128.5373060090933,3.833984375
128.57995598460548,3.833984375
128.2140389957931,3.833984375
128.88205298804678,3.833984375
130.13365099322982,3.833984375
140.25277399923652,3.833984375
129.22241099295206,3.833984375
128.00169101683423,3.833984375
127.72166600916535,3.833984375
127.9936860082671,3.833984375
128.22042100015096,3.833984375
128.74022597679868,3.833984375
139.43789602490142,3.833984375
130.12537601753138,3.833984375
128.11857101041824,3.833984375
128.3972230157815,3.833984375
128.1153840245679,3.833984375
128.15072099328972,3.833984375
128.06279500364326,3.833984375
139.369707001606,3.833984375
129.64429301791824,3.833984375
128.79106198670343,3.833984375
128.18965400219895,3.833984375
127.92187201557681,3.833984375
128.23172297794372,3.833984375
136.89311099005863,3.833984375
129.4412820134312,3.833984375
128.30990899237804,3.833984375
127.1277820051182,3.833984375
127.06122698727995,3.833984375
135.13947199680842,3.833984375
128.64995701238513,3.833984375
129.30076799239032,3.833984375
128.05693500558846,3.833984375
127.28313298430294,3.833984375
136.60315799643286,3.833984375
128.90990398591384,3.833984375
128.4988740226254,3.833984375
127.78848098241724,3.833984375
127.11771298199892,3.833984375
133.70614300947636,3.833984375
127.05431401263922,3.833984375
126.04762599221431,3.833984375
127.29719901108183,3.833984375
126.51671498315409,3.833984375
135.37693698890507,3.833984375
127.70427300711162,3.833984375
127.65190500067547,3.833984375
129.51659300597385,3.833984375
128.34661800297908,3.833984375
131.951149989618,3.833984375
140.36126801511273,3.833984375
134.9920850188937,3.833984375
128.24361497769132,3.833984375
129.1663059964776,3.833984375
126.99206700199284,3.833984375
135.96813697949983,3.833984375
127.80715600820258,3.833984375
126.56054698163643,3.833984375
127.37155900686048,3.833984375
128.27558498247527,3.833984375
127.85235099727288,3.833984375
127.55731798824854,3.833984375
128.0885140004102,3.833984375
127.34934699255973,3.833984375
141.76276698708534,3.833984375
129.04114098637365,3.833984375
128.15586998476647,3.833984375
127.61684000724927,3.833984375
128.2415809982922,3.833984375
127.70892199478112,3.833984375
127.72012301138602,3.833984375
152.60935499100015,3.833984375
129.4509000144899,3.833984375
128.18602699553594,3.833984375
128.30561099690385,3.833984375
127.8106220124755,3.833984375
127.61022697668523,3.833984375
127.90981898433529,3.833984375
138.61376998829655,3.833984375
128.92935099080205,3.833984375
127.97927900101058,3.833984375
127.0809739944525,3.833984375
127.83543998375535,3.833984375
127.62040499364957,3.833984375
128.09428400942124,3.833984375
137.959552987013,3.833984375
128.52226800168864,3.833984375
127.79024502378888,3.833984375
127.98956799088046,3.833984375
128.3231140114367,3.833984375
128.04301900905557,3.833984375
128.0467649921775,3.833984375
137.85691000521183,3.833984375
128.47302501904778,3.833984375
126.69600200024433,3.833984375
126.3377100112848,3.833984375
126.68659398332238,3.833984375
126.03359899367206,3.833984375
126.78550998680294,3.833984375
136.7375900154002,3.833984375
127.86314100958407,3.833984375
127.26441799895838,3.833984375
127.69635798758827,3.833984375
127.24857800640166,3.833984375
127.27278401143849,3.833984375
127.31895997421816,3.833984375
138.14522000029683,3.833984375
128.8203069998417,3.833984375
128.01825199858285,3.833984375
128.35368199739605,3.833984375
127.40908999694511,3.833984375
127.97785599832423,3.833984375
126.84240599628538,3.833984375
138.39131200802512,3.833984375
128.51518398383632,3.833984375
127.91116200969554,3.833984375
128.921777009964,3.833984375
128.53442100458778,3.833984375
128.43374200747348,3.833984375
129.29132097633556,3.833984375
139.9257309967652,3.833984375
129.890042997431,3.833984375
129.20530900009908,3.833984375
128.05718599702232,3.833984375
128.16582899540663,3.833984375
127.929556008894,3.833984375
128.33083898294717,3.833984375
139.06257099006325,3.833984375
130.93844102695584,3.833984375
128.8180419942364,3.833984375
129.1798519960139,3.833984375
129.27942798705772,3.833984375
129.71651798579842,3.833984375
128.1966169772204,3.833984375
144.1947290149983,3.833984375
129.53667101101018,3.833984375
129.49258802109398,3.833984375
128.559848992154,3.833984375
128.9368249999825,3.833984375
128.2657560077496,3.833984375
138.33673001499847,3.833984375
128.90979499206878,3.833984375
126.8567529914435,3.833984375
125.97774399910122,3.833984375
126.30111101316288,3.833984375
132.75588999385945,3.833984375
127.2905969817657,3.833984375
125.44521497329697,3.833984375
125.01027999678627,3.833984375
125.99733099341393,3.833984375
146.04231601697393,3.833984375
125.23987999884412,3.833984375
125.02731100539677,3.833984375
124.9192179820966,3.833984375
124.63075702544302,3.833984375
134.27491998299956,3.833984375
125.51520601846278,3.833984375
126.6194480122067,3.833984375
126.43368900171481,3.833984375
126.1267340159975,3.833984375
126.4994129887782,3.833984375
126.09935298678465,3.833984375
126.34399099624716,3.833984375
126.955629006261,3.833984375
128.1211349996738,3.833984375
145.69801901234314,3.833984375
128.45083299907856,3.833984375
127.73457000730559,3.833984375
128.05064301937819,3.833984375
128.56931597343646,3.833984375
136.50242899893783,3.833984375
130.01102101407014,3.833984375
129.80956200044602,3.833984375
128.81212099455297,3.833984375
128.22508998215199,3.833984375
128.0662530043628,3.833984375
129.51667301240377,3.833984375
129.15855200844817,3.833984375
128.36680599139072,3.833984375
128.3251580025535,3.833984375
128.17642898880877,3.833984375
145.54626500466838,3.833984375
130.77672699000686,3.833984375
128.30084201414138,3.833984375
128.93037300091237,3.833984375
128.207036992535,3.833984375
128.2928169821389,3.833984375
127.9319399909582,3.833984375
141.24914299463853,3.833984375
130.83104899851605,3.833984375
130.34556902130134,3.833984375
128.9045549929142,3.833984375
128.9356740016956,3.833984375
128.14636298571713,3.833984375
129.3705290008802,3.833984375
140.21140697877854,3.833984375
131.02808900293894,3.833984375
129.20964698423631,3.833984375
129.09270799718797,3.833984375
127.7551680104807,3.833984375
127.7873289946001,3.833984375
127.13864201214164,3.833984375
137.77771100285463,3.833984375
128.51354197482578,3.833984375
125.86569398990832,3.833984375
124.9050320184324,3.833984375
124.30413402034901,3.833984375
124.20207398827188,3.833984375
123.3939069788903,3.833984375
132.8034799953457,3.833984375
123.73103000572883,3.833984375
123.27082597767003,3.833984375
125.45200801105238,3.833984375
123.97396599408239,3.833984375
124.48387101176195,3.833984375
131.75583397969604,3.833984375
125.16306599718519,3.833984375
124.78268198901787,3.833984375
125.45565501204692,3.833984375
124.446441011969,3.833984375
126.62333500338718,3.833984375
127.0251389942132,3.833984375
138.0537390068639,3.833984375
128.63914700574242,3.833984375
132.5267200008966,3.833984375
129.67200399725698,3.833984375
128.53758700657636,3.833984375
131.45636199624278,3.833984375
131.98402200941928,3.833984375
138.99322098586708,3.833984375
131.95138101582415,3.833984375
129.63719997787848,3.833984375
129.85732199740596,3.833984375
130.05525301559828,3.833984375
130.43976502376609,3.833984375
129.47124798665754,3.833984375
162.8436250030063,3.833984375
130.36941300379112,3.833984375
128.78295700647868,3.833984375
129.05280297854915,3.833984375
128.68461199104786,3.833984375
129.44096099818125,3.833984375
129.18259698199108,3.833984375
140.6762780097779,3.833984375
130.05475301179104,3.833984375
128.9065190067049,3.833984375
130.01054001506418,3.833984375
224829.21706701745,3.833984375
228.5071189980954,3.833984375
129.8240390024148,3.833984375
141.6058930044528,3.833984375
132.52598899998702,3.833984375
130.53395101451315,3.833984375
129.72017499851063,3.833984375
129.77631099056453,3.833984375
134.60518899955787,3.833984375
138.00415501464158,3.833984375
128.81613001809455,3.833984375
127.76928499806672,3.833984375
128.04527301341295,3.833984375
136.52582201757468,3.833984375
131.04422899778,3.833984375
135.1021719747223,3.833984375
128.00076001440175,3.833984375
133.58552599675022,3.833984375
125.91588799841702,3.833984375
125.1761199964676,3.833984375
123.6245899926871,3.833984375
126.60629299352877,3.833984375
135.12988298316486,3.833984375
130.04364201333374,3.833984375
125.24209401453845,3.833984375
125.07386901415884,3.833984375
125.55941002210602,3.833984375
125.90135002392344,3.833984375
125.70955097908154,3.833984375
140.22062401636504,3.833984375
128.5770800022874,3.833984375
127.73745501181111,3.833984375
130.61622600071132,3.833984375
132.8815349843353,3.833984375
130.0019429763779,3.833984375
130.64815499819815,3.833984375
140.20255001378246,3.833984375
129.15992402122356,3.833984375
127.5561960064806,3.833984375
126.9700359844137,3.833984375
126.6792000096757,3.833984375
127.84252199344337,3.833984375
127.735671994742,3.833984375
142.7377060172148,3.833984375
131.29481999203563,3.833984375
147.68414499121718,3.833984375
131.23969500884414,3.833984375
147.57059200201184,3.833984375
155.38889900199138,3.833984375
139.23512498149648,3.833984375
142.98645200324245,3.833984375
130.0892170111183,3.833984375
128.24363500112668,3.833984375
127.96669598901644,3.833984375
129.9604759842623,3.833984375
128.24712099973112,3.833984375
139.63365301606245,3.833984375
133.6861960007809,3.833984375
128.3217309974134,3.833984375
128.52821897831745,3.833984375
128.7577300099656,3.833984375
128.9238420140464,3.833984375
136.44502102397382,3.833984375
128.4967900137417,3.833984375
130.07224598550238,3.833984375
129.0180679934565,3.833984375
130.7131480134558,3.833984375
126.85983901610598,3.833984375
144.99164401786402,3.833984375
125.74890500400215,3.833984375
126.57041600323282,3.833984375
129.7493900055997,3.833984375
129.73285900079645,3.833984375
125.9742179827299,3.833984375
125.87272701784968,3.833984375
154.16510301292874,3.833984375
127.23868998000398,3.833984375
126.6486230015289,3.833984375
125.41142202098854,3.833984375
125.59783100732602,3.833984375
125.58452601660974,3.833984375
146.75129600800574,3.833984375
129.19432899798267,3.833984375
129.44145299843512,3.833984375
130.6289799977094,3.833984375
130.61450299574062,3.833984375
139.15132798138075,3.833984375
129.98285799403675,3.833984375
132.15080500231124,3.833984375
133.17355298204347,3.833984375
128.6992600071244,3.833984375
136.23715098947287,3.833984375
129.3431679951027,3.833984375
130.3393259877339,3.833984375
130.0502739904914,3.833984375
132.34160299180076,3.833984375
137.2812599875033,3.833984375
130.8623869845178,3.833984375
128.14192398218438,3.833984375
129.9748930032365,3.833984375
133.8782759848982,3.833984375
134.5252099854406,3.833984375
131.1497269780375,3.833984375
131.19460101006553,3.833984375
130.51065799663775,3.833984375
143.50791097967885,3.833984375
131.36474002385512,3.833984375
129.74071301869117,3.833984375
133.41947499429807,3.833984375
130.7368720008526,3.833984375
145.71978998719715,3.833984375
129.15708901709877,3.833984375
127.66299600480124,3.833984375
127.69842200214043,3.833984375
127.03396601136774,3.833984375
127.04948498867452,3.833984375
126.04511002427898,3.833984375
126.97407399537042,3.833984375
126.47807301254943,3.833984375
141.73598698107526,3.833984375
127.63891098438762,3.833984375
124.87155900453217,3.833984375
123.39224401512183,3.833984375
124.85904499772005,3.833984375
131.94019999355078,3.833984375
124.23416299861856,3.833984375
146.85460898908786,3.833984375
138.2068960228935,3.833984375
135.55934900068678,3.833984375
130.70677599171177,3.833984375
156.74517399747856,3.833984375
135.09439799236134,3.833984375
135.35950498771854,3.833984375
152.85600800416432,3.833984375
133.2063050067518,3.833984375
132.15743799810298,3.833984375
128.2427129917778,3.833984375
130.06085398956202,3.833984375
129.87190001877025,3.833984375
137.49995999387465,3.833984375
138.1228980026208,3.833984375
132.18245501047932,3.833984375
130.81800399231724,3.833984375
128.42457499937154,3.833984375
127.6430879952386,3.833984375
157.54717800882645,3.833984375
131.20005099335685,3.833984375
131.6581610008143,3.833984375
129.78922497131862,3.833984375
130.47121398267336,3.833984375
127.30692798504606,3.833984375
128.11742900521494,3.833984375
137.1824849920813,3.833984375
129.0808659978211,3.833984375
126.61376700270921,3.833984375
128.61867900937796,3.833984375
126.21221400331706,3.833984375
128.67192798876204,3.833984375
126.67701600003056,3.833984375
137.5802610127721,3.833984375
129.78958498570137,3.833984375
130.83202100824565,3.833984375
129.17773801018484,3.833984375
130.73004898615181,3.833984375
129.00206798803993,3.833984375
129.38153897994198,3.833984375
141.5338270016946,3.833984375
129.14390399237163,3.833984375
130.30627398984507,3.833984375
127.12184101110324,3.833984375
124.58761699963361,3.833984375
132.74606099002995,3.833984375
135.3223549958784,3.833984375
128.13385901972651,3.833984375
127.33486999059096,3.833984375
128.4112599969376,3.833984375
128.07945697568357,3.833984375
128.34655799088068,3.833984375
139.6607039787341,3.833984375
127.93749099364504,3.833984375
127.1801599941682,3.833984375
127.221308008302,3.833984375
132.24090400035493,3.833984375
134.79242101311684,3.833984375
131.5176869975403,3.833984375
176.39223102014512,3.833984375
134.88750898977742,3.833984375
133.08571898960508,3.833984375
132.5580590055324,3.833984375
134.08435200108215,3.833984375
132.2704199992586,3.833984375
149.62398499483243,3.833984375
134.80619600159116,3.833984375
140.15131301130168,3.833984375
137.2752179740928,3.833984375
138.51053500548005,3.833984375
151.80662900093012,3.833984375
141.9312829966657,3.833984375
132.980010996107,3.833984375
132.0568390074186,3.833984375
143.28938099788502,3.833984375
140.6813980138395,3.833984375
133.52672598557547,3.833984375
129.28987698978744,3.833984375
128.17380399792455,3.833984375
128.69528197916225,3.833984375
137.70593600929715,3.833984375
129.5805130212102,3.833984375
127.79085501097143,3.833984375
131.34826900204644,3.833984375
139.5006729871966,3.833984375
148.42301199678332,3.833984375
137.8121660090983,3.833984375
138.36776799871586,3.833984375
149.18628300074488,3.833984375
136.6020659916103,3.833984375
128.08234299882315,3.833984375
159.4356109853834,3.833984375
132.540496008005,3.833984375
132.0209809928201,3.833984375
134.4091409991961,3.833984375
133.12258798396215,3.833984375
148.88744297786616,3.833984375
135.1378190156538,3.833984375
133.86338800773956,3.833984375
132.38870099303313,3.833984375
131.6839499922935,3.833984375
131.6986060119234,3.833984375
131.60490099107847,3.833984375
152.0602950186003,3.833984375
131.9542069977615,3.833984375
130.96102300914936,3.833984375
130.74696197872981,3.833984375
132.65631298418157,3.833984375
132.26671199663542,3.833984375
132.1538909978699,3.833984375
151.9054850214161,3.833984375
135.2617010124959,3.833984375
131.92632398568094,3.833984375
135.72488000500016,3.833984375
134.12095099920407,3.833984375
133.63911700434983,3.833984375
151.0203340149019,3.833984375
136.46756298840046,3.833984375
132.74759499472566,3.833984375
134.6634789952077,3.833984375
133.28354997793213,3.833984375
134.9374429846648,3.833984375
152.68890501465648,3.833984375
136.25595698249526,3.833984375
134.5079570019152,3.833984375
133.67349200416356,3.833984375
134.48517399956472,3.833984375
134.81472301646136,3.833984375
150.50712099764496,3.833984375
134.93325500166975,3.833984375
132.6000780100003,3.833984375
133.7917729979381,3.833984375
132.52562799607404,3.833984375
133.68675601668656,3.833984375
149.0874179871753,3.833984375
135.62774698948488,3.833984375
140.4422690102365,3.833984375
133.84759798645973,3.833984375
133.05230598780327,3.833984375
132.88164598634467,3.833984375
132.0861729909666,3.833984375
148.8669850223232,3.833984375
132.54443398909643,3.833984375
136.01955299964175,3.833984375
132.2365859814454,3.833984375
133.808004000457,3.833984375
133.36349901510403,3.833984375
131.65771999047138,3.833984375
153.66138899116777,3.833984375
134.30171000072733,3.833984375
132.63019500300288,3.833984375
134.33890900341794,3.833984375
130.4381719965022,3.833984375
131.80830198689364,3.833984375
131.58780898083933,3.833984375
154.2093570169527,3.833984375
135.22862800164148,3.833984375
134.03081099386327,3.833984375
133.7435620080214,3.833984375
135.63309799064882,3.833984375
132.06575499498285,3.833984375
151.86782399541698,3.833984375
134.14199999533594,3.833984375
132.40462099201977,3.833984375
133.13135399948806,3.833984375
136.27351899049245,3.833984375
139.14680999005213,3.833984375
182.99379700329155,3.833984375
136.86242399853654,3.833984375
135.16389700816944,3.833984375
134.42882901290432,3.833984375
135.89984900318086,3.833984375
133.8029440084938,3.833984375
150.14081398840062,3.833984375
135.78739800141193,3.833984375
135.71530202170834,3.833984375
133.07314598932862,3.833984375
133.63346600090154,3.833984375
146.4158759918064,3.833984375
144.31542600505054,3.833984375
137.17848699889146,3.833984375
137.09911800106056,3.833984375
135.94798897975124,3.833984375
142.98282499657944,3.833984375
130.4225820058491,3.833984375
129.19304601382464,3.833984375
134.04316498781554,3.833984375
128.8193950022105,3.833984375
137.6883729826659,3.833984375
130.3099209908396,3.833984375
129.32655698386952,3.833984375
127.0391049911268,3.833984375
127.1921229781583,3.833984375
134.70104901352897,3.833984375
129.62654899456538,3.833984375
129.40059500397183,3.833984375
127.95401201583445,3.833984375
127.64949997654185,3.833984375
126.53888697968796,3.833984375
127.35665097716264,3.833984375
139.44614099455066,3.833984375
133.57678998727351,3.833984375
129.32056598947383,3.833984375
128.70681399363093,3.833984375
128.21259698830545,3.833984375
127.10337599855848,3.833984375
127.59867499698885,3.833984375
128.01001701154746,3.833984375
127.4541039892938,3.833984375
152.0442859909963,3.833984375
130.76563700451516,3.833984375
128.8103490078356,3.833984375
128.8287630013656,3.833984375
128.430806013057,3.833984375
128.21695499587804,3.833984375
137.3256119841244,3.833984375
128.98132900591008,3.833984375
128.17404401721433,3.833984375
128.20961102261208,3.833984375
128.87271598447114,3.833984375
128.39114101370797,3.833984375
127.30726800509728,3.833984375
144.1219020052813,3.833984375
133.21046298369765,3.833984375
130.0296150147915,3.833984375
130.20780999795534,3.833984375
130.88077201973647,3.833984375
130.91122900368646,3.833984375
127.65409899293445,3.833984375
138.18575598997995,3.833984375
128.5861580108758,3.833984375
128.06108299992047,3.833984375
127.89787701331079,3.833984375
128.4904379863292,3.833984375
126.69809500221163,3.833984375
139.92366701131687,3.833984375
129.33755799895152,3.833984375
128.3383429981768,3.833984375
127.70370198995806,3.833984375
126.37509001069702,3.833984375
130.46908000251278,3.833984375
174.40548501326703,3.833984375
133.8449229951948,3.833984375
127.70658798399381,3.833984375
127.20315300975926,3.833984375
128.2863450178411,3.833984375
127.32499098638073,3.833984375
132.84788199234754,3.833984375
145.5618339823559,3.833984375
129.3830819777213,3.833984375
126.42051497823559,3.833984375
127.55632499465719,3.833984375
133.84498399682343,3.833984375
130.1934430084657,3.833984375
127.21645800047554,3.833984375
138.83653798257,3.833984375
131.41303000156768,3.833984375
129.1905909893103,3.833984375
128.32997701480053,3.833984375
130.33790400368161,3.833984375
128.93569402513094,3.833984375
129.6754310023971,3.833984375
139.59640299435705,3.833984375
134.76169301429763,3.833984375
130.0093980098609,3.833984375
128.9081219874788,3.833984375
127.05748999724165,3.833984375
127.99504798022099,3.833984375
127.86459398921579,3.833984375
139.84013002482243,3.833984375
130.6254240043927,3.833984375
130.6172579934355,3.833984375
130.4689600074198,3.833984375
130.36449399078265,3.833984375
129.013660014607,3.833984375
129.7971689782571,3.833984375
140.51405500504188,3.833984375
131.18970199138857,3.833984375
128.72916599735618,3.833984375
128.48320399643853,3.833984375
128.26198901166208,3.833984375
135.67262201104313,3.833984375
139.64674799353816,3.833984375
130.98100997740403,3.833984375
129.35469899093732,3.833984375
129.00919100502506,3.833984375
127.67896501463838,3.833984375
136.81697900756262,3.833984375
129.8870780155994,3.833984375
127.51249299617484,3.833984375
128.17349302349612,3.833984375
128.76755799516104,3.833984375
134.88208799390122,3.833984375
129.40884099225514,3.833984375
126.70507899019867,3.833984375
127.00807797955349,3.833984375
126.06920598773286,3.833984375
135.4757120134309,3.833984375
126.95644999621436,3.833984375
125.43459501466714,3.833984375
125.76358299702406,3.833984375
128.19600498187356,3.833984375
131.4880819991231,3.833984375
127.19201200525276,3.833984375
126.94648199249059,3.833984375
127.14516397682019,3.833984375
145.740920008393,3.833984375
130.3406189836096,3.833984375
127.56016300409101,3.833984375
129.01827800669707,3.833984375
127.10132199572399,3.833984375
136.5590650239028,3.833984375
128.8718240102753,3.833984375
128.38137400103733,3.833984375
127.17554200207815,3.833984375
126.36024100356735,3.833984375
124.85692100017332,3.833984375
125.14328898396343,3.833984375
125.35727099748328,3.833984375
127.87320002098568,3.833984375
126.07904401374981,3.833984375
157.56928999326192,3.833984375
129.2334710014984,3.833984375
139.24908102490008,3.833984375
126.3178719964344,3.833984375
126.6373910184484,3.833984375
126.63697102107108,3.833984375
127.51931700040586,3.833984375
144.48869100306183,3.833984375
136.92467100918293,3.833984375
134.3543889815919,3.833984375
135.15769600053318,3.833984375
133.17785199615173,3.833984375
129.8284579825122,3.833984375
128.6924669984728,3.833984375
143.35133699933067,3.833984375
129.40022500697523,3.833984375
129.3569830013439,3.833984375
129.09016301273368,3.833984375
128.28944000648335,3.833984375
129.56690799910575,3.833984375
141.19836801546626,3.833984375
129.79126800200902,3.833984375
130.6458909821231,3.833984375
128.14818599144928,3.833984375
128.92704701516777,3.833984375
127.77656901744194,3.833984375
127.91261399979703,3.833984375
140.27104902197607,3.833984375
130.03029700485058,3.833984375
128.91582600423135,3.833984375
129.2683570063673,3.833984375
129.1843699873425,3.833984375
129.38599800691009,3.833984375
129.8063560097944,3.833984375
143.13752599991858,3.833984375
130.52797998534516,3.833984375
132.14419299038127,3.833984375
130.0755720003508,3.833984375
130.15976001042873,3.833984375
129.3826210021507,3.833984375
128.73080899589695,3.833984375
142.6656210096553,3.833984375
131.41788000939414,3.833984375
129.64859101339243,3.833984375
129.57138498313725,3.833984375
129.38905399641953,3.833984375
128.33691001287661,3.833984375
127.46975300251506,3.833984375
139.7097550216131,3.833984375
129.90441100555472,3.833984375
129.16266900720075,3.833984375
127.61254102224484,3.833984375
127.13808100670576,3.833984375
126.48393400013447,3.833984375
126.74011499620974,3.833984375
140.07327699800953,3.833984375
127.62599598499946,3.833984375
125.55356798111461,3.833984375
126.12249600351788,3.833984375
125.5951760103926,3.833984375
126.4944739814382,3.833984375
125.24327699793503,3.833984375
138.4379800001625,3.833984375
126.46800398943014,3.833984375
127.63916101539508,3.833984375
126.8535970011726,3.833984375
127.73805699544027,3.833984375
127.65314799617045,3.833984375
129.5519990089815,3.833984375
143.75983402715065,3.833984375
131.90734799718484,3.833984375
129.89039398962632,3.833984375
128.6254309816286,3.833984375
128.11707801301964,3.833984375
128.5417740000412,3.833984375
139.40065598580986,3.833984375
131.60196601529606,3.833984375
129.87515499116853,3.833984375
131.3947169983294,3.833984375
135.3198399883695,3.833984375
158.73731102328748,3.833984375
130.50296300207265,3.833984375
130.49156201304868,3.833984375
127.90516999666579,3.833984375
129.8250520194415,3.833984375
138.71637199190445,3.833984375
131.2688199977856,3.833984375
128.0333110189531,3.833984375
127.69049700000323,3.833984375
127.27836400154047,3.833984375
136.76775700878352,3.833984375
135.145142005058,3.833984375
129.32256900239736,3.833984375
128.06278598145582,3.833984375
130.16189300105907,3.833984375
129.91850698017515,3.833984375
132.0836390077602,3.833984375
129.43831601296552,3.833984375
130.31067300471477,3.833984375
129.9602759827394,3.833984375
148.77528199576773,3.833984375
130.15731499763206,3.833984375
130.10698999278247,3.833984375
128.21108399657533,3.833984375
130.9489499835763,3.833984375
138.47547001205385,3.833984375
130.32529098563828,3.833984375
130.25946699781343,3.833984375
130.52905301447026,3.833984375
128.34344198927283,3.833984375
126.50958198355511,3.833984375
126.81724000140093,3.833984375
127.28546801372431,3.833984375
126.45143299596384,3.833984375
126.44622300285846,3.833984375
142.83690199954435,3.833984375
128.14798598992638,3.833984375
127.46729797800072,3.833984375
126.93140297778882,3.833984375
126.37152301613241,3.833984375
126.12396900658496,3.833984375
136.9840520201251,3.833984375
127.75202299235389,3.833984375
128.64945700857788,3.833984375
127.58974800817668,3.833984375
127.01643299078569,3.833984375
127.90974898962304,3.833984375
127.36960599431768,3.833984375
142.39434199407697,3.833984375
130.2508999942802,3.833984375
129.7042050282471,3.833984375
129.6802699798718,3.833984375
130.03192000905983,3.833984375
129.20925702201203,3.833984375
130.0082560046576,3.833984375
141.64848299697042,3.833984375
130.89795398991555,3.833984375
129.53413600916974,3.833984375
129.64220897993073,3.833984375
135.17379597760737,3.833984375
129.75252600153908,3.833984375
127.77726101921871,3.833984375
142.7581750031095,3.833984375
133.35791899589822,3.833984375
127.97205601236783,3.833984375
126.78083099308424,3.833984375
127.69812199985608,3.833984375
126.95636000717059,3.833984375
127.51451699296013,3.833984375
139.14203000604175,3.833984375
128.6454389919527,3.833984375
126.93397898692638,3.833984375
126.5392980130855,3.833984375
126.68454000959173,3.833984375
126.65404297877103,3.833984375
125.83561800420284,3.833984375
136.3669040147215,3.833984375
127.56148498738185,3.833984375
126.77857701783068,3.833984375
126.46692199632525,3.833984375
127.16959000681527,3.833984375
126.03723598294891,3.833984375
128.4766520257108,3.833984375
159.97659601271152,3.833984375
129.12435698672198,3.833984375
127.8271240007598,3.833984375
127.5390230002813,3.833984375
126.34799900115468,3.833984375
125.47871799324639,3.833984375
125.27605801005848,3.833984375
138.26413298374973,3.833984375
126.53761499677785,3.833984375
130.76600700151175,3.833984375
125.43905299389735,3.833984375
125.65896598971449,3.833984375
126.40337299671955,3.833984375
127.1357070072554,3.833984375
137.1999570110347,3.833984375
128.74450397794135,3.833984375
126.41284000710584,3.833984375
